produit,gamme,theme,forme,prix,note,indications,composition,description,posologie,contre_indications,points_positifs,points_negatifs,verdict,note_intelligente,avis_clients,url_image,url_product,lifecycle,texte_rag
Aide minceur,Autres,Digestif,Gélule,24.9,4.0,"– Coupe faim
– Piège les sucres et les graisses
– Facilite la digestion",Agar agar,Boite de 30 gélules,"– 3 gélules par jour 1 /4 d’heure avant les principaux repas
avec un grand verre d’eau",Glucomannane,,,,,[],https://vital.com.tn/cdn/shop/products/aide-minceur-6.jpg,https://vital.com.tn/products/aide-minceur-6/,Croissance,"Produit: Aide minceur
Gamme: Autres
Theme: Digestif
Indications: – Coupe faim
– Piège les sucres et les graisses
– Facilite la digestion
Composition: Agar agar
Points positifs: 
Verdict: 
Avis clients: "
Aktiv Vital Arteres 90 Gélules,Aktiv Vital,Autre,,34.159,2.7,"Tonifier la circulation sanguine, prévenir l'athérosclérose, maintenir la tonicité circulatoire","Macérat d'ail (huile de colza et gousses d'ail), gélatine, macérat de gui (huile de colza et gui), macérat d'aubépine (huile de colza et fruit d'aubépine)",Doppelherz® aktiv Vital Artères est une combinaison d'extraits végétaux qui agissent de manière complémentaire pour tonifier la circulation sanguine tout en préservant la jeunesse des artères.,1 à 2 gélules trois fois par jour en cure de 3 mois renouvelables,Ne pas prendre en même temps que des anticoagulants. Déconseillé aux femmes enceintes et allaitantes. Arrêter la prise au moins une semaine avant tout acte chirurgical.,"Fer fumarate hautement assimilable, enrichi en spiruline, vitamines B6/B9/B12",Nécessite une cure de 3 mois minimum,"Excellent produit pour anémie et fatigue, très bien toléré",4.6,"[""Excellent"", ""nice product"", ""Je n\u2019ai pas aim\u00e9 ces comprim\u00e9s. Ils contiennent du sulfate de zinc et m\u2019ont caus\u00e9 des effets secondaires tels que des naus\u00e9es et des maux d\u2019estomac lorsque je les ai utilis\u00e9s \u00e0 jeun. Il est donc recommand\u00e9 de les prendre apr\u00e8s avoir mang\u00e9."", ""Tres bien"", ""Haja top""]",,,Croissance/Promo,"Produit: Aktiv Vital Arteres 90 Gélules
Gamme: Aktiv Vital
Theme: Autre
Indications: Tonifier la circulation sanguine, prévenir l'athérosclérose, maintenir la tonicité circulatoire
Composition: Macérat d'ail (huile de colza et gousses d'ail), gélatine, macérat de gui (huile de colza et gui), macérat d'aubépine (huile de colza et fruit d'aubépine)
Points positifs: Fer fumarate hautement assimilable, enrichi en spiruline, vitamines B6/B9/B12
Verdict: Excellent produit pour anémie et fatigue, très bien toléré
Avis clients: Excellent | nice product | Je n’ai pas aimé ces comprimés. Ils contiennent du sulfate de zinc et m’ont causé des effets secondaires tels que des nausées et des maux d’estomac lorsque je les ai utilisés à jeun. Il est donc recommandé de les prendre après avoir mangé."
AKTIV VITAL YEUX 30 COMPRIMES,Aktiv Vital,Autre,,33.234,4.5,"Préserver la santé des yeux, réduire la fatigue oculaire, prévenir la DMLA","Huile de poisson, gélatine, vitamine C, vitamine E, lutéine, zéaxanthine, zinc, sélénium","Une formule riche en nutriments essentiels pour la santé des yeux, avec lutéine, zéaxanthine, vitamines et oméga-3.","1 gélule par jour avec un grand verre d'eau, de préférence pendant un repas",Ne pas dépasser la posologie recommandée. Tenir hors de portée des enfants.,"Fer fumarate hautement assimilable, enrichi en spiruline, vitamines B6/B9/B12",Nécessite une cure de 3 mois minimum,"Excellent produit pour anémie et fatigue, très bien toléré",4.6,"[""Excellent"", ""nice product"", ""Je n\u2019ai pas aim\u00e9 ces comprim\u00e9s. Ils contiennent du sulfate de zinc et m\u2019ont caus\u00e9 des effets secondaires tels que des naus\u00e9es et des maux d\u2019estomac lorsque je les ai utilis\u00e9s \u00e0 jeun. Il est donc recommand\u00e9 de les prendre apr\u00e8s avoir mang\u00e9."", ""Tres bien"", ""Haja top""]",,,Croissance,"Produit: AKTIV VITAL YEUX 30 COMPRIMES
Gamme: Aktiv Vital
Theme: Autre
Indications: Préserver la santé des yeux, réduire la fatigue oculaire, prévenir la DMLA
Composition: Huile de poisson, gélatine, vitamine C, vitamine E, lutéine, zéaxanthine, zinc, sélénium
Points positifs: Fer fumarate hautement assimilable, enrichi en spiruline, vitamines B6/B9/B12
Verdict: Excellent produit pour anémie et fatigue, très bien toléré
Avis clients: Excellent | nice product | Je n’ai pas aimé ces comprimés. Ils contiennent du sulfate de zinc et m’ont causé des effets secondaires tels que des nausées et des maux d’estomac lorsque je les ai utilisés à jeun. Il est donc recommandé de les prendre après avoir mangé."
Aktiv Vital Yeux 30 Gélules,Aktiv Vital,Autre,,39.632,4.9,"Préserver la santé des yeux, réduire la fatigue oculaire, prévenir la DMLA","Huile de poisson, gélatine, vitamine C, vitamine E, lutéine, zéaxanthine, zinc, sélénium","Une formule riche en nutriments essentiels pour la santé des yeux, avec lutéine, zéaxanthine, vitamines et oméga-3.","1 gélule par jour avec un grand verre d'eau, de préférence pendant un repas",Ne pas dépasser la posologie recommandée. Tenir hors de portée des enfants.,"Fer fumarate hautement assimilable, enrichi en spiruline, vitamines B6/B9/B12",Nécessite une cure de 3 mois minimum,"Excellent produit pour anémie et fatigue, très bien toléré",4.6,"[""Excellent"", ""nice product"", ""Je n\u2019ai pas aim\u00e9 ces comprim\u00e9s. Ils contiennent du sulfate de zinc et m\u2019ont caus\u00e9 des effets secondaires tels que des naus\u00e9es et des maux d\u2019estomac lorsque je les ai utilis\u00e9s \u00e0 jeun. Il est donc recommand\u00e9 de les prendre apr\u00e8s avoir mang\u00e9."", ""Tres bien"", ""Haja top""]",,,Croissance/Promo,"Produit: Aktiv Vital Yeux 30 Gélules
Gamme: Aktiv Vital
Theme: Autre
Indications: Préserver la santé des yeux, réduire la fatigue oculaire, prévenir la DMLA
Composition: Huile de poisson, gélatine, vitamine C, vitamine E, lutéine, zéaxanthine, zinc, sélénium
Points positifs: Fer fumarate hautement assimilable, enrichi en spiruline, vitamines B6/B9/B12
Verdict: Excellent produit pour anémie et fatigue, très bien toléré
Avis clients: Excellent | nice product | Je n’ai pas aimé ces comprimés. Ils contiennent du sulfate de zinc et m’ont causé des effets secondaires tels que des nausées et des maux d’estomac lorsque je les ai utilisés à jeun. Il est donc recommandé de les prendre après avoir mangé."
AKTIV VITAL YEUX+OMEGA 3 30...,Aktiv Vital,Autre,,47.877,4.5,"Préserver la santé des yeux, réduire la fatigue oculaire, prévenir la DMLA","Huile de poisson, gélatine, vitamine C, vitamine E, lutéine, zéaxanthine, zinc, sélénium","Une formule riche en nutriments essentiels pour la santé des yeux, avec lutéine, zéaxanthine, vitamines et oméga-3.","1 gélule par jour avec un grand verre d'eau, de préférence pendant un repas",Ne pas dépasser la posologie recommandée. Tenir hors de portée des enfants.,"Fer fumarate hautement assimilable, enrichi en spiruline, vitamines B6/B9/B12",Nécessite une cure de 3 mois minimum,"Excellent produit pour anémie et fatigue, très bien toléré",4.6,"[""Excellent"", ""nice product"", ""Je n\u2019ai pas aim\u00e9 ces comprim\u00e9s. Ils contiennent du sulfate de zinc et m\u2019ont caus\u00e9 des effets secondaires tels que des naus\u00e9es et des maux d\u2019estomac lorsque je les ai utilis\u00e9s \u00e0 jeun. Il est donc recommand\u00e9 de les prendre apr\u00e8s avoir mang\u00e9."", ""Tres bien"", ""Haja top""]",,,Croissance,"Produit: AKTIV VITAL YEUX+OMEGA 3 30...
Gamme: Aktiv Vital
Theme: Autre
Indications: Préserver la santé des yeux, réduire la fatigue oculaire, prévenir la DMLA
Composition: Huile de poisson, gélatine, vitamine C, vitamine E, lutéine, zéaxanthine, zinc, sélénium
Points positifs: Fer fumarate hautement assimilable, enrichi en spiruline, vitamines B6/B9/B12
Verdict: Excellent produit pour anémie et fatigue, très bien toléré
Avis clients: Excellent | nice product | Je n’ai pas aimé ces comprimés. Ils contiennent du sulfate de zinc et m’ont causé des effets secondaires tels que des nausées et des maux d’estomac lorsque je les ai utilisés à jeun. Il est donc recommandé de les prendre après avoir mangé."
Aktiv Vital Yeux+Oméga-3 30 Gélules,Aktiv Vital,Autre,,44.681,4.6,"Préserver la santé des yeux, réduire la fatigue oculaire, prévenir la DMLA","Huile de poisson, gélatine, vitamine C, vitamine E, lutéine, zéaxanthine, zinc, sélénium","Une formule riche en nutriments essentiels pour la santé des yeux, avec lutéine, zéaxanthine, vitamines et oméga-3.","1 gélule par jour avec un grand verre d'eau, de préférence pendant un repas",Ne pas dépasser la posologie recommandée. Tenir hors de portée des enfants.,"Fer fumarate hautement assimilable, enrichi en spiruline, vitamines B6/B9/B12",Nécessite une cure de 3 mois minimum,"Excellent produit pour anémie et fatigue, très bien toléré",4.6,"[""Excellent"", ""nice product"", ""Je n\u2019ai pas aim\u00e9 ces comprim\u00e9s. Ils contiennent du sulfate de zinc et m\u2019ont caus\u00e9 des effets secondaires tels que des naus\u00e9es et des maux d\u2019estomac lorsque je les ai utilis\u00e9s \u00e0 jeun. Il est donc recommand\u00e9 de les prendre apr\u00e8s avoir mang\u00e9."", ""Tres bien"", ""Haja top""]",,,Croissance/Promo,"Produit: Aktiv Vital Yeux+Oméga-3 30 Gélules
Gamme: Aktiv Vital
Theme: Autre
Indications: Préserver la santé des yeux, réduire la fatigue oculaire, prévenir la DMLA
Composition: Huile de poisson, gélatine, vitamine C, vitamine E, lutéine, zéaxanthine, zinc, sélénium
Points positifs: Fer fumarate hautement assimilable, enrichi en spiruline, vitamines B6/B9/B12
Verdict: Excellent produit pour anémie et fatigue, très bien toléré
Avis clients: Excellent | nice product | Je n’ai pas aimé ces comprimés. Ils contiennent du sulfate de zinc et m’ont causé des effets secondaires tels que des nausées et des maux d’estomac lorsque je les ai utilisés à jeun. Il est donc recommandé de les prendre après avoir mangé."
Alcool de menthe,Autres,Digestif,Liquide,6.162,,"– Difficulté de digestion
– Réduire les douleurs abdominales","Alcool, Huile essentiel de Menthe",Flacon de 37 ml,Adulte : En cas de digestion difficile appliquer quelques gouttes en massant sur l’abdomen et sur la plante des pieds,Garder hors de la portée des enfants,,,,,[],https://vital.com.tn/cdn/shop/products/alcool-de-menthe-2-2.jpg,https://vital.com.tn/products/alcool-de-menthe-2-2/,Croissance,"Produit: Alcool de menthe
Gamme: Autres
Theme: Digestif
Indications: – Difficulté de digestion
– Réduire les douleurs abdominales
Composition: Alcool, Huile essentiel de Menthe
Points positifs: 
Verdict: 
Avis clients: "
Allergiplant,Autres,Autre,,16.11,5.0,"Équilibrer la réponse du système immunitaire, réduire les symptômes allergiques","Quercétine Sophorae japonica L, Méthyl-sulfonyl-méthane (MSM), Extrait sec de Cassis",Complément alimentaire pour équilibrer la réponse du système immunitaire contre les allergies.,2 gélules par jour,,,,,,[],https://vital.com.tn/cdn/shop/products/allergiplant.jpg,https://vital.com.tn/products/allergiplant/,Croissance,"Produit: Allergiplant
Gamme: Autres
Theme: Autre
Indications: Équilibrer la réponse du système immunitaire, réduire les symptômes allergiques
Composition: Quercétine Sophorae japonica L, Méthyl-sulfonyl-méthane (MSM), Extrait sec de Cassis
Points positifs: 
Verdict: 
Avis clients: "
ALVITYL COMPRIME VITALITE...,Autres,Autre,,30.983,4.7,,,"Alvityl ALVITYL COMPRIME VITALITE... Prix 30,983 TND 5 5 5 5 Ajouter au panier",,,,,,,[],,,Croissance,"Produit: ALVITYL COMPRIME VITALITE...
Gamme: Autres
Theme: Autre
Indications: 
Composition: 
Points positifs: 
Verdict: 
Avis clients: "
ALVITYL VITALITE...,Autres,Autre,,30.983,4.7,,,"Alvityl ALVITYL VITALITE... Prix 30,983 TND 5 5 5 5 Ajouter au panier",,,,,,,[],,,Croissance,"Produit: ALVITYL VITALITE...
Gamme: Autres
Theme: Autre
Indications: 
Composition: 
Points positifs: 
Verdict: 
Avis clients: "
Amincissant Actif,Autres,Minceur,Gélule,24.0,4.0,"– Facilite les fonctions d’élimination de l’organisme
– Aide à maintenir un poids corporel normal
– Cellulite
– Obésité
– Rétention d’eau
– Brûle graisse","Orthosiphon, thé vert, Piloselle",Boite de 30 gélules,1 gélule par jour pendant 2 mois,Aucune,,,,,[],https://vital.com.tn/cdn/shop/products/amincissant-actif.jpg,https://vital.com.tn/products/amincissant-actif/,Croissance,"Produit: Amincissant Actif
Gamme: Autres
Theme: Minceur
Indications: – Facilite les fonctions d’élimination de l’organisme
– Aide à maintenir un poids corporel normal
– Cellulite
– Obésité
– Rétention d’eau
– Brûle graisse
Composition: Orthosiphon, thé vert, Piloselle
Points positifs: 
Verdict: 
Avis clients: "
Angiplant Gorge 20 ml Plantherapie Vital,Autres,Autre,,8.657,5.0,"Apaiser la gorge irritée, adoucir les tissus enflammés, assainir la gorge","Propolis, extrait sec de Guimauve, extrait sec d'Eucalyptus, extrait sec de Thym, Vitamine C, extrait sec d'Eryzimum","Spray triple action pour la gorge : antiseptique, anti-inflammatoire et cicatrisant.","3 pulvérisations au niveau de la gorge, 3 à 4 fois par jour",,"Fer fumarate hautement assimilable, enrichi en spiruline, vitamines B6/B9/B12",Nécessite une cure de 3 mois minimum,"Excellent produit pour anémie et fatigue, très bien toléré",4.6,"[""behi barcha"", ""gout du miel et de plantes"", ""Excellent"", ""nice product"", ""Je n\u2019ai pas aim\u00e9 ces comprim\u00e9s. Ils contiennent du sulfate de zinc et m\u2019ont caus\u00e9 des effets secondaires tels que des naus\u00e9es et des maux d\u2019estomac lorsque je les ai utilis\u00e9s \u00e0 jeun. Il est donc recommand\u00e9 de les prendre apr\u00e8s avoir mang\u00e9.""]",,,Croissance/Promo,"Produit: Angiplant Gorge 20 ml Plantherapie Vital
Gamme: Autres
Theme: Autre
Indications: Apaiser la gorge irritée, adoucir les tissus enflammés, assainir la gorge
Composition: Propolis, extrait sec de Guimauve, extrait sec d'Eucalyptus, extrait sec de Thym, Vitamine C, extrait sec d'Eryzimum
Points positifs: Fer fumarate hautement assimilable, enrichi en spiruline, vitamines B6/B9/B12
Verdict: Excellent produit pour anémie et fatigue, très bien toléré
Avis clients: behi barcha | gout du miel et de plantes | Excellent"
Angiplant Sirops,Autres,Autre,Liquide,8.5,5.0,"Apaiser la gorge irritée, adoucir les tissus enflammés, assainir la gorge","Propolis, extrait sec de Guimauve, extrait sec d'Eucalyptus, extrait sec de Thym, Vitamine C, extrait sec d'Eryzimum","Spray triple action pour la gorge : antiseptique, anti-inflammatoire et cicatrisant.","3 pulvérisations au niveau de la gorge, 3 à 4 fois par jour",,,,,,[],https://vital.com.tn/cdn/shop/products/angiplant.jpg,https://vital.com.tn/products/angiplant/,Croissance,"Produit: Angiplant Sirops
Gamme: Autres
Theme: Autre
Indications: Apaiser la gorge irritée, adoucir les tissus enflammés, assainir la gorge
Composition: Propolis, extrait sec de Guimauve, extrait sec d'Eucalyptus, extrait sec de Thym, Vitamine C, extrait sec d'Eryzimum
Points positifs: 
Verdict: 
Avis clients: "
Angiplant Spray,Autres,Autre,Spray,9.666,5.0,"Apaiser la gorge irritée, adoucir les tissus enflammés, assainir la gorge","Propolis, extrait sec de Guimauve, extrait sec d'Eucalyptus, extrait sec de Thym, Vitamine C, extrait sec d'Eryzimum","Spray triple action pour la gorge : antiseptique, anti-inflammatoire et cicatrisant.","3 pulvérisations au niveau de la gorge, 3 à 4 fois par jour",,,,,,"[""behi barcha""]",https://vital.com.tn/cdn/shop/products/angiplant-spray-2.jpg,https://vital.com.tn/products/angiplant-spray-2/,Croissance,"Produit: Angiplant Spray
Gamme: Autres
Theme: Autre
Indications: Apaiser la gorge irritée, adoucir les tissus enflammés, assainir la gorge
Composition: Propolis, extrait sec de Guimauve, extrait sec d'Eucalyptus, extrait sec de Thym, Vitamine C, extrait sec d'Eryzimum
Points positifs: 
Verdict: 
Avis clients: behi barcha"
ARGIDERM,Autres,Beauté/Peau,Savon,6.9,4.5,– Soin et traitement des peaux très sensibles,"Argile, Miel, Huile d'olive",Savon de 90 gr,Usage quotidien,Aucune,,,,,[],https://vital.com.tn/cdn/shop/products/argiderm-3.jpg,https://vital.com.tn/products/argiderm-3/,Croissance,"Produit: ARGIDERM
Gamme: Autres
Theme: Beauté/Peau
Indications: – Soin et traitement des peaux très sensibles
Composition: Argile, Miel, Huile d'olive
Points positifs: 
Verdict: 
Avis clients: "
ASHWAGANDHA,Autres,Energie,Gélule,16.9,4.83,"• Aide à maintenir un niveau d’énergie optimal
• Contribue à l’équilibre émotionnel et à la résistance au stress
• Aide à stimuler la libido",,60 Gélules,,,,,,,[],https://vital.com.tn/cdn/shop/products/ashwagandha.jpg,https://vital.com.tn/products/ashwagandha/,Maturité,"Produit: ASHWAGANDHA
Gamme: Autres
Theme: Energie
Indications: • Aide à maintenir un niveau d’énergie optimal
• Contribue à l’équilibre émotionnel et à la résistance au stress
• Aide à stimuler la libido
Composition: 
Points positifs: 
Verdict: 
Avis clients: "
CALMO dent,Autres,Autre,Autre,3.996,,– Soulage le mal des dents,"Huile essentielle de girofle, Huile essentielle de menthe",Tube de 4gr,"– Appliquer sur la dent ou la gencive, directement avec votre doit ou avec un bout de coton",,,,,,[],https://vital.com.tn/cdn/shop/products/calmo-dent.jpg,https://vital.com.tn/products/calmo-dent/,Croissance,"Produit: CALMO dent
Gamme: Autres
Theme: Autre
Indications: – Soulage le mal des dents
Composition: Huile essentielle de girofle, Huile essentielle de menthe
Points positifs: 
Verdict: 
Avis clients: "
Calmoss Antiacide,Calmoss,Digestif,Autre,7.5,4.89,"Équilibre acido-basique de l'estomac, fonctionnement normal des enzymes digestives",Carbonate de calcium,Complément alimentaire pour le bien-être.,"1 à 4 comprimés par jour, à partir de 12 ans","Allergie à l'un des composants, lithiases rénales oxalocalciques, troubles de métabolisme de fer",,,,,[],https://vital.com.tn/cdn/shop/products/calmoss-antiacide.jpg,https://vital.com.tn/products/calmoss-antiacide/,Maturité,"Produit: Calmoss Antiacide
Gamme: Calmoss
Theme: Digestif
Indications: Équilibre acido-basique de l'estomac, fonctionnement normal des enzymes digestives
Composition: Carbonate de calcium
Points positifs: 
Verdict: 
Avis clients: "
Calmoss Constipation,Calmoss,Digestif,Comprimé,7.5,,Bien-être général,,Complément alimentaire pour le bien-être.,Selon les besoins,,,,,,[],https://vital.com.tn/cdn/shop/products/calmoss-constipation.jpg,https://vital.com.tn/products/calmoss-constipation/,Croissance,"Produit: Calmoss Constipation
Gamme: Calmoss
Theme: Digestif
Indications: Bien-être général
Composition: 
Points positifs: 
Verdict: 
Avis clients: "
Calmoss Gorge Cassis,Calmoss,Articulations,Comprimé,7.59,,Soulager les maux de gorge,,Complément alimentaire pour le bien-être.,Sucer les comprimés selon les besoins,,,,,,"[""behi barcha""]",https://vital.com.tn/cdn/shop/products/calmoss-gorge-cassis.jpg,https://vital.com.tn/products/calmoss-gorge-cassis/,Croissance,"Produit: Calmoss Gorge Cassis
Gamme: Calmoss
Theme: Articulations
Indications: Soulager les maux de gorge
Composition: 
Points positifs: 
Verdict: 
Avis clients: behi barcha"
Calmoss Gorge Eucalyptus,Calmoss,Articulations,Comprimé,7.59,,Soulager les maux de gorge,,Complément alimentaire pour le bien-être.,Sucer les comprimés selon les besoins,,,,,,"[""behi barcha""]",https://vital.com.tn/cdn/shop/products/calmoss-gorge-eucalyptus.jpg,https://vital.com.tn/products/calmoss-gorge-eucalyptus/,Croissance,"Produit: Calmoss Gorge Eucalyptus
Gamme: Calmoss
Theme: Articulations
Indications: Soulager les maux de gorge
Composition: 
Points positifs: 
Verdict: 
Avis clients: behi barcha"
Calmoss Gorge Kids,Calmoss,Articulations,Comprimé,7.59,,Soulager les maux de gorge,,Complément alimentaire pour le bien-être.,Sucer les comprimés selon les besoins,,,,,,"[""behi barcha""]",https://vital.com.tn/cdn/shop/products/calmoss-gorge-kids.jpg,https://vital.com.tn/products/calmoss-gorge-kids/,Croissance,"Produit: Calmoss Gorge Kids
Gamme: Calmoss
Theme: Articulations
Indications: Soulager les maux de gorge
Composition: 
Points positifs: 
Verdict: 
Avis clients: behi barcha"
Calmoss Multivitaminé,Calmoss,Energie,Comprimé,8.96,,Bien-être général,,Complément alimentaire pour le bien-être.,Selon les besoins,,,,,,[],https://vital.com.tn/cdn/shop/products/calmoss-multivitamine.jpg,https://vital.com.tn/products/calmoss-multivitamine/,Croissance,"Produit: Calmoss Multivitaminé
Gamme: Calmoss
Theme: Energie
Indications: Bien-être général
Composition: 
Points positifs: 
Verdict: 
Avis clients: "
Calmoss Rhino,Calmoss,Articulations,Comprimé,7.59,,Soulager les symptômes du rhume,,Complément alimentaire pour le bien-être.,Selon les besoins,,,,,,[],https://vital.com.tn/cdn/shop/products/calmoss-rhino.jpg,https://vital.com.tn/products/calmoss-rhino/,Croissance,"Produit: Calmoss Rhino
Gamme: Calmoss
Theme: Articulations
Indications: Soulager les symptômes du rhume
Composition: 
Points positifs: 
Verdict: 
Avis clients: "
COALVI LIPOVITAL BT/60,Autres,Autre,,47.038,4.67,"Améliorer l'état des cheveux, favoriser la croissance et la fortification","Spiruline, vitamines, minéraux",Complément alimentaire pour la santé et la vitalité.,1 gélule le matin et 1 gélule le soir,,,,,,[],,,Croissance/Promo,"Produit: COALVI LIPOVITAL BT/60
Gamme: Autres
Theme: Autre
Indications: Améliorer l'état des cheveux, favoriser la croissance et la fortification
Composition: Spiruline, vitamines, minéraux
Points positifs: 
Verdict: 
Avis clients: "
Coenzyme Q10,Autres,Autre,Gélule,32.901,4.4,"– Améliore les performances physiques
– Protège contre le vieillissement cellulaire
– Aide en période de convalescence
– Diminue la fonte musculaire
– Anti – oxydant",Coenzyme Q10,Boite de 30 gélules,– 2 gélules par jour,Aucune,"CoQ10 300mg, antioxydant puissant, énergie cellulaire",Interactions possibles avec anticoagulants,"Excellent antioxydant, particulièrement pour +40 ans et sportifs",4.4,"[""Good quality."", ""Bon Produit"", ""Bon produit . aide a rester en forme"", ""Bon rapport qualit\u00e9 prix""]",https://vital.com.tn/cdn/shop/products/coenzyme-q10.jpg,https://vital.com.tn/products/coenzyme-q10/,Croissance,"Produit: Coenzyme Q10
Gamme: Autres
Theme: Autre
Indications: – Améliore les performances physiques
– Protège contre le vieillissement cellulaire
– Aide en période de convalescence
– Diminue la fonte musculaire
– Anti – oxydant
Composition: Coenzyme Q10
Points positifs: CoQ10 300mg, antioxydant puissant, énergie cellulaire
Verdict: Excellent antioxydant, particulièrement pour +40 ans et sportifs
Avis clients: Good quality. | Bon Produit | Bon produit . aide a rester en forme"
Coffret bon appétit,Autres,Digestif,,36.59,,"Prise de poids
Stimule l’appétit
Améliore la digestion",,2 Grossivit plus vitaminé 1 Levure de bière 1 Phythothéra Spiruline,"– Grossivit plus vitaminé : 2 à 3 gélules par jour au moment des principaux repas
– Levure de bière : 2 à 3 gélules par jour au moment des repas
– Spiruline : 2 gélules par jour",,,,,,[],https://vital.com.tn/cdn/shop/products/coffret-bon-appetit-2.jpg,https://vital.com.tn/products/coffret-bon-appetit-2/,Croissance,"Produit: Coffret bon appétit
Gamme: Autres
Theme: Digestif
Indications: Prise de poids
Stimule l’appétit
Améliore la digestion
Composition: 
Points positifs: 
Verdict: 
Avis clients: "
Coffret De-tonic,Autres,Energie,,23.5,,"Draine
Elimine
Brule
vitalité",,1 Minciligne 1 Minciligne vitaminé 1 Minciligne brûle graisse 1 Phytothéra guarana,"– Minciligne Brûle graisse : 2 gélules par jour
– Minciligne Coupe faim : 2 gélules par jour
– Minciligne Vitaminé : 1 sachet par jour pur ou dilué dans 1,5 L d’eau, les boire le long de la journée, loin des repas
– Guarana : 1 gélule le matin",,,,,,[],https://vital.com.tn/cdn/shop/products/coffret-de-tonic.jpg,https://vital.com.tn/products/coffret-de-tonic/,Croissance,"Produit: Coffret De-tonic
Gamme: Autres
Theme: Energie
Indications: Draine
Elimine
Brule
vitalité
Composition: 
Points positifs: 
Verdict: 
Avis clients: "
Coffret Detox,Autres,Minceur,,43.5,5.0,"Draine
Elimine
Brule
Purifie",,1 Minciligne 9 plantes 1 Minciligne draineur 1 Minciligne brûle graisse 1 GPS artichaut,"– Minciligne 9 plantes : Diluer une dose dans 1,5 L d’eau, les boire le long de la journée, loin des repas
– Minciligne Draineur : 2 gélules par jour
– Minciligne Brûle graisse : 2 gélules par jour
– GPS Artichaut : 1 gélule le matin 1 gélule le soir",,,,,,[],https://vital.com.tn/cdn/shop/products/coffret-detox-2.jpg,https://vital.com.tn/products/coffret-detox-2/,Croissance,"Produit: Coffret Detox
Gamme: Autres
Theme: Minceur
Indications: Draine
Elimine
Brule
Purifie
Composition: 
Points positifs: 
Verdict: 
Avis clients: "
Cosmopharma Vital Vaseline Glycérine Pommade 40 Gr,Autres,Articulations,,5.523,4.6,"Hydrater les zones sèches, adoucir les coudes, genoux et mains, protéger les lèvres","Vaseline, glycérine","Soin polyvalent qui agit comme hydratant et lubrifiant, idéal pour tous types de peaux.",Appliquer sur les zones sèches ou fragilisées et masser doucement jusqu'à absorption,,"Fer fumarate hautement assimilable, enrichi en spiruline, vitamines B6/B9/B12",Nécessite une cure de 3 mois minimum,"Excellent produit pour anémie et fatigue, très bien toléré",4.6,"[""Excellent"", ""nice product"", ""Je n\u2019ai pas aim\u00e9 ces comprim\u00e9s. Ils contiennent du sulfate de zinc et m\u2019ont caus\u00e9 des effets secondaires tels que des naus\u00e9es et des maux d\u2019estomac lorsque je les ai utilis\u00e9s \u00e0 jeun. Il est donc recommand\u00e9 de les prendre apr\u00e8s avoir mang\u00e9."", ""Tres bien"", ""Haja top""]",,,Croissance/Promo,"Produit: Cosmopharma Vital Vaseline Glycérine Pommade 40 Gr
Gamme: Autres
Theme: Articulations
Indications: Hydrater les zones sèches, adoucir les coudes, genoux et mains, protéger les lèvres
Composition: Vaseline, glycérine
Points positifs: Fer fumarate hautement assimilable, enrichi en spiruline, vitamines B6/B9/B12
Verdict: Excellent produit pour anémie et fatigue, très bien toléré
Avis clients: Excellent | nice product | Je n’ai pas aimé ces comprimés. Ils contiennent du sulfate de zinc et m’ont causé des effets secondaires tels que des nausées et des maux d’estomac lorsque je les ai utilisés à jeun. Il est donc recommandé de les prendre après avoir mangé."
Cosmopharma Vital Vaseline Pommade 40 Gr,Autres,Articulations,,4.03,4.6,"Hydrater les zones sèches, adoucir les coudes, genoux et mains, protéger les lèvres","Vaseline, glycérine","Soin polyvalent qui agit comme hydratant et lubrifiant, idéal pour tous types de peaux.",Appliquer sur les zones sèches ou fragilisées et masser doucement jusqu'à absorption,,"Fer fumarate hautement assimilable, enrichi en spiruline, vitamines B6/B9/B12",Nécessite une cure de 3 mois minimum,"Excellent produit pour anémie et fatigue, très bien toléré",4.6,"[""Excellent"", ""nice product"", ""Je n\u2019ai pas aim\u00e9 ces comprim\u00e9s. Ils contiennent du sulfate de zinc et m\u2019ont caus\u00e9 des effets secondaires tels que des naus\u00e9es et des maux d\u2019estomac lorsque je les ai utilis\u00e9s \u00e0 jeun. Il est donc recommand\u00e9 de les prendre apr\u00e8s avoir mang\u00e9."", ""Tres bien"", ""Haja top""]",,,Croissance/Promo,"Produit: Cosmopharma Vital Vaseline Pommade 40 Gr
Gamme: Autres
Theme: Articulations
Indications: Hydrater les zones sèches, adoucir les coudes, genoux et mains, protéger les lèvres
Composition: Vaseline, glycérine
Points positifs: Fer fumarate hautement assimilable, enrichi en spiruline, vitamines B6/B9/B12
Verdict: Excellent produit pour anémie et fatigue, très bien toléré
Avis clients: Excellent | nice product | Je n’ai pas aimé ces comprimés. Ils contiennent du sulfate de zinc et m’ont causé des effets secondaires tels que des nausées et des maux d’estomac lorsque je les ai utilisés à jeun. Il est donc recommandé de les prendre après avoir mangé."
COSMOPHARMA VITAL VASELINE POMMADE 40GR,Autres,Articulations,,4.0,4.6,"Hydrater les zones sèches, adoucir les coudes, genoux et mains, protéger les lèvres","Vaseline, glycérine","Soin polyvalent qui agit comme hydratant et lubrifiant, idéal pour tous types de peaux.",Appliquer sur les zones sèches ou fragilisées et masser doucement jusqu'à absorption,,"Fer fumarate hautement assimilable, enrichi en spiruline, vitamines B6/B9/B12",Nécessite une cure de 3 mois minimum,"Excellent produit pour anémie et fatigue, très bien toléré",4.6,"[""Excellent"", ""nice product"", ""Je n\u2019ai pas aim\u00e9 ces comprim\u00e9s. Ils contiennent du sulfate de zinc et m\u2019ont caus\u00e9 des effets secondaires tels que des naus\u00e9es et des maux d\u2019estomac lorsque je les ai utilis\u00e9s \u00e0 jeun. Il est donc recommand\u00e9 de les prendre apr\u00e8s avoir mang\u00e9."", ""Tres bien"", ""Haja top""]",,,Croissance,"Produit: COSMOPHARMA VITAL VASELINE POMMADE 40GR
Gamme: Autres
Theme: Articulations
Indications: Hydrater les zones sèches, adoucir les coudes, genoux et mains, protéger les lèvres
Composition: Vaseline, glycérine
Points positifs: Fer fumarate hautement assimilable, enrichi en spiruline, vitamines B6/B9/B12
Verdict: Excellent produit pour anémie et fatigue, très bien toléré
Avis clients: Excellent | nice product | Je n’ai pas aimé ces comprimés. Ils contiennent du sulfate de zinc et m’ont causé des effets secondaires tels que des nausées et des maux d’estomac lorsque je les ai utilisés à jeun. Il est donc recommandé de les prendre après avoir mangé."
Dermacne,Derma,Beauté/Peau,Savon,11.601,,Soin des peaux acnéiques,"Romarin, Huile de paraffine, Huile essentielle d'arbre de thé, Acide salicylique",Savon de 90 gr,Usage quotidien,,,,,,[],https://vital.com.tn/cdn/shop/products/dermacne-3.jpg,https://vital.com.tn/products/dermacne-3/,Croissance,"Produit: Dermacne
Gamme: Derma
Theme: Beauté/Peau
Indications: Soin des peaux acnéiques
Composition: Romarin, Huile de paraffine, Huile essentielle d'arbre de thé, Acide salicylique
Points positifs: 
Verdict: 
Avis clients: "
Dermacné ( crème ),Derma,Beauté/Peau,,11.089,,"Purifier et hydrater la peau, réduire les imperfections cutanées, soigner la peau acnéique","Beurre de Karité, Huile d'amande douce, Vitamine A, Acide salicylique, Sulfate de zinc",Soin réparateur et purifiant pour les peaux à tendance acnéique.,"Appliquer une noisette de crème sur peau nettoyée, matin et soir",,,,,,[],https://vital.com.tn/cdn/shop/products/dermacne-creme.jpg,https://vital.com.tn/products/dermacne-creme/,Croissance,"Produit: Dermacné ( crème )
Gamme: Derma
Theme: Beauté/Peau
Indications: Purifier et hydrater la peau, réduire les imperfections cutanées, soigner la peau acnéique
Composition: Beurre de Karité, Huile d'amande douce, Vitamine A, Acide salicylique, Sulfate de zinc
Points positifs: 
Verdict: 
Avis clients: "
Dermacné ( gel nettoyant ),Derma,Beauté/Peau,,11.241,,"Purifier et hydrater la peau, réduire les imperfections cutanées, soigner la peau acnéique","Agents nettoyants doux, extrait de thé vert",Soin réparateur et purifiant pour les peaux à tendance acnéique.,"Appliquer sur peau humide, masser puis rincer",,,,,,[],https://vital.com.tn/cdn/shop/products/dermacne-gel-nettoyant.jpg,https://vital.com.tn/products/dermacne-gel-nettoyant/,Croissance,"Produit: Dermacné ( gel nettoyant )
Gamme: Derma
Theme: Beauté/Peau
Indications: Purifier et hydrater la peau, réduire les imperfections cutanées, soigner la peau acnéique
Composition: Agents nettoyants doux, extrait de thé vert
Points positifs: 
Verdict: 
Avis clients: "
Dermacné (gélule),Derma,Beauté/Peau,,11.601,,"Purifier et hydrater la peau, réduire les imperfections cutanées, soigner la peau acnéique",Extraits végétaux purifiants,Soin réparateur et purifiant pour les peaux à tendance acnéique.,1 gélule par jour,,,,,,[],https://vital.com.tn/cdn/shop/products/dermacne-gelule.jpg,https://vital.com.tn/products/dermacne-gelule/,Croissance,"Produit: Dermacné (gélule)
Gamme: Derma
Theme: Beauté/Peau
Indications: Purifier et hydrater la peau, réduire les imperfections cutanées, soigner la peau acnéique
Composition: Extraits végétaux purifiants
Points positifs: 
Verdict: 
Avis clients: "
DERMADOUCE,Derma,Beauté/Peau,Savon,7.89,4.0,Soin et hygiène des peaux sèches,Huile d'amande douce,Savon de 90 gr,Usage quotidien,Aucune,,,,,[],https://vital.com.tn/cdn/shop/products/derma-douce.jpg,https://vital.com.tn/products/derma-douce/,Croissance,"Produit: DERMADOUCE
Gamme: Derma
Theme: Beauté/Peau
Indications: Soin et hygiène des peaux sèches
Composition: Huile d'amande douce
Points positifs: 
Verdict: 
Avis clients: "
DermaGyn,Derma,Autre,Gel/Crème,6.95,5.0,"Protéger et apaiser l'irritation, hygiène intime, fraîcheur et confort","Eau de rose, Aloe vera, Extrait de barbarie, Huile d'argan",Soin pour l'hygiène intime quotidienne.,"Lavage quotidien, appliquer sur peau humide puis rincer",Aucune,,,,,"[""khthitou ejebni !"", ""mche maya alekher"", ""un bon produit. l\u2019odeur est agr\u00e9able sans exc\u00e8s""]",https://vital.com.tn/cdn/shop/products/dermagyn.jpg,https://vital.com.tn/products/dermagyn/,Croissance,"Produit: DermaGyn
Gamme: Derma
Theme: Autre
Indications: Protéger et apaiser l'irritation, hygiène intime, fraîcheur et confort
Composition: Eau de rose, Aloe vera, Extrait de barbarie, Huile d'argan
Points positifs: 
Verdict: 
Avis clients: khthitou ejebni ! | mche maya alekher | un bon produit. l’odeur est agréable sans excès"
Dermagyn 200 ml,Derma,Autre,,11.176,5.0,"Protéger et apaiser l'irritation, hygiène intime, fraîcheur et confort","Eau de rose, Aloe vera, Extrait de barbarie, Huile d'argan",Soin pour l'hygiène intime quotidienne.,"Lavage quotidien, appliquer sur peau humide puis rincer",,,,,,"[""khthitou ejebni !"", ""mche maya alekher"", ""un bon produit. l\u2019odeur est agr\u00e9able sans exc\u00e8s""]",https://vital.com.tn/cdn/shop/products/dermagyn-200-ml.jpg,https://vital.com.tn/products/dermagyn-200-ml/,Croissance,"Produit: Dermagyn 200 ml
Gamme: Derma
Theme: Autre
Indications: Protéger et apaiser l'irritation, hygiène intime, fraîcheur et confort
Composition: Eau de rose, Aloe vera, Extrait de barbarie, Huile d'argan
Points positifs: 
Verdict: 
Avis clients: khthitou ejebni ! | mche maya alekher | un bon produit. l’odeur est agréable sans excès"
Dermalo,Derma,Beauté/Peau,Savon,7.62,4.0,"– Apaise et accélère la réparation de la peau
– Soin purifiant, antiseptique","Huile de cade, Acide salicylique, Goudron, Glycérine",Savon de 100 gr,Usage quotidien,Aucune,,,,,[],https://vital.com.tn/cdn/shop/products/dermalo-3.jpg,https://vital.com.tn/products/dermalo-3/,Croissance,"Produit: Dermalo
Gamme: Derma
Theme: Beauté/Peau
Indications: – Apaise et accélère la réparation de la peau
– Soin purifiant, antiseptique
Composition: Huile de cade, Acide salicylique, Goudron, Glycérine
Points positifs: 
Verdict: 
Avis clients: "
Dermasoufre,Derma,Beauté/Peau,Savon,8.186,4.0,"– Apaise et accélère la réparation de la peau
– Hygiène et soin des peaux grasses à tendance acnéiques",Soufre,Savon de 90 gr,Usage quotidien,Aucune,,,,,[],https://vital.com.tn/cdn/shop/products/dermasoufre-2.jpg,https://vital.com.tn/products/dermasoufre-2/,Croissance,"Produit: Dermasoufre
Gamme: Derma
Theme: Beauté/Peau
Indications: – Apaise et accélère la réparation de la peau
– Hygiène et soin des peaux grasses à tendance acnéiques
Composition: Soufre
Points positifs: 
Verdict: 
Avis clients: "
"Echinacée, Zinc, Vit.C",Autres,Immunité,Gélule,18.644,,"– Aide à protéger l’organisme des infections
– Stimule la protection d’anticorps
– Aide à réduire la durée du rhume","Echinacée, Zinc, Vitamine C",Boite de 30 gélules,"2 gélules par jour
Cure minimale de 3 mois",,,,,,"[""efficace""]",https://vital.com.tn/cdn/shop/products/echizinc-2.jpg,https://vital.com.tn/products/echizinc-2/,Croissance,"Produit: Echinacée, Zinc, Vit.C
Gamme: Autres
Theme: Immunité
Indications: – Aide à protéger l’organisme des infections
– Stimule la protection d’anticorps
– Aide à réduire la durée du rhume
Composition: Echinacée, Zinc, Vitamine C
Points positifs: 
Verdict: 
Avis clients: efficace"
Eveline 24K Gold Face Mask Ultra-Revitalizing,Autres,Autre,,18.259,,"Améliorer l'état de la peau, lisser intensément, restaurer l'éclat, réduire les rides","Or, thé vert, acide hyaluronique, jasmin, réglisse, concombre, camomille, allantoïne","Masque tissu coréen ultra-revitalisant, imprégné de 20ml de sérum nourrissant riche en or.","Appliquer sur visage nettoyé, laisser agir 15-20 minutes puis retirer",,,,,,[],,,Croissance/Promo,"Produit: Eveline 24K Gold Face Mask Ultra-Revitalizing
Gamme: Autres
Theme: Autre
Indications: Améliorer l'état de la peau, lisser intensément, restaurer l'éclat, réduire les rides
Composition: Or, thé vert, acide hyaluronique, jasmin, réglisse, concombre, camomille, allantoïne
Points positifs: 
Verdict: 
Avis clients: "
FerBiotic Gélules,Ferbiotic,Digestif,Gélule,25.0,,"Combler les carences en fer, meilleure absorption, meilleure biodisponibilité","Fer hautement absorbable, Acides Aminés, Prébiotique, Probiotique, Vitamines",Complément alimentaire pour combler les carences en fer avec meilleure tolérance intestinale.,1 à 2 gélules par jour,,"Fer fumarate hautement assimilable, enrichi en spiruline, vitamines B6/B9/B12",Nécessite une cure de 3 mois minimum,"Excellent produit pour anémie et fatigue, très bien toléré",4.6,"[""Good quality."", ""Bon Produit"", ""Bon produit . aide a rester en forme"", ""Bon rapport qualit\u00e9 prix"", ""Good quality. top""]",https://vital.com.tn/cdn/shop/products/ferbiotic-gelules.jpg,https://vital.com.tn/products/ferbiotic-gelules/,Croissance,"Produit: FerBiotic Gélules
Gamme: Ferbiotic
Theme: Digestif
Indications: Combler les carences en fer, meilleure absorption, meilleure biodisponibilité
Composition: Fer hautement absorbable, Acides Aminés, Prébiotique, Probiotique, Vitamines
Points positifs: Fer fumarate hautement assimilable, enrichi en spiruline, vitamines B6/B9/B12
Verdict: Excellent produit pour anémie et fatigue, très bien toléré
Avis clients: Good quality. | Bon Produit | Bon produit . aide a rester en forme"
FerBiotic Lipo,Ferbiotic,Autre,Gélule,25.0,,"Combler les carences en fer, meilleure absorption, meilleure biodisponibilité","Fer hautement absorbable, Acides Aminés, Prébiotique, Probiotique, Vitamines",Complément alimentaire pour combler les carences en fer avec meilleure tolérance intestinale.,1 à 2 gélules par jour,,,,,,[],https://vital.com.tn/cdn/shop/products/ferbiotic-lipo-2.jpg,https://vital.com.tn/products/ferbiotic-lipo-2/,Croissance,"Produit: FerBiotic Lipo
Gamme: Ferbiotic
Theme: Autre
Indications: Combler les carences en fer, meilleure absorption, meilleure biodisponibilité
Composition: Fer hautement absorbable, Acides Aminés, Prébiotique, Probiotique, Vitamines
Points positifs: 
Verdict: 
Avis clients: "
FerBiotic Sachets,Ferbiotic,Digestif,Sachet,20.96,,"Combler les carences en fer, meilleure absorption, meilleure biodisponibilité","Fer hautement absorbable, Acides Aminés, Prébiotique, Probiotique, Vitamines",Complément alimentaire pour combler les carences en fer avec meilleure tolérance intestinale.,1 à 2 gélules par jour,,,,,,[],https://vital.com.tn/cdn/shop/products/ferbiotic-sachets-2.jpg,https://vital.com.tn/products/ferbiotic-sachets-2/,Croissance,"Produit: FerBiotic Sachets
Gamme: Ferbiotic
Theme: Digestif
Indications: Combler les carences en fer, meilleure absorption, meilleure biodisponibilité
Composition: Fer hautement absorbable, Acides Aminés, Prébiotique, Probiotique, Vitamines
Points positifs: 
Verdict: 
Avis clients: "
FerBiotic Sirop,Ferbiotic,Digestif,Liquide,18.0,,"Combler les carences en fer, meilleure absorption, meilleure biodisponibilité","Fer hautement absorbable, Acides Aminés, Prébiotique, Probiotique, Vitamines",Complément alimentaire pour combler les carences en fer avec meilleure tolérance intestinale.,1 à 2 gélules par jour,,,,,,"[""efficace"", ""gout du miel et de plantes""]",https://vital.com.tn/cdn/shop/products/ferbiotic-sirop-2.jpg,https://vital.com.tn/products/ferbiotic-sirop-2/,Croissance,"Produit: FerBiotic Sirop
Gamme: Ferbiotic
Theme: Digestif
Indications: Combler les carences en fer, meilleure absorption, meilleure biodisponibilité
Composition: Fer hautement absorbable, Acides Aminés, Prébiotique, Probiotique, Vitamines
Points positifs: 
Verdict: 
Avis clients: efficace | gout du miel et de plantes"
FILORGA COFF NCEF REVITALIZE SERUM+NCEF REVIT CR15,Autres,Autre,,223.358,,"Lisser la texture de la peau, unifier le teint, améliorer l'éclat, réduire les signes de l'âge","NCEF Complex (10% de NCEF), extrait de ferment marin, acide hyaluronique, niacinamide","Sérum polyrevitalisant anti-âge pour une peau plus lisse, plus uniforme et plus lumineuse.",Appliquer matin et/ou soir sur le visage et le cou après le nettoyage,Éviter le contact avec les yeux,,,,,[],,,Croissance/Promo,"Produit: FILORGA COFF NCEF REVITALIZE SERUM+NCEF REVIT CR15
Gamme: Autres
Theme: Autre
Indications: Lisser la texture de la peau, unifier le teint, améliorer l'éclat, réduire les signes de l'âge
Composition: NCEF Complex (10% de NCEF), extrait de ferment marin, acide hyaluronique, niacinamide
Points positifs: 
Verdict: 
Avis clients: "
Filorga Coffret (Hyal Creme 50ml+NCEF Revitalize Serum 5ml+ Nutri Filler lips 4g),Autres,Autre,,147.647,,"Lisser la texture de la peau, unifier le teint, améliorer l'éclat, réduire les signes de l'âge","NCEF Complex (10% de NCEF), extrait de ferment marin, acide hyaluronique, niacinamide","Sérum polyrevitalisant anti-âge pour une peau plus lisse, plus uniforme et plus lumineuse.",Appliquer matin et/ou soir sur le visage et le cou après le nettoyage,Éviter le contact avec les yeux,,,,,"[""Good quality."", ""efficace"", ""la meilleure"", ""meilleur produit"", ""tr\u00e8s bon qualit\u00e9 prix""]",,,Croissance/Promo,"Produit: Filorga Coffret (Hyal Creme 50ml+NCEF Revitalize Serum 5ml+ Nutri Filler lips 4g)
Gamme: Autres
Theme: Autre
Indications: Lisser la texture de la peau, unifier le teint, améliorer l'éclat, réduire les signes de l'âge
Composition: NCEF Complex (10% de NCEF), extrait de ferment marin, acide hyaluronique, niacinamide
Points positifs: 
Verdict: 
Avis clients: Good quality. | efficace | la meilleure"
FILORGA COFFRET NCEF -REVITALIZE SERUM POLYREVITALISANT 30ML+CREME RAFFERMISSANTE 15ML (OFFERT),Autres,Autre,,240.0,,"Lisser la texture de la peau, unifier le teint, améliorer l'éclat, réduire les signes de l'âge","NCEF Complex (10% de NCEF), extrait de ferment marin, acide hyaluronique, niacinamide","Sérum polyrevitalisant anti-âge pour une peau plus lisse, plus uniforme et plus lumineuse.",Appliquer matin et/ou soir sur le visage et le cou après le nettoyage,Éviter le contact avec les yeux,,,,,[],,,Croissance,"Produit: FILORGA COFFRET NCEF -REVITALIZE SERUM POLYREVITALISANT 30ML+CREME RAFFERMISSANTE 15ML (OFFERT)
Gamme: Autres
Theme: Autre
Indications: Lisser la texture de la peau, unifier le teint, améliorer l'éclat, réduire les signes de l'âge
Composition: NCEF Complex (10% de NCEF), extrait de ferment marin, acide hyaluronique, niacinamide
Points positifs: 
Verdict: 
Avis clients: "
FILORGA Meso-Mask NCEF – Masque Revitalisant Triple Action 50ml,Autres,Autre,,124.663,4.25,"Revitaliser la peau, réparer la barrière cutanée, éclaircir le teint, lisser les rides","NCEF Complex, acide hyaluronique, niacinamide, PHA (gluconolactone), glycérine","Masque facial crème revitalisant triple action qui revitalise, répare la barrière cutanée et éclaircit le teint.","Appliquer 2 fois par semaine sur visage et contour des yeux, laisser agir 20 minutes puis retirer",,,,,,"[""super"", ""N\u00e9cessite un regime alimentaire aussi""]",,,Croissance/Promo,"Produit: FILORGA Meso-Mask NCEF – Masque Revitalisant Triple Action 50ml
Gamme: Autres
Theme: Autre
Indications: Revitaliser la peau, réparer la barrière cutanée, éclaircir le teint, lisser les rides
Composition: NCEF Complex, acide hyaluronique, niacinamide, PHA (gluconolactone), glycérine
Points positifs: 
Verdict: 
Avis clients: super | Nécessite un regime alimentaire aussi"
Fongiderm,Fongiderm,Autre,Savon,8.037,4.67,"Lutter contre les infections fongiques de la peau, traiter et prévenir les mycoses","Huile de noix de coco, gel d'aloe vera, huile essentielle d'arbre à thé, huile essentielle de lavande, chlorure de benzalkonium, huile de nigelle",Savon antifongique spécialement conçu pour lutter contre les infections fongiques de la peau.,"Appliquer sur la peau humide, frotter doucement puis rincer abondamment",Aucune,,,,,"[""Un des meilleurs pour moi"", ""soum behii""]",https://vital.com.tn/cdn/shop/products/fongiderm-2.jpg,https://vital.com.tn/products/fongiderm-2/,Croissance,"Produit: Fongiderm
Gamme: Fongiderm
Theme: Autre
Indications: Lutter contre les infections fongiques de la peau, traiter et prévenir les mycoses
Composition: Huile de noix de coco, gel d'aloe vera, huile essentielle d'arbre à thé, huile essentielle de lavande, chlorure de benzalkonium, huile de nigelle
Points positifs: 
Verdict: 
Avis clients: Un des meilleurs pour moi | soum behii"
FONGIDERM Antifongique Cheveux & corps,Fongiderm,Beauté/Peau,Gel/Crème,24.0,4.67,"Lutter contre les infections fongiques de la peau, traiter et prévenir les mycoses","Huile de noix de coco, gel d'aloe vera, huile essentielle d'arbre à thé, huile essentielle de lavande, chlorure de benzalkonium, huile de nigelle",Savon antifongique spécialement conçu pour lutter contre les infections fongiques de la peau.,"Appliquer sur la peau humide, frotter doucement puis rincer abondamment",Aucune,,,,,"[""Un des meilleurs pour moi"", ""soum behii""]",https://vital.com.tn/cdn/shop/products/fongiderm-antifongique-cheveux-corps.jpg,https://vital.com.tn/products/fongiderm-antifongique-cheveux-corps/,Croissance,"Produit: FONGIDERM Antifongique Cheveux & corps
Gamme: Fongiderm
Theme: Beauté/Peau
Indications: Lutter contre les infections fongiques de la peau, traiter et prévenir les mycoses
Composition: Huile de noix de coco, gel d'aloe vera, huile essentielle d'arbre à thé, huile essentielle de lavande, chlorure de benzalkonium, huile de nigelle
Points positifs: 
Verdict: 
Avis clients: Un des meilleurs pour moi | soum behii"
FONGIDERM Antifongique Crème,Fongiderm,Beauté/Peau,Gel/Crème,10.0,4.67,"Lutter contre les infections fongiques de la peau, traiter et prévenir les mycoses","Huile de noix de coco, gel d'aloe vera, huile essentielle d'arbre à thé, huile essentielle de lavande, chlorure de benzalkonium, huile de nigelle",Savon antifongique spécialement conçu pour lutter contre les infections fongiques de la peau.,"Appliquer sur la peau humide, frotter doucement puis rincer abondamment",Aucune,,,,,"[""Un des meilleurs pour moi"", ""soum behii""]",https://vital.com.tn/cdn/shop/products/fongiderm-antifongique-creme.jpg,https://vital.com.tn/products/fongiderm-antifongique-creme/,Croissance,"Produit: FONGIDERM Antifongique Crème
Gamme: Fongiderm
Theme: Beauté/Peau
Indications: Lutter contre les infections fongiques de la peau, traiter et prévenir les mycoses
Composition: Huile de noix de coco, gel d'aloe vera, huile essentielle d'arbre à thé, huile essentielle de lavande, chlorure de benzalkonium, huile de nigelle
Points positifs: 
Verdict: 
Avis clients: Un des meilleurs pour moi | soum behii"
Fongiderm Savon 90 Gr Vital,Fongiderm,Autre,,8.037,4.7,"Lutter contre les infections fongiques de la peau, traiter et prévenir les mycoses","Huile de noix de coco, gel d'aloe vera, huile essentielle d'arbre à thé, huile essentielle de lavande, chlorure de benzalkonium, huile de nigelle",Savon antifongique spécialement conçu pour lutter contre les infections fongiques de la peau.,"Appliquer sur la peau humide, frotter doucement puis rincer abondamment",Aucune,"Fer fumarate hautement assimilable, enrichi en spiruline, vitamines B6/B9/B12",Nécessite une cure de 3 mois minimum,"Excellent produit pour anémie et fatigue, très bien toléré",4.6,"[""Un des meilleurs pour moi"", ""soum behii"", ""franchement toppp"", ""Je recommande"", ""Excellent""]",,,Croissance/Promo,"Produit: Fongiderm Savon 90 Gr Vital
Gamme: Fongiderm
Theme: Autre
Indications: Lutter contre les infections fongiques de la peau, traiter et prévenir les mycoses
Composition: Huile de noix de coco, gel d'aloe vera, huile essentielle d'arbre à thé, huile essentielle de lavande, chlorure de benzalkonium, huile de nigelle
Points positifs: Fer fumarate hautement assimilable, enrichi en spiruline, vitamines B6/B9/B12
Verdict: Excellent produit pour anémie et fatigue, très bien toléré
Avis clients: Un des meilleurs pour moi | soum behii | franchement toppp"
FORTE PHARMA VITALITÉ 4G...,Autres,Energie,,67.474,,,,"Forté Pharma FORTE PHARMA VITALITÉ 4G... Prix 67,474 TND 5 5 5 5 Ajouter au panier",,,,,,,[],,,Croissance,"Produit: FORTE PHARMA VITALITÉ 4G...
Gamme: Autres
Theme: Energie
Indications: 
Composition: 
Points positifs: 
Verdict: 
Avis clients: "
GAZvit gouttes,Autres,Digestif,Autre,16.5,,"-Contribue à l’élimination des gaz intestinaux chez l’enfant
-Favorise le confort intestinal chez l’enfant",Extrait de fruits de fenouil doux - Extrait de fruit de carvi - Extrait de fleurs de camomille Matricaire,50 ml,"≤ 2 ans : 10 gouttes
> 2 ans : 20 gouttes",,,,,,[],https://vital.com.tn/cdn/shop/products/gazvit-gouttes.jpg,https://vital.com.tn/products/gazvit-gouttes/,Croissance,"Produit: GAZvit gouttes
Gamme: Autres
Theme: Digestif
Indications: -Contribue à l’élimination des gaz intestinaux chez l’enfant
-Favorise le confort intestinal chez l’enfant
Composition: Extrait de fruits de fenouil doux - Extrait de fruit de carvi - Extrait de fleurs de camomille Matricaire
Points positifs: 
Verdict: 
Avis clients: "
GAZvit sachets,Autres,Digestif,Sachet,13.9,,"-Contribue à l’élimination des gaz intestinaux chez l’enfant
-Favorise le confort intestinal chez l’enfant",Extrait de fruits de fenouil doux - Extrait de fruit de carvi - Extrait de fleurs de camomille Matricaire,20 Sachets,"≤ 2 ans : 1 sachet
> 2 ans : 2 sachets",,,,,,[],https://vital.com.tn/cdn/shop/products/gazvit-sachets.jpg,https://vital.com.tn/products/gazvit-sachets/,Croissance,"Produit: GAZvit sachets
Gamme: Autres
Theme: Digestif
Indications: -Contribue à l’élimination des gaz intestinaux chez l’enfant
-Favorise le confort intestinal chez l’enfant
Composition: Extrait de fruits de fenouil doux - Extrait de fruit de carvi - Extrait de fleurs de camomille Matricaire
Points positifs: 
Verdict: 
Avis clients: "
Gel Antiviral Bactol,Autres,Autre,Liquide,5.0,,"Désinfection, hygiène des mains",,Gel désinfectant antiviral pour l'hygiène des mains.,Appliquer sur les mains et frotter jusqu'à séchage,,,,,,[],https://vital.com.tn/cdn/shop/products/gel-antiviral-bactol.jpg,https://vital.com.tn/products/gel-antiviral-bactol/,Croissance,"Produit: Gel Antiviral Bactol
Gamme: Autres
Theme: Autre
Indications: Désinfection, hygiène des mains
Composition: 
Points positifs: 
Verdict: 
Avis clients: "
Gel Bactol professionnel,Autres,Autre,Liquide,3.564,,"Désinfection, hygiène des mains",,Gel désinfectant antiviral pour l'hygiène des mains.,"Usage professionnel, appliquer sur les mains",,,,,,[],https://vital.com.tn/cdn/shop/products/gel-bactol-professionnel.jpg,https://vital.com.tn/products/gel-bactol-professionnel/,Croissance,"Produit: Gel Bactol professionnel
Gamme: Autres
Theme: Autre
Indications: Désinfection, hygiène des mains
Composition: 
Points positifs: 
Verdict: 
Avis clients: "
Gelée Royale Gélule,Autres,Immunité,Gélule,28.467,5.0,"– Fortifiant Général
– Renforce l’immunité
– Période de surmenage",Gelée royale,Boite de 30 gélules / 20 ampoules,1 gélule/jour le matin à jeun pendant un mois. Refaire une cure tous les 6 mois.,Aucune,"Fer fumarate hautement assimilable, enrichi en spiruline, vitamines B6/B9/B12",Nécessite une cure de 3 mois minimum,"Excellent produit pour anémie et fatigue, très bien toléré",4.6,"[""Good quality."", ""Bon Produit"", ""Bon produit . aide a rester en forme"", ""Bon rapport qualit\u00e9 prix"", ""Good quality. top""]",https://vital.com.tn/cdn/shop/products/gelee-royale-5.jpg,https://vital.com.tn/products/gelee-royale-5/,Croissance,"Produit: Gelée Royale Gélule
Gamme: Autres
Theme: Immunité
Indications: – Fortifiant Général
– Renforce l’immunité
– Période de surmenage
Composition: Gelée royale
Points positifs: Fer fumarate hautement assimilable, enrichi en spiruline, vitamines B6/B9/B12
Verdict: Excellent produit pour anémie et fatigue, très bien toléré
Avis clients: Good quality. | Bon Produit | Bon produit . aide a rester en forme"
Gelée Royale sachet,Autres,Immunité,Sachet,36.65,4.67,"– Fortifiant Général
– Renforce l’immunité
– Période de surmenage",Gelée royale,20 sachets,"– Adulte: 1 sachet à jeun par jour, ( Pendant 20 jours)
– En cas de fatigue intense : 2 sachets à jeun par jour, ( Pendant 20 jours)
– Refaire une cure tous les 3 mois",Aucune,,,,,[],https://vital.com.tn/cdn/shop/products/gelee-royale-sachet.jpg,https://vital.com.tn/products/gelee-royale-sachet/,Croissance,"Produit: Gelée Royale sachet
Gamme: Autres
Theme: Immunité
Indications: – Fortifiant Général
– Renforce l’immunité
– Période de surmenage
Composition: Gelée royale
Points positifs: 
Verdict: 
Avis clients: "
Grossivit Gélule,Autres,Digestif,Gélule,26.35,4.0,"– Favorise la prise de poids
– Assure un précieux apport en éléments nutritifs*
– Améliore la digestion
– Stimule l’appétit","Extrait sec de Fenugrec, Levure de bière, Pollen d'abeille",Boite de 60 gélules,"– Adulte: 2 gélules deux fois par jour
– En cas de besoin, on peut aller jusqu’a 6 gélules",,"Fer fumarate hautement assimilable, enrichi en spiruline, vitamines B6/B9/B12",Nécessite une cure de 3 mois minimum,"Excellent produit pour anémie et fatigue, très bien toléré",4.6,"[""Good quality."", ""Bon Produit"", ""Bon produit . aide a rester en forme"", ""Bon rapport qualit\u00e9 prix"", ""Good quality. top""]",https://vital.com.tn/cdn/shop/products/grossivit-gelule.jpg,https://vital.com.tn/products/grossivit-gelule/,Croissance,"Produit: Grossivit Gélule
Gamme: Autres
Theme: Digestif
Indications: – Favorise la prise de poids
– Assure un précieux apport en éléments nutritifs*
– Améliore la digestion
– Stimule l’appétit
Composition: Extrait sec de Fenugrec, Levure de bière, Pollen d'abeille
Points positifs: Fer fumarate hautement assimilable, enrichi en spiruline, vitamines B6/B9/B12
Verdict: Excellent produit pour anémie et fatigue, très bien toléré
Avis clients: Good quality. | Bon Produit | Bon produit . aide a rester en forme"
Grossivit Sirop bébé et enfant,Autres,Digestif,Liquide,17.266,,"– Favorise la prise de poids
– Assure un précieux apport en éléments nutritifs*
– Améliore la digestion
– Stimule l’appétit","Pollen d'abeille, Extrait sec de Fenugrec, Extrait sec de Curcuma, Vit C",Flacon de 250 ml,"– Moins de 3 ans : 5ml deux fois par jour
– Plus de 3 ans : 5ml trois fois par jour",Aucune,,,,,"[""efficace"", ""gout du miel et de plantes""]",https://vital.com.tn/cdn/shop/products/grossivit-bebe-enfant.jpg,https://vital.com.tn/products/grossivit-bebe-enfant/,Croissance,"Produit: Grossivit Sirop bébé et enfant
Gamme: Autres
Theme: Digestif
Indications: – Favorise la prise de poids
– Assure un précieux apport en éléments nutritifs*
– Améliore la digestion
– Stimule l’appétit
Composition: Pollen d'abeille, Extrait sec de Fenugrec, Extrait sec de Curcuma, Vit C
Points positifs: 
Verdict: 
Avis clients: efficace | gout du miel et de plantes"
Grossivit vitaminé Gélule,Autres,Digestif,Gélule,24.264,4.8,"– Favorise la prise de Poids
– Stimule l’appétit
– Améliore la digestion
– Bien être et Vitalité","Levure de bière, Pollen, Fenugrec, vit C, fer, curcuma, calcium, vit B5,vit B6,vit B2, vit B1, vit B12, vit B3, vit B8, vit B9, sulfate de cuivre, vit A, molybdate de sodium.",Boite de 45 gélules,– 2 gélules par jour avant les repas,Aucune,"Fer fumarate hautement assimilable, enrichi en spiruline, vitamines B6/B9/B12",Nécessite une cure de 3 mois minimum,"Excellent produit pour anémie et fatigue, très bien toléré",4.6,"[""Good quality."", ""Bon Produit"", ""Bon produit . aide a rester en forme"", ""Bon rapport qualit\u00e9 prix"", ""Good quality. top""]",https://vital.com.tn/cdn/shop/products/grossivit-plus-vitamine-2.jpg,https://vital.com.tn/products/grossivit-plus-vitamine-2/,Croissance,"Produit: Grossivit vitaminé Gélule
Gamme: Autres
Theme: Digestif
Indications: – Favorise la prise de Poids
– Stimule l’appétit
– Améliore la digestion
– Bien être et Vitalité
Composition: Levure de bière, Pollen, Fenugrec, vit C, fer, curcuma, calcium, vit B5,vit B6,vit B2, vit B1, vit B12, vit B3, vit B8, vit B9, sulfate de cuivre, vit A, molybdate de sodium.
Points positifs: Fer fumarate hautement assimilable, enrichi en spiruline, vitamines B6/B9/B12
Verdict: Excellent produit pour anémie et fatigue, très bien toléré
Avis clients: Good quality. | Bon Produit | Bon produit . aide a rester en forme"
Grossivit vitaminé Sirop bébé et enfant,Autres,Digestif,Liquide,17.266,4.8,"– Favorise la prise de Poids
– Stimule l’appétit
– Améliore la digestion
– Bien être et Vitalité","Pollen d’abeille, Fenugrec, vit C, fer, curcuma, vit B5,vit B6,vit B2, vit B1, vit B12, vit B3, vit B8, vit B9, vit A , Sélénium",Flacon de 150 ml,"– Moins de 3 ans : 2,5ml par jour
– Plus de 3 ans : 5ml par jour",Aucune,,,,,"[""efficace"", ""gout du miel et de plantes""]",https://vital.com.tn/cdn/shop/products/grossivit-vitamine-sirop-bebe-et-enfant.jpg,https://vital.com.tn/products/grossivit-vitamine-sirop-bebe-et-enfant/,Croissance,"Produit: Grossivit vitaminé Sirop bébé et enfant
Gamme: Autres
Theme: Digestif
Indications: – Favorise la prise de Poids
– Stimule l’appétit
– Améliore la digestion
– Bien être et Vitalité
Composition: Pollen d’abeille, Fenugrec, vit C, fer, curcuma, vit B5,vit B6,vit B2, vit B1, vit B12, vit B3, vit B8, vit B9, vit A , Sélénium
Points positifs: 
Verdict: 
Avis clients: efficace | gout du miel et de plantes"
Guarana,Autres,Energie,Gélule,19.192,5.0,"– Etat de fatigue
– Brûle graisse",Guarana,Boite de 30 gélules,"1 gélule le matin
( Durant un mois )",Aucune,,,,,[],https://vital.com.tn/cdn/shop/products/guarana-4.jpg,https://vital.com.tn/products/guarana-4/,Croissance,"Produit: Guarana
Gamme: Autres
Theme: Energie
Indications: – Etat de fatigue
– Brûle graisse
Composition: Guarana
Points positifs: 
Verdict: 
Avis clients: "
Huile de Menthe,Autres,Digestif,Liquide,5.815,4.67,"– Difficulté de digestion
– Diminuer les flatulences","Huile minérale, Huile essentielle de menthe",Flacon de 65 ml,– Adulte et enfants: En cas de digestion difficile appliquer quelques gouttes en massant sur l’abdomen et sur la plante des pieds.,,,,,,[],https://vital.com.tn/cdn/shop/products/huile-de-menthe-2.jpg,https://vital.com.tn/products/huile-de-menthe-2/,Maturité,"Produit: Huile de Menthe
Gamme: Autres
Theme: Digestif
Indications: – Difficulté de digestion
– Diminuer les flatulences
Composition: Huile minérale, Huile essentielle de menthe
Points positifs: 
Verdict: 
Avis clients: "
Hydra,Hydra,Beauté/Peau,Gel/Crème,11.9,,"– Hydratation en profondeur de la peau
– Nutrition de la peau
– Adoucissement de la peau
– Assouplissement de la peau
– Régénération et cicatrisation cutanée","Huile d'amande douce, Beure de karité, Huile essentielle de lavande",Crème visage et corps pour une peau douce et hydratée 24H/24,Usage quotidien,,,,,,[],https://vital.com.tn/cdn/shop/products/hydra.jpg,https://vital.com.tn/products/hydra/,Croissance,"Produit: Hydra
Gamme: Hydra
Theme: Beauté/Peau
Indications: – Hydratation en profondeur de la peau
– Nutrition de la peau
– Adoucissement de la peau
– Assouplissement de la peau
– Régénération et cicatrisation cutanée
Composition: Huile d'amande douce, Beure de karité, Huile essentielle de lavande
Points positifs: 
Verdict: 
Avis clients: "
Hydra eau micellaire,Hydra,Beauté/Peau,,11.9,,"– Nettoyante
– Démaquillante
– Purifiante
– Aide à éliminer les impuretés
– Se débarrasse de l’excès de sébum
en douceur
– Laisse la peau nette et fraîche",,Peau grasse,"Appliquer matin et soir à l’aide
d’un coton sur le visage et les yeux.
Sans rinçage",,,,,,[],https://vital.com.tn/cdn/shop/products/hydra-eau-micellaire-2.jpg,https://vital.com.tn/products/hydra-eau-micellaire-2/,Croissance,"Produit: Hydra eau micellaire
Gamme: Hydra
Theme: Beauté/Peau
Indications: – Nettoyante
– Démaquillante
– Purifiante
– Aide à éliminer les impuretés
– Se débarrasse de l’excès de sébum
en douceur
– Laisse la peau nette et fraîche
Composition: 
Points positifs: 
Verdict: 
Avis clients: "
HYDRA GEL – CRÈME Nettoyant visage,Hydra,Beauté/Peau,Gel/Crème,11.9,,"• Nettoie
• Hydrate
• Apaise",,250 ML,,,,,,,[],https://vital.com.tn/cdn/shop/products/hydra-gel-creme-nettoyant-visage-2.jpg,https://vital.com.tn/products/hydra-gel-creme-nettoyant-visage-2/,Croissance,"Produit: HYDRA GEL – CRÈME Nettoyant visage
Gamme: Hydra
Theme: Beauté/Peau
Indications: • Nettoie
• Hydrate
• Apaise
Composition: 
Points positifs: 
Verdict: 
Avis clients: "
HYDRA GEL Nettoyant visage Peau Grasse,Hydra,Beauté/Peau,Gel/Crème,11.9,,"• Nettoie
• Purifie
• Matifie",,230 ML,,,,,,,[],https://vital.com.tn/cdn/shop/products/hydra-gel-nettoyant-visage-peau-grasse-2.jpg,https://vital.com.tn/products/hydra-gel-nettoyant-visage-peau-grasse-2/,Croissance,"Produit: HYDRA GEL Nettoyant visage Peau Grasse
Gamme: Hydra
Theme: Beauté/Peau
Indications: • Nettoie
• Purifie
• Matifie
Composition: 
Points positifs: 
Verdict: 
Avis clients: "
HYDRA GEL Nettoyant visage Peau Normale,Hydra,Beauté/Peau,Gel/Crème,11.9,,"• Nettoie
• Purifie
• Revitalise",,230 ML,,,,,,,[],https://vital.com.tn/cdn/shop/products/hydra-gel-nettoyant-visage-peau-normale-2.jpg,https://vital.com.tn/products/hydra-gel-nettoyant-visage-peau-normale-2/,Croissance,"Produit: HYDRA GEL Nettoyant visage Peau Normale
Gamme: Hydra
Theme: Beauté/Peau
Indications: • Nettoie
• Purifie
• Revitalise
Composition: 
Points positifs: 
Verdict: 
Avis clients: "
HYDRA GEL Nettoyant visage Peau Sèche,Hydra,Beauté/Peau,Gel/Crème,11.9,,"• Nettoie
• Purifie
• Hydrate",,230 ML,,,,,,,[],https://vital.com.tn/cdn/shop/products/hydra-gel-nettoyant-visage-peau-seche-2.jpg,https://vital.com.tn/products/hydra-gel-nettoyant-visage-peau-seche-2/,Croissance,"Produit: HYDRA GEL Nettoyant visage Peau Sèche
Gamme: Hydra
Theme: Beauté/Peau
Indications: • Nettoie
• Purifie
• Hydrate
Composition: 
Points positifs: 
Verdict: 
Avis clients: "
Hydra Lait Dermonettoyant,Hydra,Beauté/Peau,Autre,15.189,,"-Nettoie en douceur
-Purifie et apaise la peau
-Hydratation quotidienne des peaux",Huile d’Avocat - Huile de Jojoba - Huile d’Amande douce - Beurre de karité -Huile de noix de coco - Extrait de Calendula,250 ml,"Appliquer le lait démaquillant avec un coton ou du bout des doigts en massant de manière circulaire. Essuyer soigneusement à l’aide d’un coton, sans frotter. S’utilise sans rinçage.",,,,,,[],https://vital.com.tn/cdn/shop/products/hydra-lait-dermonettoyant-2.jpg,https://vital.com.tn/products/hydra-lait-dermonettoyant-2/,Croissance,"Produit: Hydra Lait Dermonettoyant
Gamme: Hydra
Theme: Beauté/Peau
Indications: -Nettoie en douceur
-Purifie et apaise la peau
-Hydratation quotidienne des peaux
Composition: Huile d’Avocat - Huile de Jojoba - Huile d’Amande douce - Beurre de karité -Huile de noix de coco - Extrait de Calendula
Points positifs: 
Verdict: 
Avis clients: "
HYDRAFINE,Hydra,Beauté/Peau,,12.0,,"Atténuer les brûlures superficielles, favoriser la cicatrisation, apaiser les piqûres",,Soin pour atténuer les brûlures superficielles et favoriser la cicatrisation.,Appliquer en couche épaisse 2 à 3 fois par jour,,,,,,[],https://vital.com.tn/cdn/shop/products/hydrafine.jpg,https://vital.com.tn/products/hydrafine/,Croissance,"Produit: HYDRAFINE
Gamme: Hydra
Theme: Beauté/Peau
Indications: Atténuer les brûlures superficielles, favoriser la cicatrisation, apaiser les piqûres
Composition: 
Points positifs: 
Verdict: 
Avis clients: "
HYDRAfine Après épilation,Hydra,Beauté/Peau,Gel/Crème,10.0,,"Atténuer les brûlures superficielles, favoriser la cicatrisation, apaiser les piqûres",,Soin pour atténuer les brûlures superficielles et favoriser la cicatrisation.,Appliquer en couche épaisse 2 à 3 fois par jour,,,,,,[],https://vital.com.tn/cdn/shop/products/hydrafine-apres-epilation-2.jpg,https://vital.com.tn/products/hydrafine-apres-epilation-2/,Croissance,"Produit: HYDRAfine Après épilation
Gamme: Hydra
Theme: Beauté/Peau
Indications: Atténuer les brûlures superficielles, favoriser la cicatrisation, apaiser les piqûres
Composition: 
Points positifs: 
Verdict: 
Avis clients: "
HYDRASCREEN after sun,Hydra,Beauté/Peau,,16.15,,"Atténuer les effets du soleil, calmer les irritations",,Protection solaire pour la peau.,Appliquer en couche épaisse 2 à 3 fois par jour,,,,,,[],https://vital.com.tn/cdn/shop/products/hydrascreen-after-sun-2.jpg,https://vital.com.tn/products/hydrascreen-after-sun-2/,Croissance,"Produit: HYDRASCREEN after sun
Gamme: Hydra
Theme: Beauté/Peau
Indications: Atténuer les effets du soleil, calmer les irritations
Composition: 
Points positifs: 
Verdict: 
Avis clients: "
HYDRAscreen Huile solaire,Hydra,Beauté/Peau,Huile,30.0,4.8,"Protéger, hydrater, effet scintillant",,Protection solaire pour la peau.,Appliquer avant l'exposition au soleil,,,,,,[],https://vital.com.tn/cdn/shop/products/hydrascreen-huile-solaire-2.jpg,https://vital.com.tn/products/hydrascreen-huile-solaire-2/,Croissance,"Produit: HYDRAscreen Huile solaire
Gamme: Hydra
Theme: Beauté/Peau
Indications: Protéger, hydrater, effet scintillant
Composition: 
Points positifs: 
Verdict: 
Avis clients: "
HYDRAscreen Huile solaire Pailletée,Hydra,Beauté/Peau,Huile,32.319,4.8,"Protéger, hydrater, effet scintillant",,Protection solaire pour la peau.,Appliquer avant l'exposition au soleil,,,,,,[],https://vital.com.tn/cdn/shop/products/hydrascreen-huile-solaire-pailletee-2.jpg,https://vital.com.tn/products/hydrascreen-huile-solaire-pailletee-2/,Croissance,"Produit: HYDRAscreen Huile solaire Pailletée
Gamme: Hydra
Theme: Beauté/Peau
Indications: Protéger, hydrater, effet scintillant
Composition: 
Points positifs: 
Verdict: 
Avis clients: "
HYDRASCREEN INVISIBLE,Hydra,Beauté/Peau,,39.9,4.0,"Protéger, apaiser, hydrater",,Protection solaire pour la peau.,Appliquer généreusement avant l'exposition au soleil,,,,,,[],https://vital.com.tn/cdn/shop/products/hydrascreen-invisible.jpg,https://vital.com.tn/products/hydrascreen-invisible/,Croissance,"Produit: HYDRASCREEN INVISIBLE
Gamme: Hydra
Theme: Beauté/Peau
Indications: Protéger, apaiser, hydrater
Composition: 
Points positifs: 
Verdict: 
Avis clients: "
HYDRAscreen Lait solaire,Hydra,Beauté/Peau,Autre,34.0,,"Protéger, apaiser, hydrater",,Protection solaire pour la peau.,Appliquer généreusement avant l'exposition au soleil,,,,,,[],https://vital.com.tn/cdn/shop/products/hydrascreen-lait-solaire-2.jpg,https://vital.com.tn/products/hydrascreen-lait-solaire-2/,Croissance,"Produit: HYDRAscreen Lait solaire
Gamme: Hydra
Theme: Beauté/Peau
Indications: Protéger, apaiser, hydrater
Composition: 
Points positifs: 
Verdict: 
Avis clients: "
HYDRASCREEN LIGHT,Hydra,Beauté/Peau,,34.0,,"Protéger, apaiser, hydrater",,Protection solaire pour la peau.,Appliquer généreusement avant l'exposition au soleil,,,,,,[],https://vital.com.tn/cdn/shop/products/hydrascreen-light.jpg,https://vital.com.tn/products/hydrascreen-light/,Croissance,"Produit: HYDRASCREEN LIGHT
Gamme: Hydra
Theme: Beauté/Peau
Indications: Protéger, apaiser, hydrater
Composition: 
Points positifs: 
Verdict: 
Avis clients: "
HYDRASCREEN MEDUIM,Hydra,Beauté/Peau,,34.0,,"Protéger, apaiser, hydrater",,Protection solaire pour la peau.,Appliquer généreusement avant l'exposition au soleil,,,,,,[],https://vital.com.tn/cdn/shop/products/hydrascreen-meduim.jpg,https://vital.com.tn/products/hydrascreen-meduim/,Croissance,"Produit: HYDRASCREEN MEDUIM
Gamme: Hydra
Theme: Beauté/Peau
Indications: Protéger, apaiser, hydrater
Composition: 
Points positifs: 
Verdict: 
Avis clients: "
HYDRAVERA,Hydra,Beauté/Peau,,12.0,,"Stimuler le renouvellement cellulaire, réduire les imperfections, peau douce et éclatante",Aloès Vera,Gel pour stimuler le renouvellement cellulaire et réduire les imperfections.,"Appliquer sur peau propre et sèche, masser légèrement",,,,,,[],https://vital.com.tn/cdn/shop/products/hydravera.jpg,https://vital.com.tn/products/hydravera/,Croissance,"Produit: HYDRAVERA
Gamme: Hydra
Theme: Beauté/Peau
Indications: Stimuler le renouvellement cellulaire, réduire les imperfections, peau douce et éclatante
Composition: Aloès Vera
Points positifs: 
Verdict: 
Avis clients: "
Lécithine de Soja,Autres,Minceur,Gélule,22.238,4.0,"– Piège les graisses
– Stimule la mémoire
– Régule le cholestérol",Phosphatidylcholine de soja,Boite de 45 gélules,3 gélules par jour Au moment des trois principaux repas,Aucune,,,,,[],https://vital.com.tn/cdn/shop/products/lecithine-de-soja-2.jpg,https://vital.com.tn/products/lecithine-de-soja-2/,Croissance,"Produit: Lécithine de Soja
Gamme: Autres
Theme: Minceur
Indications: – Piège les graisses
– Stimule la mémoire
– Régule le cholestérol
Composition: Phosphatidylcholine de soja
Points positifs: 
Verdict: 
Avis clients: "
Levure de bière,Autres,Beauté/Peau,Gélule,24.371,4.0,"– Fortifiant Général
– Période de croissance
– État de fatigue
– Santé de la peau, des ongles et des cheveux",Levure de bière : Saccharomyces cerevisiae,Boite de 60 gélules / 180 gélules,"– 3 gélules par jour à prendre au moment des repas pendant 1 à 2 mois
– Enfant à partir de 6 ans",Aucune,,,,,[],https://vital.com.tn/cdn/shop/products/levure-de-biere.jpg,https://vital.com.tn/products/levure-de-biere/,Croissance,"Produit: Levure de bière
Gamme: Autres
Theme: Beauté/Peau
Indications: – Fortifiant Général
– Période de croissance
– État de fatigue
– Santé de la peau, des ongles et des cheveux
Composition: Levure de bière : Saccharomyces cerevisiae
Points positifs: 
Verdict: 
Avis clients: "
Levure de Riz Rouge,Autres,Minceur,Gélule,28.041,4.0,"– Brûle graisse
– Baisse le cholestérol",Levure de riz rouge,Boite de 60 gélules,– 3 gélules par jour,"Femmes enceintes et allaitantes, Maladies hépatiques ou rénales, Taux anormalement élevés de transaminases, Personnes Alcooliques.",,,,,[],https://vital.com.tn/cdn/shop/products/levure-de-riz-rouge.jpg,https://vital.com.tn/products/levure-de-riz-rouge/,Croissance,"Produit: Levure de Riz Rouge
Gamme: Autres
Theme: Minceur
Indications: – Brûle graisse
– Baisse le cholestérol
Composition: Levure de riz rouge
Points positifs: 
Verdict: 
Avis clients: "
LiftCaféine,Autres,Minceur,Gel/Crème,23.305,4.0,"– Lipo-réducteur
– Lipo-draineur
– Anti – cellulite
– Elimine la graisse localisée","Extrait de lierre grimpant, Caféine, Aloé Véra",Tube de 60 gr,Appliquer deux fois par jour en massant les zones en surcharges pendant au moins 20 minutes,Aucune,,,,,[],https://vital.com.tn/cdn/shop/products/liftcafeine.jpg,https://vital.com.tn/products/liftcafeine/,Croissance,"Produit: LiftCaféine
Gamme: Autres
Theme: Minceur
Indications: – Lipo-réducteur
– Lipo-draineur
– Anti – cellulite
– Elimine la graisse localisée
Composition: Extrait de lierre grimpant, Caféine, Aloé Véra
Points positifs: 
Verdict: 
Avis clients: "
LV Acicalm Gélule,Laboratoires Vital (LV),Digestif,Gélule,9.74,4.2,"Brûlures d'estomac, remontées acides, reflux gastro-œsophagien","Bicarbonate de sodium, Extrait sec de bardane, Extrait sec de réglisse, Extrait sec de curcuma",Complément alimentaire apaisant pour les douleurs et brûlures d'estomac.,2 gélules par jour,Contre indiqué chez l'enfant,"Fer fumarate hautement assimilable, enrichi en spiruline, vitamines B6/B9/B12",Nécessite une cure de 3 mois minimum,"Excellent produit pour anémie et fatigue, très bien toléré",4.6,"[""Good quality."", ""Bon Produit"", ""Bon produit . aide a rester en forme"", ""Bon rapport qualit\u00e9 prix"", ""Good quality. top""]",https://vital.com.tn/cdn/shop/products/acicalm-gelule.jpg,https://vital.com.tn/products/acicalm-gelule/,Croissance,"Produit: LV Acicalm Gélule
Gamme: Laboratoires Vital (LV)
Theme: Digestif
Indications: Brûlures d'estomac, remontées acides, reflux gastro-œsophagien
Composition: Bicarbonate de sodium, Extrait sec de bardane, Extrait sec de réglisse, Extrait sec de curcuma
Points positifs: Fer fumarate hautement assimilable, enrichi en spiruline, vitamines B6/B9/B12
Verdict: Excellent produit pour anémie et fatigue, très bien toléré
Avis clients: Good quality. | Bon Produit | Bon produit . aide a rester en forme"
LV Acicalm Sirop,Laboratoires Vital (LV),Digestif,Liquide,16.284,4.2,"Brûlures d'estomac, remontées acides, reflux gastro-œsophagien",Extraits de plantes apaisantes,Complément alimentaire apaisant pour les douleurs et brûlures d'estomac.,Selon les besoins,Contre indiqué chez l'enfant,,,,,"[""efficace"", ""gout du miel et de plantes""]",https://vital.com.tn/cdn/shop/products/lv-acicalm-sirop.jpg,https://vital.com.tn/products/lv-acicalm-sirop/,Croissance,"Produit: LV Acicalm Sirop
Gamme: Laboratoires Vital (LV)
Theme: Digestif
Indications: Brûlures d'estomac, remontées acides, reflux gastro-œsophagien
Composition: Extraits de plantes apaisantes
Points positifs: 
Verdict: 
Avis clients: efficace | gout du miel et de plantes"
LV Arthroforce Gel,Laboratoires Vital (LV),Articulations,Gel/Crème,13.102,4.4,"Douleurs articulaires, arthrose, arthrite, tendinite","Glucosamine, Chondroïtine, Harpagophytum",Complément alimentaire pour des articulations souples et confortables.,Appliquer sur les articulations douloureuses et masser doucement,Interaction avec anticoagulants pour la forme gélule,Glucosamine + Chondroïtine + Harpagophytum + Reine des prés,Posologie élevée (6 gélules/jour réparties),"Excellent pour douleurs articulaires, formule synergique complète",4.8,"[""excellent""]",https://vital.com.tn/cdn/shop/products/lv-arthroforce-gel.jpg,https://vital.com.tn/products/lv-arthroforce-gel/,Maturité,"Produit: LV Arthroforce Gel
Gamme: Laboratoires Vital (LV)
Theme: Articulations
Indications: Douleurs articulaires, arthrose, arthrite, tendinite
Composition: Glucosamine, Chondroïtine, Harpagophytum
Points positifs: Glucosamine + Chondroïtine + Harpagophytum + Reine des prés
Verdict: Excellent pour douleurs articulaires, formule synergique complète
Avis clients: excellent"
LV Arthroforce Gélule,Laboratoires Vital (LV),Articulations,Gélule,23.715,4.4,"Douleurs articulaires, arthrose, arthrite, tendinite","Glucosamine, Chondroïtine, Extrait sec d'Harpagophytum procumbens, Reine de près, Saule, Vitamine B6, Manganèse",Complément alimentaire pour des articulations souples et confortables.,"1 gélule le matin, 1 gélule midi et 1 gélule le soir après les repas",Interaction avec anticoagulants pour la forme gélule,Glucosamine + Chondroïtine + Harpagophytum + Reine des prés,Posologie élevée (6 gélules/jour réparties),"Excellent pour douleurs articulaires, formule synergique complète",4.8,"[""excellent"", ""Good quality."", ""Bon Produit"", ""Bon produit . aide a rester en forme"", ""Bon rapport qualit\u00e9 prix""]",https://vital.com.tn/cdn/shop/products/arthroforce-2.jpg,https://vital.com.tn/products/arthroforce-2/,Maturité,"Produit: LV Arthroforce Gélule
Gamme: Laboratoires Vital (LV)
Theme: Articulations
Indications: Douleurs articulaires, arthrose, arthrite, tendinite
Composition: Glucosamine, Chondroïtine, Extrait sec d'Harpagophytum procumbens, Reine de près, Saule, Vitamine B6, Manganèse
Points positifs: Glucosamine + Chondroïtine + Harpagophytum + Reine des prés
Verdict: Excellent pour douleurs articulaires, formule synergique complète
Avis clients: excellent | Good quality. | Bon Produit"
LV Arthroforce huile,Laboratoires Vital (LV),Articulations,Huile,16.068,4.4,"Douleurs articulaires, arthrose, arthrite, tendinite","Eucalyptus, lavande, romarin, girofle, menthe, cyprès",Complément alimentaire pour des articulations souples et confortables.,Appliquer quelques gouttes d'huile et masser doucement l'articulation en cas de douleur,Interaction avec anticoagulants pour la forme gélule,Glucosamine + Chondroïtine + Harpagophytum + Reine des prés,Posologie élevée (6 gélules/jour réparties),"Excellent pour douleurs articulaires, formule synergique complète",4.8,"[""excellent""]",https://vital.com.tn/cdn/shop/products/lv-arthroforce-huile.jpg,https://vital.com.tn/products/lv-arthroforce-huile/,Maturité,"Produit: LV Arthroforce huile
Gamme: Laboratoires Vital (LV)
Theme: Articulations
Indications: Douleurs articulaires, arthrose, arthrite, tendinite
Composition: Eucalyptus, lavande, romarin, girofle, menthe, cyprès
Points positifs: Glucosamine + Chondroïtine + Harpagophytum + Reine des prés
Verdict: Excellent pour douleurs articulaires, formule synergique complète
Avis clients: excellent"
LV Crème Dalibour,Laboratoires Vital (LV),Articulations,Gel/Crème,18.097,4.0,"– Favorise la cicatrisation :
– Cicatrice post opératoire
– Circoncision
– Post laser
– Post épilatoire
– Dermites irritatives","Aloe vera, Sulfate de zin,c Oxyde de zinc, Sulfate de cuivre",Tube de 40 gr,Application 2 à 4 fois par jour,Aucune,,,,,[],https://vital.com.tn/cdn/shop/products/creme-dalibour.jpg,https://vital.com.tn/products/creme-dalibour/,Croissance,"Produit: LV Crème Dalibour
Gamme: Laboratoires Vital (LV)
Theme: Articulations
Indications: – Favorise la cicatrisation :
– Cicatrice post opératoire
– Circoncision
– Post laser
– Post épilatoire
– Dermites irritatives
Composition: Aloe vera, Sulfate de zin,c Oxyde de zinc, Sulfate de cuivre
Points positifs: 
Verdict: 
Avis clients: "
LV Cysprotect,Laboratoires Vital (LV),Immunité,Gélule,31.149,4.0,"Protéger les voies urinaires sensibles, cystites récidivantes, complément d'une antibiothérapie","Extrait de la fleur d'Hibiscus, Extrait de Canneberge",Complément alimentaire pour protéger les voies urinaires sensibles.,2 gélules par jour pendant au moins 6 mois,Aucune,,,,,[],https://vital.com.tn/cdn/shop/products/cysprorect.jpg,https://vital.com.tn/products/cysprorect/,Croissance,"Produit: LV Cysprotect
Gamme: Laboratoires Vital (LV)
Theme: Immunité
Indications: Protéger les voies urinaires sensibles, cystites récidivantes, complément d'une antibiothérapie
Composition: Extrait de la fleur d'Hibiscus, Extrait de Canneberge
Points positifs: 
Verdict: 
Avis clients: "
LV Diabemin,Laboratoires Vital (LV),Articulations,Gélule,15.251,4.0,"Réguler le taux de glucose dans le sang, traiter l'intolérance au glucose ou le diabète de type 2, diminuer le taux de cholestérol","Lupin, Chrome",Complément alimentaire pour réguler le taux de glucose dans le sang.,1 gélule 3 fois par jour avant les repas,Aucune,,,,,[],https://vital.com.tn/cdn/shop/products/diabemin-3.jpg,https://vital.com.tn/products/diabemin-3/,Croissance,"Produit: LV Diabemin
Gamme: Laboratoires Vital (LV)
Theme: Articulations
Indications: Réguler le taux de glucose dans le sang, traiter l'intolérance au glucose ou le diabète de type 2, diminuer le taux de cholestérol
Composition: Lupin, Chrome
Points positifs: 
Verdict: 
Avis clients: "
LV DYMEA Confort menstruel,Laboratoires Vital (LV),Autre,Gélule,10.926,,• Confort et soulagement aux femmes avant ou pendant les règles,,15 Capsules,,,,,,,[],https://vital.com.tn/cdn/shop/products/lv-dymea-confort-menstruel-2.jpg,https://vital.com.tn/products/lv-dymea-confort-menstruel-2/,Croissance,"Produit: LV DYMEA Confort menstruel
Gamme: Laboratoires Vital (LV)
Theme: Autre
Indications: • Confort et soulagement aux femmes avant ou pendant les règles
Composition: 
Points positifs: 
Verdict: 
Avis clients: "
LV DYMEA Crème – confort menstruel,Laboratoires Vital (LV),Autre,Gel/Crème,11.224,,• Confort et soulagement aux femmes avant ou pendant les règles,,45Gr,,,,,,,[],https://vital.com.tn/cdn/shop/products/lv-dymea-creme-confort-menstruel.jpg,https://vital.com.tn/products/lv-dymea-creme-confort-menstruel/,Croissance,"Produit: LV DYMEA Crème – confort menstruel
Gamme: Laboratoires Vital (LV)
Theme: Autre
Indications: • Confort et soulagement aux femmes avant ou pendant les règles
Composition: 
Points positifs: 
Verdict: 
Avis clients: "
LV Fersang Bisglycinate de Fer,Laboratoires Vital (LV),Digestif,Gélule,24.73,4.29,"Prévention de la carence martiale, traitement de l'anémie, fortifier le sang","Spiruline, Vitamine C, Fer (fumarate de fer), Vitamine B6, Vitamine B9, Vitamine B12",Complément alimentaire pour combattre les carences en fer et l'anémie.,1 à 2 gélules par jour pendant au moins un mois,,"Fer fumarate hautement assimilable, enrichi en spiruline, vitamines B6/B9/B12",Nécessite une cure de 3 mois minimum,"Excellent produit pour anémie et fatigue, très bien toléré",4.6,"[""Good quality. top"", ""Good quality."", ""good quality"", ""Ma nestaghnech aalih"", ""tr\u00e8s bien""]",https://vital.com.tn/cdn/shop/products/fersang-bisglycinate-de-fer.jpg,https://vital.com.tn/products/fersang-bisglycinate-de-fer/,Maturité,"Produit: LV Fersang Bisglycinate de Fer
Gamme: Laboratoires Vital (LV)
Theme: Digestif
Indications: Prévention de la carence martiale, traitement de l'anémie, fortifier le sang
Composition: Spiruline, Vitamine C, Fer (fumarate de fer), Vitamine B6, Vitamine B9, Vitamine B12
Points positifs: Fer fumarate hautement assimilable, enrichi en spiruline, vitamines B6/B9/B12
Verdict: Excellent produit pour anémie et fatigue, très bien toléré
Avis clients: Good quality. top | Good quality. | good quality"
LV Fersang Gélule,Laboratoires Vital (LV),Digestif,Gélule,22.2,4.69,"Prévention de la carence martiale, traitement de l'anémie, fortifier le sang","Spiruline, Vitamine C, Fer (fumarate de fer), Vitamine B6, Vitamine B9, Vitamine B12",Complément alimentaire pour combattre les carences en fer et l'anémie.,1 à 2 gélules par jour pendant au moins un mois,Aucune,"Fer fumarate hautement assimilable, enrichi en spiruline, vitamines B6/B9/B12",Nécessite une cure de 3 mois minimum,"Excellent produit pour anémie et fatigue, très bien toléré",4.6,"[""Good quality. top"", ""Good quality."", ""good quality"", ""Ma nestaghnech aalih"", ""tr\u00e8s bien""]",https://vital.com.tn/cdn/shop/products/fersang-2.jpg,https://vital.com.tn/products/fersang-2/,Maturité,"Produit: LV Fersang Gélule
Gamme: Laboratoires Vital (LV)
Theme: Digestif
Indications: Prévention de la carence martiale, traitement de l'anémie, fortifier le sang
Composition: Spiruline, Vitamine C, Fer (fumarate de fer), Vitamine B6, Vitamine B9, Vitamine B12
Points positifs: Fer fumarate hautement assimilable, enrichi en spiruline, vitamines B6/B9/B12
Verdict: Excellent produit pour anémie et fatigue, très bien toléré
Avis clients: Good quality. top | Good quality. | good quality"
LV Fersang junior,Laboratoires Vital (LV),Digestif,Liquide,19.0,4.69,"Prévention de la carence martiale, traitement de l'anémie, fortifier le sang","Spiruline, Vitamine C, Fer (fumarate de fer), Vitamine B6, Vitamine B9, Vitamine B12",Complément alimentaire pour combattre les carences en fer et l'anémie.,1 à 2 gélules par jour pendant au moins un mois,,"Fer fumarate hautement assimilable, enrichi en spiruline, vitamines B6/B9/B12",Nécessite une cure de 3 mois minimum,"Excellent produit pour anémie et fatigue, très bien toléré",4.6,"[""Good quality. top"", ""Good quality."", ""good quality"", ""Ma nestaghnech aalih"", ""tr\u00e8s bien""]",https://vital.com.tn/cdn/shop/products/lv-fersang-junior.jpg,https://vital.com.tn/products/lv-fersang-junior/,Maturité,"Produit: LV Fersang junior
Gamme: Laboratoires Vital (LV)
Theme: Digestif
Indications: Prévention de la carence martiale, traitement de l'anémie, fortifier le sang
Composition: Spiruline, Vitamine C, Fer (fumarate de fer), Vitamine B6, Vitamine B9, Vitamine B12
Points positifs: Fer fumarate hautement assimilable, enrichi en spiruline, vitamines B6/B9/B12
Verdict: Excellent produit pour anémie et fatigue, très bien toléré
Avis clients: Good quality. top | Good quality. | good quality"
LV Fersang Sirop,Laboratoires Vital (LV),Digestif,Liquide,18.0,4.2,"Prévention de la carence martiale, traitement de l'anémie, fortifier le sang","Fer, Vitamines B1, B2, B5, B6, B8, B9, B12, A, C, Sélénium, Spiruline",Complément alimentaire pour combattre les carences en fer et l'anémie.,Selon l'âge et les besoins,,"Fer fumarate hautement assimilable, enrichi en spiruline, vitamines B6/B9/B12",Nécessite une cure de 3 mois minimum,"Excellent produit pour anémie et fatigue, très bien toléré",4.6,"[""Good quality. top"", ""Good quality."", ""good quality"", ""Ma nestaghnech aalih"", ""tr\u00e8s bien""]",https://vital.com.tn/cdn/shop/products/lv-fersang-sirop.jpg,https://vital.com.tn/products/lv-fersang-sirop/,Croissance,"Produit: LV Fersang Sirop
Gamme: Laboratoires Vital (LV)
Theme: Digestif
Indications: Prévention de la carence martiale, traitement de l'anémie, fortifier le sang
Composition: Fer, Vitamines B1, B2, B5, B6, B8, B9, B12, A, C, Sélénium, Spiruline
Points positifs: Fer fumarate hautement assimilable, enrichi en spiruline, vitamines B6/B9/B12
Verdict: Excellent produit pour anémie et fatigue, très bien toléré
Avis clients: Good quality. top | Good quality. | good quality"
LV GALEO,Laboratoires Vital (LV),Autre,Sachet,31.9,,"• Augmente la quantité du lait
• Améliore la qualité du lait: oligoéléments, vitamines, protéine et matière grasse",,20 Sachets,,,,,,,[],https://vital.com.tn/cdn/shop/products/lv-galeo-2.jpg,https://vital.com.tn/products/lv-galeo-2/,Croissance,"Produit: LV GALEO
Gamme: Laboratoires Vital (LV)
Theme: Autre
Indications: • Augmente la quantité du lait
• Améliore la qualité du lait: oligoéléments, vitamines, protéine et matière grasse
Composition: 
Points positifs: 
Verdict: 
Avis clients: "
LV GASTROCALM,Laboratoires Vital (LV),Digestif,Gélule,16.0,,"Neutraliser l'acidité gastrique, conserver l'équilibre acido-basique, faciliter le transit intestinal","Extrait sec de racine de réglisse, Extrait sec de racine de guimauve, Poudre de lithothamne",Complément alimentaire pour neutraliser l'acidité gastrique et améliorer la digestion.,2 gélules par jour,,,,,,[],https://vital.com.tn/cdn/shop/products/lv-gastrocalm.jpg,https://vital.com.tn/products/lv-gastrocalm/,Croissance,"Produit: LV GASTROCALM
Gamme: Laboratoires Vital (LV)
Theme: Digestif
Indications: Neutraliser l'acidité gastrique, conserver l'équilibre acido-basique, faciliter le transit intestinal
Composition: Extrait sec de racine de réglisse, Extrait sec de racine de guimauve, Poudre de lithothamne
Points positifs: 
Verdict: 
Avis clients: "
LV GINKO Extra,Laboratoires Vital (LV),Energie,Autre,15.0,4.0,"Améliorer la mémoire et la concentration, soutenir la circulation cérébrale","Extrait de Ginkgo Biloba, flavonoïdes, lactones terpéniques",Complément alimentaire pour la mémoire et la circulation cérébrale.,1 gélule par jour,,,,,,[],https://vital.com.tn/cdn/shop/products/lv-ginko-extra-2.jpg,https://vital.com.tn/products/lv-ginko-extra-2/,Croissance,"Produit: LV GINKO Extra
Gamme: Laboratoires Vital (LV)
Theme: Energie
Indications: Améliorer la mémoire et la concentration, soutenir la circulation cérébrale
Composition: Extrait de Ginkgo Biloba, flavonoïdes, lactones terpéniques
Points positifs: 
Verdict: 
Avis clients: "
LV Hemostop 60 Gélules,Laboratoires Vital (LV),Articulations,Gélule,19.356,4.0,"Hémorroïdes, soulager la douleur, réduire l'inflammation","Extrait sec de Marron d'Inde, Extrait sec d'Hamamélis, Extrait sec de Fragon",Complément alimentaire pour soulager les crises hémorroïdaires.,"2 gélules par jour, 2 à 3 gélules en cas de besoin",,"Marron d'Inde, Hamamélis, Fragon",Doit être combiné avec traitement local pour crises aiguës,Efficace pour prévention et traitement de fond,4.3,"[""Good quality."", ""Bon Produit"", ""Bon produit . aide a rester en forme"", ""Bon rapport qualit\u00e9 prix"", ""Good quality. top""]",https://vital.com.tn/cdn/shop/products/hermostop.jpg,https://vital.com.tn/products/hermostop/,Croissance,"Produit: LV Hemostop 60 Gélules
Gamme: Laboratoires Vital (LV)
Theme: Articulations
Indications: Hémorroïdes, soulager la douleur, réduire l'inflammation
Composition: Extrait sec de Marron d'Inde, Extrait sec d'Hamamélis, Extrait sec de Fragon
Points positifs: Marron d'Inde, Hamamélis, Fragon
Verdict: Efficace pour prévention et traitement de fond
Avis clients: Good quality. | Bon Produit | Bon produit . aide a rester en forme"
LV Hemostop Crème 45 gr,Laboratoires Vital (LV),Articulations,Gel/Crème,11.24,4.0,"Hémorroïdes, soulager la douleur, réduire l'inflammation","Extrait sec de Marron d'Inde, Extrait sec d'Hamamélis, Extrait sec de Fragon","Crème naturelle pour traiter les hémorroïdes, soulager la douleur et réduire l'inflammation.",Appliquer localement sur les zones affectées,,"Marron d'Inde, Hamamélis, Fragon",Doit être combiné avec traitement local pour crises aiguës,Efficace pour prévention et traitement de fond,4.3,[],https://vital.com.tn/cdn/shop/products/lv-hemostop-creme.jpg,https://vital.com.tn/products/lv-hemostop-creme/,Croissance,"Produit: LV Hemostop Crème 45 gr
Gamme: Laboratoires Vital (LV)
Theme: Articulations
Indications: Hémorroïdes, soulager la douleur, réduire l'inflammation
Composition: Extrait sec de Marron d'Inde, Extrait sec d'Hamamélis, Extrait sec de Fragon
Points positifs: Marron d'Inde, Hamamélis, Fragon
Verdict: Efficace pour prévention et traitement de fond
Avis clients: "
LV Lanorose,Laboratoires Vital (LV),Articulations,Gel/Crème,23.511,,"Protéger l'aréole mammaire, soulager les mamelons douloureux pendant la période d'allaitement, prévenir les crevasses","Lanoline extra pure, Miel, Huile d'olive, Eau de fleur d'oranger",Crème pour protéger l'aréole mammaire et soulager les mamelons douloureux pendant l'allaitement.,"Appliquer plusieurs fois par jour sur les mamelons irrités, avant et après l'allaitement, sans rinçage",Aucune,,,,,"[""Good quality. top top top"", ""Efficace"", ""mahich efficace barcha mebo se3detni 5ir""]",https://vital.com.tn/cdn/shop/products/lanorose-3.jpg,https://vital.com.tn/products/lanorose-3/,Croissance,"Produit: LV Lanorose
Gamme: Laboratoires Vital (LV)
Theme: Articulations
Indications: Protéger l'aréole mammaire, soulager les mamelons douloureux pendant la période d'allaitement, prévenir les crevasses
Composition: Lanoline extra pure, Miel, Huile d'olive, Eau de fleur d'oranger
Points positifs: 
Verdict: 
Avis clients: Good quality. top top top | Efficace | mahich efficace barcha mebo se3detni 5ir"
LV Mélatonuit,Laboratoires Vital (LV),Sommeil,Gélule,17.463,4.0,"– Améliore la qualité du sommeil
– Diminue les réveils nocturnes
– Favorise l’endormissement avec un sommeil réparateur","Extrait sec de Passiflore, Mélatonine, Extrait sec de Pavot de Californie, Extrait sec de Mélisse, vitamine B6",Boite de 30 gélules,2 gélules par jour 30 minutes à 1 heure avant de se coucher,Femme enceinte ou allaitante,,,,,[],https://vital.com.tn/cdn/shop/products/melatonuit.jpg,https://vital.com.tn/products/melatonuit/,Croissance,"Produit: LV Mélatonuit
Gamme: Laboratoires Vital (LV)
Theme: Sommeil
Indications: – Améliore la qualité du sommeil
– Diminue les réveils nocturnes
– Favorise l’endormissement avec un sommeil réparateur
Composition: Extrait sec de Passiflore, Mélatonine, Extrait sec de Pavot de Californie, Extrait sec de Mélisse, vitamine B6
Points positifs: 
Verdict: 
Avis clients: "
LV Migrainal,Laboratoires Vital (LV),Autre,Gélule,20.563,4.0,"Soulager et prévenir les maux de tête et les migraines, réduire l'intensité des douleurs, apaiser la tension nerveuse","Grande Camomille, Saule Blanc, Mélisse",Complément alimentaire naturel pour le soulagement et la prévention des maux de tête et des migraines.,2 gélules par jour,Ginkgo biloba : à proscrire en Co-médication avec des anticoagulants,"Grande Camomille, Saule Blanc, Mélisse",Efficacité variable selon les personnes,À tester pour migraines légères à modérées,4.2,"[""produit excellent""]",https://vital.com.tn/cdn/shop/products/migrainal-3.jpg,https://vital.com.tn/products/migrainal-3/,Croissance,"Produit: LV Migrainal
Gamme: Laboratoires Vital (LV)
Theme: Autre
Indications: Soulager et prévenir les maux de tête et les migraines, réduire l'intensité des douleurs, apaiser la tension nerveuse
Composition: Grande Camomille, Saule Blanc, Mélisse
Points positifs: Grande Camomille, Saule Blanc, Mélisse
Verdict: À tester pour migraines légères à modérées
Avis clients: produit excellent"
LV No stress,Laboratoires Vital (LV),Energie,Gélule,19.514,4.0,"– Etats anxieux légers et émotifs
– Troubles mineurs du sommeil
– Réduction de la perception du stress
– Pas d’effet d’accoutumance
– Réduction des états de fatigue",,"NoStress est un complément alimentaire spécialement formulé pour vous apporter la sérénité, faciliter l'endormissement et limiter la fatigue physique et mentale.",– 2 gélules par jour,,,,,,[],https://vital.com.tn/cdn/shop/products/no-stress-2.jpg,https://vital.com.tn/products/no-stress-2/,Croissance,"Produit: LV No stress
Gamme: Laboratoires Vital (LV)
Theme: Energie
Indications: – Etats anxieux légers et émotifs
– Troubles mineurs du sommeil
– Réduction de la perception du stress
– Pas d’effet d’accoutumance
– Réduction des états de fatigue
Composition: 
Points positifs: 
Verdict: 
Avis clients: "
LV Normaprost,Laboratoires Vital (LV),Articulations,Gélule,47.754,4.67,"– Adénome de la prostate
– Prostatite chronique","Extrait de palmier nain, Sélénium, Vitamine E, Lycopène de tomate, pygeum, graines de courge, racine d'ortie, vitamine D",Boite de 60 gélules,2 Gélule par jour pendant au moins 6 mois,Aucune,"Palmier nain, Pygeum, Graines de courge, Sélénium, Lycopène",Nécessite 6 mois de traitement minimum,"Efficace pour symptômes prostate, patience nécessaire",4.5,[],https://vital.com.tn/cdn/shop/products/normaprost.jpg,https://vital.com.tn/products/normaprost/,Croissance,"Produit: LV Normaprost
Gamme: Laboratoires Vital (LV)
Theme: Articulations
Indications: – Adénome de la prostate
– Prostatite chronique
Composition: Extrait de palmier nain, Sélénium, Vitamine E, Lycopène de tomate, pygeum, graines de courge, racine d'ortie, vitamine D
Points positifs: Palmier nain, Pygeum, Graines de courge, Sélénium, Lycopène
Verdict: Efficace pour symptômes prostate, patience nécessaire
Avis clients: "
LV OSFOR,Laboratoires Vital (LV),Articulations,Sachet,18.0,4.0,"Reminéralisation osseuse, santé osseuse et dentaire, fonction musculaire","Calcium, Vitamine D3",Complément alimentaire pour la santé osseuse et musculaire.,1 à 2 sachets par jour pendant les repas,,,,,,[],https://vital.com.tn/cdn/shop/products/lv-osfor.jpg,https://vital.com.tn/products/lv-osfor/,Croissance,"Produit: LV OSFOR
Gamme: Laboratoires Vital (LV)
Theme: Articulations
Indications: Reminéralisation osseuse, santé osseuse et dentaire, fonction musculaire
Composition: Calcium, Vitamine D3
Points positifs: 
Verdict: 
Avis clients: "
LV Osfor Calcium/Vit.D3,Laboratoires Vital (LV),Articulations,Sachet,20.0,4.0,"Reminéralisation osseuse, santé osseuse et dentaire, fonction musculaire","Calcium, Vitamine D3",Complément alimentaire pour la santé osseuse et musculaire.,1 à 2 sachets par jour pendant les repas,,,,,,[],https://vital.com.tn/cdn/shop/products/lv-osfor-calcium-vit-d3-2.jpg,https://vital.com.tn/products/lv-osfor-calcium-vit-d3-2/,Croissance,"Produit: LV Osfor Calcium/Vit.D3
Gamme: Laboratoires Vital (LV)
Theme: Articulations
Indications: Reminéralisation osseuse, santé osseuse et dentaire, fonction musculaire
Composition: Calcium, Vitamine D3
Points positifs: 
Verdict: 
Avis clients: "
LV Phytocalm,Laboratoires Vital (LV),Digestif,Gélule,21.6,4.0,"– Diminue le stress, les troubles du sommeil et les spasmes gastro intestinaux
– Insomnie légère
– Etats dépressifs mineurs","Passiflore, Valériane, Mélisse",Boite de 30 gélules/ Flacon de 60 ml,3 gélules par jour,Femme enceinte et allaitante. Troubles de la thyroïde.,"Passiflore + Valériane + Mélisse, sans somnifères","Effet progressif, nécessite 1-2 semaines",Bonne alternative naturelle pour stress et sommeil léger,4.2,[],https://vital.com.tn/cdn/shop/products/phytocalm-2.jpg,https://vital.com.tn/products/phytocalm-2/,Croissance,"Produit: LV Phytocalm
Gamme: Laboratoires Vital (LV)
Theme: Digestif
Indications: – Diminue le stress, les troubles du sommeil et les spasmes gastro intestinaux
– Insomnie légère
– Etats dépressifs mineurs
Composition: Passiflore, Valériane, Mélisse
Points positifs: Passiflore + Valériane + Mélisse, sans somnifères
Verdict: Bonne alternative naturelle pour stress et sommeil léger
Avis clients: "
LV Phytodigest Gélule,Laboratoires Vital (LV),Digestif,Gélule,18.481,4.0,"– Equilibre le transit intestinal
– Confort intestinal continu
– Laxatif doux et lubrifiant
– Constipation chronique","Extrait sec de Psyllium, Agar agar, Pectine de pomme",Boite de 60 gélules,3 gélules par jour avant les repas.,Ne pas prendre en cas de sténose intestinale ou oesophagienne et d'hyperthyroïdie,"Psyllium, Agar agar, Pectine de pomme - effet doux",Nécessite prise régulière et hydratation,"Excellent pour troubles digestifs chroniques, doux et efficace",4.2,"[""Good quality."", ""Bon Produit"", ""Bon produit . aide a rester en forme"", ""Bon rapport qualit\u00e9 prix"", ""Good quality. top""]",https://vital.com.tn/cdn/shop/products/phytodigest-2.jpg,https://vital.com.tn/products/phytodigest-2/,Croissance,"Produit: LV Phytodigest Gélule
Gamme: Laboratoires Vital (LV)
Theme: Digestif
Indications: – Equilibre le transit intestinal
– Confort intestinal continu
– Laxatif doux et lubrifiant
– Constipation chronique
Composition: Extrait sec de Psyllium, Agar agar, Pectine de pomme
Points positifs: Psyllium, Agar agar, Pectine de pomme - effet doux
Verdict: Excellent pour troubles digestifs chroniques, doux et efficace
Avis clients: Good quality. | Bon Produit | Bon produit . aide a rester en forme"
LV Phytodigest Sirop,Laboratoires Vital (LV),Digestif,Liquide,16.499,4.0,"– Equilibre le transit intestinal
– Confort intestinal continu
– Laxatif doux et lubrifiant
– Constipation chronique","Extrait sec de Psyllium, Agar agar, Pectine de pomme",Sirop de 150 ml,"– Adulte 10 ml 3 fois par jour avant les repas
– Enfants plus de 6 ans 10ml 1 fois par jour avant les repas",Ne pas prendre en cas de sténose intestinale ou oesophagienne et d'hyperthyroïdie,"Psyllium, Agar agar, Pectine de pomme - effet doux",Nécessite prise régulière et hydratation,"Excellent pour troubles digestifs chroniques, doux et efficace",4.2,"[""efficace"", ""gout du miel et de plantes""]",https://vital.com.tn/cdn/shop/products/lv-phytodigest-sirop.jpg,https://vital.com.tn/products/lv-phytodigest-sirop/,Croissance,"Produit: LV Phytodigest Sirop
Gamme: Laboratoires Vital (LV)
Theme: Digestif
Indications: – Equilibre le transit intestinal
– Confort intestinal continu
– Laxatif doux et lubrifiant
– Constipation chronique
Composition: Extrait sec de Psyllium, Agar agar, Pectine de pomme
Points positifs: Psyllium, Agar agar, Pectine de pomme - effet doux
Verdict: Excellent pour troubles digestifs chroniques, doux et efficace
Avis clients: efficace | gout du miel et de plantes"
LV Phytolax,Laboratoires Vital (LV),Digestif,Gélule,9.548,4.89,"– Constipation occasionnelle
– Alternance diarrhée
– Confort intestinal immédiat
– Laxatif puissant et stimulant
– Soulagement rapide : Effet < 10 heures","Extrait sec de Séné, Levure de bière, Extrait sec d'Aloe vera",Boite de 20 gélules,"– 2 gélules par jour
Période maximale de 10 jours",Ne pas utiliser ce traitement pour plus de 10 jours. Ne pas donner aux enfants de moins de 12 ans. Ne pas donner aux femmes enceintes et allaitantes,"Séné, Aloe vera, Levure de bière - effet stimulant","Contre-indiqué +12 ans, femmes enceintes/allaitantes","Efficace pour constipation aiguë, usage ponctuel",4.3,[],https://vital.com.tn/cdn/shop/products/phytolax-3.jpg,https://vital.com.tn/products/phytolax-3/,Maturité,"Produit: LV Phytolax
Gamme: Laboratoires Vital (LV)
Theme: Digestif
Indications: – Constipation occasionnelle
– Alternance diarrhée
– Confort intestinal immédiat
– Laxatif puissant et stimulant
– Soulagement rapide : Effet < 10 heures
Composition: Extrait sec de Séné, Levure de bière, Extrait sec d'Aloe vera
Points positifs: Séné, Aloe vera, Levure de bière - effet stimulant
Verdict: Efficace pour constipation aiguë, usage ponctuel
Avis clients: "
LV Phytoperan,Laboratoires Vital (LV),Digestif,Liquide,13.595,4.0,"– Réduit les nausées et les vomissements
– Réduit l’acidité gastrique","Bicarbonate de sodium, Extrait sec de gingembre, Extrait sec de fenouil",Phytoperan est un complément alimentaire à base de bicarbonate de sodium et des extraits secs de gingembre et de fenouil qui permettent de lutter contre la sensation de nausée et vomissement.,"– Adulte : 5ml 3 fois par jour
– Enfant : 10ml 3 fois par jour",,,,,,[],https://vital.com.tn/cdn/shop/products/phytoperan-2.jpg,https://vital.com.tn/products/phytoperan-2/,Croissance,"Produit: LV Phytoperan
Gamme: Laboratoires Vital (LV)
Theme: Digestif
Indications: – Réduit les nausées et les vomissements
– Réduit l’acidité gastrique
Composition: Bicarbonate de sodium, Extrait sec de gingembre, Extrait sec de fenouil
Points positifs: 
Verdict: 
Avis clients: "
LV PHYTOVEINE,Laboratoires Vital (LV),Cardiovasculaire,Sachet,26.197,4.0,"• Améliore le retour veineux
• Stimule la circulation veineuse
• Soulage la sensation de jambes lourdes",,12 Sachets,,,"Vigne rouge, Marron d'Inde, Vitamine C",Doit être associé à marche et élévation des jambes,Efficace pour troubles veineux légères à modérées,4.3,"[""bon produit"", ""Peut \u00eatre efficace"", ""Good quality.""]",https://vital.com.tn/cdn/shop/products/lv-phytoveine-2.jpg,https://vital.com.tn/products/lv-phytoveine-2/,Croissance,"Produit: LV PHYTOVEINE
Gamme: Laboratoires Vital (LV)
Theme: Cardiovasculaire
Indications: • Améliore le retour veineux
• Stimule la circulation veineuse
• Soulage la sensation de jambes lourdes
Composition: 
Points positifs: Vigne rouge, Marron d'Inde, Vitamine C
Verdict: Efficace pour troubles veineux légères à modérées
Avis clients: bon produit | Peut être efficace | Good quality."
LV PhytoVeine Gel,Laboratoires Vital (LV),Articulations,Gel/Crème,26.197,5.0,"– Soulage les douleurs des jambes lourdes
– Stimule la circulation sanguine","Huile essentielle de Citron, Huile essentielle de Menthe, Huile essentielle de Lavande, Huile essentielle de Cyprès, Menthol",Tube de 90 gr,– 2 applications par jour matin et soir en massant du bas vers le haut,,"Vigne rouge, Marron d'Inde, Vitamine C",Doit être associé à marche et élévation des jambes,Efficace pour troubles veineux légères à modérées,4.3,"[""bon produit"", ""Peut \u00eatre efficace"", ""Good quality.""]",https://vital.com.tn/cdn/shop/products/lv-phytoveine-gel.jpg,https://vital.com.tn/products/lv-phytoveine-gel/,Croissance,"Produit: LV PhytoVeine Gel
Gamme: Laboratoires Vital (LV)
Theme: Articulations
Indications: – Soulage les douleurs des jambes lourdes
– Stimule la circulation sanguine
Composition: Huile essentielle de Citron, Huile essentielle de Menthe, Huile essentielle de Lavande, Huile essentielle de Cyprès, Menthol
Points positifs: Vigne rouge, Marron d'Inde, Vitamine C
Verdict: Efficace pour troubles veineux légères à modérées
Avis clients: bon produit | Peut être efficace | Good quality."
LV PhytoVeine Gélule,Laboratoires Vital (LV),Articulations,Gélule,26.197,4.0,"– Soulage les douleurs des jambes lourdes
– Stimule la circulation sanguine","Extrait sec de vigne rouge, Extrait sec de marron d'inde, Vitamine C",Boite de 60 gélules,– 2 gélules par jour,Aucune,"Vigne rouge, Marron d'Inde, Vitamine C",Doit être associé à marche et élévation des jambes,Efficace pour troubles veineux légères à modérées,4.3,"[""bon produit"", ""Peut \u00eatre efficace"", ""Good quality."", ""Bon Produit"", ""Bon produit . aide a rester en forme""]",https://vital.com.tn/cdn/shop/products/phytoveine-3.jpg,https://vital.com.tn/products/phytoveine-3/,Croissance,"Produit: LV PhytoVeine Gélule
Gamme: Laboratoires Vital (LV)
Theme: Articulations
Indications: – Soulage les douleurs des jambes lourdes
– Stimule la circulation sanguine
Composition: Extrait sec de vigne rouge, Extrait sec de marron d'inde, Vitamine C
Points positifs: Vigne rouge, Marron d'Inde, Vitamine C
Verdict: Efficace pour troubles veineux légères à modérées
Avis clients: bon produit | Peut être efficace | Good quality."
LV PhytoVeine Huile,Laboratoires Vital (LV),Articulations,Huile,26.197,4.0,"– Soulage les douleurs des jambes lourdes
– Stimule la circulation sanguine","Huile essentielle de Citron, Huile essentielle de Menthe, Huile essentielle de Lavande, Huile essentielle de Cyprès, Menthol",Flacon de 60 ml,"– 2 applications par jour matin et soir en massant de bas en
haut",,"Vigne rouge, Marron d'Inde, Vitamine C",Doit être associé à marche et élévation des jambes,Efficace pour troubles veineux légères à modérées,4.3,"[""bon produit"", ""Peut \u00eatre efficace"", ""Good quality.""]",https://vital.com.tn/cdn/shop/products/lv-phytoveine-huile.jpg,https://vital.com.tn/products/lv-phytoveine-huile/,Croissance,"Produit: LV PhytoVeine Huile
Gamme: Laboratoires Vital (LV)
Theme: Articulations
Indications: – Soulage les douleurs des jambes lourdes
– Stimule la circulation sanguine
Composition: Huile essentielle de Citron, Huile essentielle de Menthe, Huile essentielle de Lavande, Huile essentielle de Cyprès, Menthol
Points positifs: Vigne rouge, Marron d'Inde, Vitamine C
Verdict: Efficace pour troubles veineux légères à modérées
Avis clients: bon produit | Peut être efficace | Good quality."
LV PSOCALM,Laboratoires Vital (LV),Autre,Autre,13.8,4.5,"• Diminue les démangeaisons liées au psoriasis
• Soulage et apaise les irritations dues au psoriasis",,90 Gr,,,,,,,[],https://vital.com.tn/cdn/shop/products/lv-psocalm.jpg,https://vital.com.tn/products/lv-psocalm/,Croissance,"Produit: LV PSOCALM
Gamme: Laboratoires Vital (LV)
Theme: Autre
Indications: • Diminue les démangeaisons liées au psoriasis
• Soulage et apaise les irritations dues au psoriasis
Composition: 
Points positifs: 
Verdict: 
Avis clients: "
LV PSOCALM Gel Cheveux et Corps,Laboratoires Vital (LV),Beauté/Peau,Gel/Crème,13.8,4.5,"• Diminue les démangeaisons liées au psoriasis
• Soulage et apaise les irritations dues au psoriasis",,200ML,,,,,,,[],https://vital.com.tn/cdn/shop/products/lv-psocalm-gel-cheveux-et-corps.jpg,https://vital.com.tn/products/lv-psocalm-gel-cheveux-et-corps/,Croissance,"Produit: LV PSOCALM Gel Cheveux et Corps
Gamme: Laboratoires Vital (LV)
Theme: Beauté/Peau
Indications: • Diminue les démangeaisons liées au psoriasis
• Soulage et apaise les irritations dues au psoriasis
Composition: 
Points positifs: 
Verdict: 
Avis clients: "
LV Psolcalm,Laboratoires Vital (LV),Autre,Autre,13.8,,"Diminuer les démangeaisons liées au psoriasis, soulager et apaiser les irritations",,Pommade pour soulager les démangeaisons liées au psoriasis.,"Appliquer une fine couche de pommade sur les zones à problèmes, 2 à 3 fois par jour",,,,,,[],https://vital.com.tn/cdn/shop/products/psolcalm.jpg,https://vital.com.tn/products/psolcalm/,Croissance,"Produit: LV Psolcalm
Gamme: Laboratoires Vital (LV)
Theme: Autre
Indications: Diminuer les démangeaisons liées au psoriasis, soulager et apaiser les irritations
Composition: 
Points positifs: 
Verdict: 
Avis clients: "
"LV Sélénium A, C, E + Gelée Royale",Laboratoires Vital (LV),Sommeil,Gélule,31.667,4.33,"– Revitalisant, Anti – âge
– Protège les cellules contre le stress oxydatif","Gelée Royale, Sélénium, Vitamine A, vitamine C, vitamine E",Boite de 30 gélules,"– 1 gélule par jour
– Cure de 3 mois à renouveler",Aucune,,,,,[],https://vital.com.tn/cdn/shop/products/selenium-a-c-e-gelee-royale.jpg,https://vital.com.tn/products/selenium-a-c-e-gelee-royale/,Croissance,"Produit: LV Sélénium A, C, E + Gelée Royale
Gamme: Laboratoires Vital (LV)
Theme: Sommeil
Indications: – Revitalisant, Anti – âge
– Protège les cellules contre le stress oxydatif
Composition: Gelée Royale, Sélénium, Vitamine A, vitamine C, vitamine E
Points positifs: 
Verdict: 
Avis clients: "
"LV Sélénium A, C, E Anti-âge",Laboratoires Vital (LV),Beauté/Peau,Gélule,31.667,4.33,"• Prévenir le vieillissement cutané
• Améliorer l’’éclat et la souplesse de la peau
• Réduire les signes visibles de l’’âge par des effets anti-inflammatoires et antioxydants",,30 Gélules,,,,,,,[],https://vital.com.tn/cdn/shop/products/lv-selenium-a-c-e-anti-age.jpg,https://vital.com.tn/products/lv-selenium-a-c-e-anti-age/,Croissance,"Produit: LV Sélénium A, C, E Anti-âge
Gamme: Laboratoires Vital (LV)
Theme: Beauté/Peau
Indications: • Prévenir le vieillissement cutané
• Améliorer l’’éclat et la souplesse de la peau
• Réduire les signes visibles de l’’âge par des effets anti-inflammatoires et antioxydants
Composition: 
Points positifs: 
Verdict: 
Avis clients: "
LV Sesa,Laboratoires Vital (LV),Autre,Autre,21.908,,Soin des cheveux,"Miel, huile de sésame, B-sitostérol",Soin pour les cheveux.,Appliquer sur les cheveux,,,,,,[],https://vital.com.tn/cdn/shop/products/sesa-2.jpg,https://vital.com.tn/products/sesa-2/,Croissance,"Produit: LV Sesa
Gamme: Laboratoires Vital (LV)
Theme: Autre
Indications: Soin des cheveux
Composition: Miel, huile de sésame, B-sitostérol
Points positifs: 
Verdict: 
Avis clients: "
LV SESA Gel 45gr,Laboratoires Vital (LV),Autre,Gel/Crème,21.908,,Soin des cheveux,-Miel - Huile de sésame - B-sitostérol,Soin pour les cheveux.,Appliquer sur les cheveux,,,,,,[],https://vital.com.tn/cdn/shop/products/lv-sesa-gel-45gr.jpg,https://vital.com.tn/products/lv-sesa-gel-45gr/,Croissance,"Produit: LV SESA Gel 45gr
Gamme: Laboratoires Vital (LV)
Theme: Autre
Indications: Soin des cheveux
Composition: -Miel - Huile de sésame - B-sitostérol
Points positifs: 
Verdict: 
Avis clients: "
LV Spasvit Gélule,Laboratoires Vital (LV),Digestif,Gélule,8.26,4.0,"Soulager les spasmes gastro-intestinaux et les coliques hépatiques, équilibrer la flore intestinale",Extraits végétaux antispasmodiques,Complément alimentaire pour soulager les spasmes gastro-intestinaux et les coliques hépatiques.,2 gélules par jour,,"Fer fumarate hautement assimilable, enrichi en spiruline, vitamines B6/B9/B12",Nécessite une cure de 3 mois minimum,"Excellent produit pour anémie et fatigue, très bien toléré",4.6,"[""Good quality."", ""Bon Produit"", ""Bon produit . aide a rester en forme"", ""Bon rapport qualit\u00e9 prix"", ""Good quality. top""]",https://vital.com.tn/cdn/shop/products/spasvit-gelule.jpg,https://vital.com.tn/products/spasvit-gelule/,Croissance,"Produit: LV Spasvit Gélule
Gamme: Laboratoires Vital (LV)
Theme: Digestif
Indications: Soulager les spasmes gastro-intestinaux et les coliques hépatiques, équilibrer la flore intestinale
Composition: Extraits végétaux antispasmodiques
Points positifs: Fer fumarate hautement assimilable, enrichi en spiruline, vitamines B6/B9/B12
Verdict: Excellent produit pour anémie et fatigue, très bien toléré
Avis clients: Good quality. | Bon Produit | Bon produit . aide a rester en forme"
LV Spasvit Sirop,Laboratoires Vital (LV),Digestif,Liquide,12.0,4.0,"Soulager les spasmes gastro-intestinaux et les coliques hépatiques, équilibrer la flore intestinale","Extrait sec d'anis, Extrait sec de fenouil, Extrait sec de pissenlit, Extrait sec de camomille",Complément alimentaire pour soulager les spasmes gastro-intestinaux et les coliques hépatiques.,Adulte et enfant moins de 12 ans : 10ml par jour,,,,,,"[""efficace"", ""gout du miel et de plantes""]",https://vital.com.tn/cdn/shop/products/lv-spasvit-sirop.jpg,https://vital.com.tn/products/lv-spasvit-sirop/,Croissance,"Produit: LV Spasvit Sirop
Gamme: Laboratoires Vital (LV)
Theme: Digestif
Indications: Soulager les spasmes gastro-intestinaux et les coliques hépatiques, équilibrer la flore intestinale
Composition: Extrait sec d'anis, Extrait sec de fenouil, Extrait sec de pissenlit, Extrait sec de camomille
Points positifs: 
Verdict: 
Avis clients: efficace | gout du miel et de plantes"
LV Tabastop,Laboratoires Vital (LV),Immunité,Gélule,27.5,4.0,"– Renforce les défenses immunitaires qui sont fragilisées lors du sevrage
– Aide au sevrage tabagique
– Pas d’effet secondaire ni tabagique","Kudzu, Thym, Vitamine C",Boite de 30 gélules,"– 3 gélules par jour les 10 premiers jours (après les repas).
– 2 gélules par jour les 15 jours suivants (après les repas).
– 1 gélule par jour durant 1 mois (le matin).",Aucune,"Kudzu, Thym, Vitamine C - posologie progressive",Nécessite motivation forte et suivi,Complément utile mais pas suffisant seul pour arrêter,4.0,[],https://vital.com.tn/cdn/shop/products/tabastop-3.jpg,https://vital.com.tn/products/tabastop-3/,Croissance,"Produit: LV Tabastop
Gamme: Laboratoires Vital (LV)
Theme: Immunité
Indications: – Renforce les défenses immunitaires qui sont fragilisées lors du sevrage
– Aide au sevrage tabagique
– Pas d’effet secondaire ni tabagique
Composition: Kudzu, Thym, Vitamine C
Points positifs: Kudzu, Thym, Vitamine C - posologie progressive
Verdict: Complément utile mais pas suffisant seul pour arrêter
Avis clients: "
LV Tetra B,Laboratoires Vital (LV),Energie,Gélule,9.596,4.0,"Production d'énergie, équilibre du système nerveux, prévention cardiovasculaire, renouvellement cellulaire","Vitamines B1, B2, B3, B5, B6, B8, B9, B12",Complément alimentaire à base de vitamines du groupe B pour favoriser un bon fonctionnement du système nerveux et réduire la fatigue.,"1 gélule par jour, de préférence le matin avec un grand verre d'eau",,,,,,[],https://vital.com.tn/cdn/shop/products/tetra-b-4.jpg,https://vital.com.tn/products/tetra-b-4/,Croissance,"Produit: LV Tetra B
Gamme: Laboratoires Vital (LV)
Theme: Energie
Indications: Production d'énergie, équilibre du système nerveux, prévention cardiovasculaire, renouvellement cellulaire
Composition: Vitamines B1, B2, B3, B5, B6, B8, B9, B12
Points positifs: 
Verdict: 
Avis clients: "
LV V-CARBON,Laboratoires Vital (LV),Digestif,Autre,15.0,4.89,"• Confort digestif
• Réduit les ballonnements et les flatulences
• Soulage les troubles digestifs
• Améliore le transit intestinal",,30 Comprimés,,,,,,,[],https://vital.com.tn/cdn/shop/products/lv-v-carbon.jpg,https://vital.com.tn/products/lv-v-carbon/,Maturité,"Produit: LV V-CARBON
Gamme: Laboratoires Vital (LV)
Theme: Digestif
Indications: • Confort digestif
• Réduit les ballonnements et les flatulences
• Soulage les troubles digestifs
• Améliore le transit intestinal
Composition: 
Points positifs: 
Verdict: 
Avis clients: "
LV Viamen,Laboratoires Vital (LV),Energie,Gélule,26.853,4.0,"– Améliore la spermatogenèse et la fertilité
– Stimule le désir sexuel
– Améliore la libido en augmentant l’énergie en relation à la pulsion sexuelle","Tangkat ali, Extrait sec de gingko biloba, Extrait sec de guarana, L-arginine, Vitamine B3",Boite de 15 gélules,2 gélules par jour ( le soir ) 1 heure avant le moment souhaité,Aucune,,,,,[],https://vital.com.tn/cdn/shop/products/viamen.jpg,https://vital.com.tn/products/viamen/,Croissance,"Produit: LV Viamen
Gamme: Laboratoires Vital (LV)
Theme: Energie
Indications: – Améliore la spermatogenèse et la fertilité
– Stimule le désir sexuel
– Améliore la libido en augmentant l’énergie en relation à la pulsion sexuelle
Composition: Tangkat ali, Extrait sec de gingko biloba, Extrait sec de guarana, L-arginine, Vitamine B3
Points positifs: 
Verdict: 
Avis clients: "
LV VITALAX Laxatif,Laboratoires Vital (LV),Digestif,Liquide,12.0,4.89,"• Constipation occasionnelle
• Problème de digestion
• Laxatif
• Lubrifiant",,150 ML,,,,,,,[],https://vital.com.tn/cdn/shop/products/lv-vitalax-laxatif-2.jpg,https://vital.com.tn/products/lv-vitalax-laxatif-2/,Maturité,"Produit: LV VITALAX Laxatif
Gamme: Laboratoires Vital (LV)
Theme: Digestif
Indications: • Constipation occasionnelle
• Problème de digestion
• Laxatif
• Lubrifiant
Composition: 
Points positifs: 
Verdict: 
Avis clients: "
LV Vitamine A,Laboratoires Vital (LV),Beauté/Peau,Autre,8.723,4.0,"Réduire les rides, traiter l'acné, réguler la pigmentation, prévenir les dommages cellulaires, stimuler la production de collagène","Vitamine A (135mg), Acide hyaluronique, Huile de jojoba, Beurre de karité, Extrait de thé vert","Crème anti-âge enrichie en vitamine A pour hydrater, réparer et protéger la peau.",Appliquer matin et/ou soir en effectuant de légers mouvements de massage,,"Dosage optimal 320mg, forme acérola disponible, antioxydant puissant",Peut être insuffisant en cas de carence sévère,Produit fiable pour l'immunité et la vitalité quotidienne,4.6,"[""Tres bien"", ""Haja top"", ""Efficace"", ""the best"", ""Excellent rapport qualit\u00e9 prix""]",https://vital.com.tn/cdn/shop/products/vitamine-a-2.jpg,https://vital.com.tn/products/vitamine-a-2/,Croissance,"Produit: LV Vitamine A
Gamme: Laboratoires Vital (LV)
Theme: Beauté/Peau
Indications: Réduire les rides, traiter l'acné, réguler la pigmentation, prévenir les dommages cellulaires, stimuler la production de collagène
Composition: Vitamine A (135mg), Acide hyaluronique, Huile de jojoba, Beurre de karité, Extrait de thé vert
Points positifs: Dosage optimal 320mg, forme acérola disponible, antioxydant puissant
Verdict: Produit fiable pour l'immunité et la vitalité quotidienne
Avis clients: Tres bien | Haja top | Efficace"
LV Vitamine D3,Laboratoires Vital (LV),Immunité,Gélule,19.192,4.0,"– Immunostimulant
– Réduit le risque d’infections respiratoires graves
– Améliore l’absorption du calcium
– Aide à maintenir des os solides et sains
– Nécessaire pour le bon fonctionnement des muscles",Vitamine D3,Boite de 30 gélules,1 gélule par jour,,"Dosage optimal 320mg, forme acérola disponible, antioxydant puissant",Peut être insuffisant en cas de carence sévère,Produit fiable pour l'immunité et la vitalité quotidienne,4.6,"[""Tres bien"", ""Haja top"", ""Efficace"", ""the best"", ""Excellent rapport qualit\u00e9 prix""]",https://vital.com.tn/cdn/shop/products/vitamine-d3-5.jpg,https://vital.com.tn/products/vitamine-d3-5/,Croissance,"Produit: LV Vitamine D3
Gamme: Laboratoires Vital (LV)
Theme: Immunité
Indications: – Immunostimulant
– Réduit le risque d’infections respiratoires graves
– Améliore l’absorption du calcium
– Aide à maintenir des os solides et sains
– Nécessaire pour le bon fonctionnement des muscles
Composition: Vitamine D3
Points positifs: Dosage optimal 320mg, forme acérola disponible, antioxydant puissant
Verdict: Produit fiable pour l'immunité et la vitalité quotidienne
Avis clients: Tres bien | Haja top | Efficace"
LV-VITAL CO-Q10 300 MG,Autres,Energie,Gélule,32.901,3.5,"• Protège les cellules et soutient l’énergie.
• Améliore la fertilité et les performances physiques.
• Idéal en cas de fatigue, statines ou risque cardiovasculaire",,30 Gélules,,,,,,,[],https://vital.com.tn/cdn/shop/products/lv-vital-co-q10-300-mg-2.jpg,https://vital.com.tn/products/lv-vital-co-q10-300-mg-2/,Croissance,"Produit: LV-VITAL CO-Q10 300 MG
Gamme: Autres
Theme: Energie
Indications: • Protège les cellules et soutient l’énergie.
• Améliore la fertilité et les performances physiques.
• Idéal en cas de fatigue, statines ou risque cardiovasculaire
Composition: 
Points positifs: 
Verdict: 
Avis clients: "
Magnésium,Autres,Energie,Gélule,15.354,,"– Anti-stress
– Anti-fatigue
– Aide à dépasser les crampes répétitives","Magnésium, Vitamine B6",Boite de 60 gélules,2 gélules par jour,Aucune,,,,,[],https://vital.com.tn/cdn/shop/products/magnesium.jpg,https://vital.com.tn/products/magnesium/,Croissance,"Produit: Magnésium
Gamme: Autres
Theme: Energie
Indications: – Anti-stress
– Anti-fatigue
– Aide à dépasser les crampes répétitives
Composition: Magnésium, Vitamine B6
Points positifs: 
Verdict: 
Avis clients: "
Magvit Gélules,Autres,Energie,Gélule,15.354,,"• Contribue au fonctionnement normal du système nerveux
• Réduire la fatigue
• Équilibre nerveux",,60 Gélules,,,"Fer fumarate hautement assimilable, enrichi en spiruline, vitamines B6/B9/B12",Nécessite une cure de 3 mois minimum,"Excellent produit pour anémie et fatigue, très bien toléré",4.6,"[""Good quality."", ""Bon Produit"", ""Bon produit . aide a rester en forme"", ""Bon rapport qualit\u00e9 prix"", ""Good quality. top""]",https://vital.com.tn/cdn/shop/products/magvit-gelules-2.jpg,https://vital.com.tn/products/magvit-gelules-2/,Croissance,"Produit: Magvit Gélules
Gamme: Autres
Theme: Energie
Indications: • Contribue au fonctionnement normal du système nerveux
• Réduire la fatigue
• Équilibre nerveux
Composition: 
Points positifs: Fer fumarate hautement assimilable, enrichi en spiruline, vitamines B6/B9/B12
Verdict: Excellent produit pour anémie et fatigue, très bien toléré
Avis clients: Good quality. | Bon Produit | Bon produit . aide a rester en forme"
Magvit Sachets,Autres,Energie,Sachet,18.0,,"• Contribue au fonctionnement normal du système nerveux
• Réduire la fatigue
• Équilibre nerveux",,20 Sachets,,,,,,,[],https://vital.com.tn/cdn/shop/products/magvit.jpg,https://vital.com.tn/products/magvit/,Croissance,"Produit: Magvit Sachets
Gamme: Autres
Theme: Energie
Indications: • Contribue au fonctionnement normal du système nerveux
• Réduire la fatigue
• Équilibre nerveux
Composition: 
Points positifs: 
Verdict: 
Avis clients: "
Mémoire et Concentration,Autres,Energie,Gélule,25.635,4.0,"– Période de surmenage
– Troubles de la mémoire
– Période des examens","Extrait de Panax Ginseng, Lécithine de Soja, Oméga3",Boite de 30 gélules,"– 2 gélules le soir pendant 2 mois .
– En cas de trouble de mémoire ou d’activité mentale intense 2 gélules le matin et 2 gélules le soir",Aucune,,,,,[],https://vital.com.tn/cdn/shop/products/memoire-et-concentration-4.jpg,https://vital.com.tn/products/memoire-et-concentration-4/,Croissance,"Produit: Mémoire et Concentration
Gamme: Autres
Theme: Energie
Indications: – Période de surmenage
– Troubles de la mémoire
– Période des examens
Composition: Extrait de Panax Ginseng, Lécithine de Soja, Oméga3
Points positifs: 
Verdict: 
Avis clients: "
Millepertuis,Autres,Autre,Gélule,18.0,3.0,"– Améliore les états d’humeur
– Aide à dépasser des états d’asthénie mentale et psychique",Millepertuis,Boite de 30 gélules,"– 3 gélules par jour
Ce produit est à consommer dans le cadre d’une
alimentation variée et équilibrée","Femme enceinte, allaitante et enfant avant l'âge de 12 ans.",,,,,[],https://vital.com.tn/cdn/shop/products/millepertuis-4.jpg,https://vital.com.tn/products/millepertuis-4/,Croissance,"Produit: Millepertuis
Gamme: Autres
Theme: Autre
Indications: – Améliore les états d’humeur
– Aide à dépasser des états d’asthénie mentale et psychique
Composition: Millepertuis
Points positifs: 
Verdict: 
Avis clients: "
Mincicare,Autres,Minceur,Gélule,29.885,4.0,"Faciliter la perte de poids, stimuler l'élimination urinaire",Extraits végétaux drainants,Complément alimentaire pour la perte de poids et le drainage.,2 gélules par jour,,,,,,"[""super"", ""N\u00e9cessite un regime alimentaire aussi""]",https://vital.com.tn/cdn/shop/products/mincicare-3.jpg,https://vital.com.tn/products/mincicare-3/,Croissance,"Produit: Mincicare
Gamme: Autres
Theme: Minceur
Indications: Faciliter la perte de poids, stimuler l'élimination urinaire
Composition: Extraits végétaux drainants
Points positifs: 
Verdict: 
Avis clients: super | Nécessite un regime alimentaire aussi"
Mincicare 4 actions,Autres,Minceur,Liquide,29.885,4.33,"Draineur, brûleur de graisses, détoxifiant, coupe-faim","Artichaut, L-Carnitine, Piloselle, Thé vert, Cassis, Chiendent, Baradane, Spiruline, Zinc, Pensée sauvage, Orthosiphon, Reine de prés, Chicorée",Complément alimentaire pour la perte de poids et le drainage.,"Diluer une dose de 20 ml dans 1,5 litre d'eau à boire le long de la journée",,,,,,"[""super"", ""N\u00e9cessite un regime alimentaire aussi""]",https://vital.com.tn/cdn/shop/products/mincicare-4-actions.jpg,https://vital.com.tn/products/mincicare-4-actions/,Croissance,"Produit: Mincicare 4 actions
Gamme: Autres
Theme: Minceur
Indications: Draineur, brûleur de graisses, détoxifiant, coupe-faim
Composition: Artichaut, L-Carnitine, Piloselle, Thé vert, Cassis, Chiendent, Baradane, Spiruline, Zinc, Pensée sauvage, Orthosiphon, Reine de prés, Chicorée
Points positifs: 
Verdict: 
Avis clients: super | Nécessite un regime alimentaire aussi"
MINCILGNE Coupe faim,Autres,Digestif,Gélule,24.412,,"Sensation de satiété
Piège pour sucres et graisses
Digestion facile","Fucus, maté, konjac",Boite de 30 Gélules,2 gélules par jour,,,,,,[],https://vital.com.tn/cdn/shop/products/mincilgne-coupe-faim.jpg,https://vital.com.tn/products/mincilgne-coupe-faim/,Croissance,"Produit: MINCILGNE Coupe faim
Gamme: Autres
Theme: Digestif
Indications: Sensation de satiété
Piège pour sucres et graisses
Digestion facile
Composition: Fucus, maté, konjac
Points positifs: 
Verdict: 
Avis clients: "
Minciligne Aux 9 plantes phytoactives,Mincivit/Minciligne,Autre,Liquide,22.0,,Minceur et drainage,"Thé vert, Artichaut, Fenouil, Chiendent, Orthosiphon, Maté, guarana, Piloselle, ananas",Complément alimentaire pour la minceur et le drainage.,2 gélules par jour,,"Thé vert, Guarana, L-Carnitine, Artichaut, Piloselle",Doit être associé à régime et activité physique,Complément efficace dans cadre d'une démarche globale minceur,4.2,[],https://vital.com.tn/cdn/shop/products/minciligne-aux-9-plantes-phytoactives.jpg,https://vital.com.tn/products/minciligne-aux-9-plantes-phytoactives/,Croissance,"Produit: Minciligne Aux 9 plantes phytoactives
Gamme: Mincivit/Minciligne
Theme: Autre
Indications: Minceur et drainage
Composition: Thé vert, Artichaut, Fenouil, Chiendent, Orthosiphon, Maté, guarana, Piloselle, ananas
Points positifs: Thé vert, Guarana, L-Carnitine, Artichaut, Piloselle
Verdict: Complément efficace dans cadre d'une démarche globale minceur
Avis clients: "
Minciligne Brûle Graisse,Mincivit/Minciligne,Minceur,Gélule,24.0,,Minceur et drainage,"Guarana, ananas, pissenlit",Complément alimentaire pour la minceur et le drainage.,2 gélules par jour,,"Thé vert, Guarana, L-Carnitine, Artichaut, Piloselle",Doit être associé à régime et activité physique,Complément efficace dans cadre d'une démarche globale minceur,4.2,[],https://vital.com.tn/cdn/shop/products/minciligne-brule-graisse-2.jpg,https://vital.com.tn/products/minciligne-brule-graisse-2/,Croissance,"Produit: Minciligne Brûle Graisse
Gamme: Mincivit/Minciligne
Theme: Minceur
Indications: Minceur et drainage
Composition: Guarana, ananas, pissenlit
Points positifs: Thé vert, Guarana, L-Carnitine, Artichaut, Piloselle
Verdict: Complément efficace dans cadre d'une démarche globale minceur
Avis clients: "
Minciligne Draineur,Mincivit/Minciligne,Minceur,Gélule,20.203,5.0,"Détoxification du foie, favoriser l'élimination rénale, stimuler la combustion des graisses","Chiendent, Pissenlit, Romarin, Piloselle, Konjac",Complément alimentaire pour la minceur et le drainage.,2 gélules par jour,,"Thé vert, Guarana, L-Carnitine, Artichaut, Piloselle",Doit être associé à régime et activité physique,Complément efficace dans cadre d'une démarche globale minceur,4.2,[],https://vital.com.tn/cdn/shop/products/minciligne-draineur-2.jpg,https://vital.com.tn/products/minciligne-draineur-2/,Croissance,"Produit: Minciligne Draineur
Gamme: Mincivit/Minciligne
Theme: Minceur
Indications: Détoxification du foie, favoriser l'élimination rénale, stimuler la combustion des graisses
Composition: Chiendent, Pissenlit, Romarin, Piloselle, Konjac
Points positifs: Thé vert, Guarana, L-Carnitine, Artichaut, Piloselle
Verdict: Complément efficace dans cadre d'une démarche globale minceur
Avis clients: "
Minciligne Homme,Mincivit/Minciligne,Autre,Liquide,24.0,5.0,Drainer et brûler les graisses pour l'homme,"Vitamine C, L-carnitine, Extrait sec de thé vert, Extrait sec de Chiendent, Extrait sec de Fenouil, Extrait sec d'Ananas, Fer, Extrait sec de Maté, Extrait sec de Ginseng, Extrait sec de Guarana, Vitamine B6, Extrait sec de Psyllium",Complément alimentaire pour la minceur et le drainage.,1 sachet par jour,,"Thé vert, Guarana, L-Carnitine, Artichaut, Piloselle",Doit être associé à régime et activité physique,Complément efficace dans cadre d'une démarche globale minceur,4.2,[],https://vital.com.tn/cdn/shop/products/minciligne-homme.jpg,https://vital.com.tn/products/minciligne-homme/,Croissance,"Produit: Minciligne Homme
Gamme: Mincivit/Minciligne
Theme: Autre
Indications: Drainer et brûler les graisses pour l'homme
Composition: Vitamine C, L-carnitine, Extrait sec de thé vert, Extrait sec de Chiendent, Extrait sec de Fenouil, Extrait sec d'Ananas, Fer, Extrait sec de Maté, Extrait sec de Ginseng, Extrait sec de Guarana, Vitamine B6, Extrait sec de Psyllium
Points positifs: Thé vert, Guarana, L-Carnitine, Artichaut, Piloselle
Verdict: Complément efficace dans cadre d'une démarche globale minceur
Avis clients: "
Minciligne Jeune & Ado,Mincivit/Minciligne,Autre,Liquide,18.0,,Minceur et drainage,60 mg d'Extrait sec de Fenouil / 60 mg d'Extrait sec de Fumeterre / 60 mg d'Extrait sec de Frêne / 60 mg d'Extrait sec d'Artichaut / 60 mg d'Extrait sec de Thé vert / 60 mg d'Extrait sec de Pissenlit / 60 mg d'Extrait sec d'Orthosiphon / 60 mg d'Extrait sec de Bouleau ),Complément alimentaire pour la minceur et le drainage.,2 gélules par jour,,"Thé vert, Guarana, L-Carnitine, Artichaut, Piloselle",Doit être associé à régime et activité physique,Complément efficace dans cadre d'une démarche globale minceur,4.2,[],https://vital.com.tn/cdn/shop/products/minciligne-jeune-ado-2.jpg,https://vital.com.tn/products/minciligne-jeune-ado-2/,Croissance,"Produit: Minciligne Jeune & Ado
Gamme: Mincivit/Minciligne
Theme: Autre
Indications: Minceur et drainage
Composition: 60 mg d'Extrait sec de Fenouil / 60 mg d'Extrait sec de Fumeterre / 60 mg d'Extrait sec de Frêne / 60 mg d'Extrait sec d'Artichaut / 60 mg d'Extrait sec de Thé vert / 60 mg d'Extrait sec de Pissenlit / 60 mg d'Extrait sec d'Orthosiphon / 60 mg d'Extrait sec de Bouleau )
Points positifs: Thé vert, Guarana, L-Carnitine, Artichaut, Piloselle
Verdict: Complément efficace dans cadre d'une démarche globale minceur
Avis clients: "
Minciligne Postnatale,Mincivit/Minciligne,Articulations,Liquide,22.0,,Aider les jeunes mamans à retrouver leur silhouette après la grossesse,"Fenouil, chiendent, ananas, spiruline, artichaut, piloselle, orange amer, psyllium, Vitamine B6, Vitamine D",Complément alimentaire pour la minceur et le drainage.,1 dose par jour,,"Thé vert, Guarana, L-Carnitine, Artichaut, Piloselle",Doit être associé à régime et activité physique,Complément efficace dans cadre d'une démarche globale minceur,4.2,[],https://vital.com.tn/cdn/shop/products/minciligne-postnatale.jpg,https://vital.com.tn/products/minciligne-postnatale/,Croissance,"Produit: Minciligne Postnatale
Gamme: Mincivit/Minciligne
Theme: Articulations
Indications: Aider les jeunes mamans à retrouver leur silhouette après la grossesse
Composition: Fenouil, chiendent, ananas, spiruline, artichaut, piloselle, orange amer, psyllium, Vitamine B6, Vitamine D
Points positifs: Thé vert, Guarana, L-Carnitine, Artichaut, Piloselle
Verdict: Complément efficace dans cadre d'une démarche globale minceur
Avis clients: "
Minciligne Vitaminé,Mincivit/Minciligne,Autre,Liquide,20.0,5.0,Minceur et drainage,"Vitamine C, L-carnitine, Extrait sec Thé vert, Extrait sec de Fenouil, Extrait sec de Chiendent, Extrait sec d'Ananas, Fer, Extrait sec de Maté, Extrait sec de Guarana, Vitamine B2, Vitamine B6, Vitamine B1, Vitamine A, Sélénium, Vitamine B12",Complément alimentaire pour la minceur et le drainage.,2 gélules par jour,,"Thé vert, Guarana, L-Carnitine, Artichaut, Piloselle",Doit être associé à régime et activité physique,Complément efficace dans cadre d'une démarche globale minceur,4.2,[],https://vital.com.tn/cdn/shop/products/minciligne-vitamine-2-2.jpg,https://vital.com.tn/products/minciligne-vitamine-2-2/,Croissance,"Produit: Minciligne Vitaminé
Gamme: Mincivit/Minciligne
Theme: Autre
Indications: Minceur et drainage
Composition: Vitamine C, L-carnitine, Extrait sec Thé vert, Extrait sec de Fenouil, Extrait sec de Chiendent, Extrait sec d'Ananas, Fer, Extrait sec de Maté, Extrait sec de Guarana, Vitamine B2, Vitamine B6, Vitamine B1, Vitamine A, Sélénium, Vitamine B12
Points positifs: Thé vert, Guarana, L-Carnitine, Artichaut, Piloselle
Verdict: Complément efficace dans cadre d'une démarche globale minceur
Avis clients: "
Mincivit Detox,Mincivit/Minciligne,Autre,Autre,22.0,,"Détoxification, drainage",Extrait sec de thé vert / Extrait sec d’artichaut / Extrait sec de desmodium / Extrait sec de pissenlit / Extrait sec de Fenouil / Extrait sec de piloselle / Extrait sec de bouleau,Complément alimentaire pour la minceur et le drainage.,Diluer dans de l'eau et boire au long de la journée,,,,,,[],https://vital.com.tn/cdn/shop/products/mincivit-detox.jpg,https://vital.com.tn/products/mincivit-detox/,Croissance,"Produit: Mincivit Detox
Gamme: Mincivit/Minciligne
Theme: Autre
Indications: Détoxification, drainage
Composition: Extrait sec de thé vert / Extrait sec d’artichaut / Extrait sec de desmodium / Extrait sec de pissenlit / Extrait sec de Fenouil / Extrait sec de piloselle / Extrait sec de bouleau
Points positifs: 
Verdict: 
Avis clients: "
Mincivit Lait anti vergetures,Mincivit/Minciligne,Autre,Autre,18.0,,Prévention des vergetures,"Gel d'aloès, Beurre de Karité, Huile d'Amande douce, Huile de sésame, Vitamine E, Huile de Bourrache",Complément alimentaire pour la minceur et le drainage.,Appliquer sur les zones concernées,,,,,,[],https://vital.com.tn/cdn/shop/products/mincivit-lait-anti-vergetures.jpg,https://vital.com.tn/products/mincivit-lait-anti-vergetures/,Croissance,"Produit: Mincivit Lait anti vergetures
Gamme: Mincivit/Minciligne
Theme: Autre
Indications: Prévention des vergetures
Composition: Gel d'aloès, Beurre de Karité, Huile d'Amande douce, Huile de sésame, Vitamine E, Huile de Bourrache
Points positifs: 
Verdict: 
Avis clients: "
Mincivit origin,Mincivit/Minciligne,Minceur,Autre,20.0,,"Minceur, drainage",Vinaigre de cidre / Extrait sec de thé vert / Extrait sec d’artichaut / Extrait sec de Chiendent / Extrait sec d'anis / Extrait sec de Fenouil,Complément alimentaire pour la minceur et le drainage.,2 gélules par jour,,,,,,[],https://vital.com.tn/cdn/shop/products/mincivit-origin.jpg,https://vital.com.tn/products/mincivit-origin/,Croissance,"Produit: Mincivit origin
Gamme: Mincivit/Minciligne
Theme: Minceur
Indications: Minceur, drainage
Composition: Vinaigre de cidre / Extrait sec de thé vert / Extrait sec d’artichaut / Extrait sec de Chiendent / Extrait sec d'anis / Extrait sec de Fenouil
Points positifs: 
Verdict: 
Avis clients: "
Mincivit ultra draineur poire & pêche,Mincivit/Minciligne,Beauté/Peau,,22.243,,"Drainage, détoxification",Extrait sec de thé vert / Extrait sec de pissenlit / Extrait sec de Fenouil / Extrait sec de piloselle / Extrait sec d'othosiphon / Extrait sec de fumeterre,Complément alimentaire pour la minceur et le drainage.,Diluer dans de l'eau et boire au long de la journée,,,,,,[],https://vital.com.tn/cdn/shop/products/mincivit-ultra-draineur-poire-peche.jpg,https://vital.com.tn/products/mincivit-ultra-draineur-poire-peche/,Croissance,"Produit: Mincivit ultra draineur poire & pêche
Gamme: Mincivit/Minciligne
Theme: Beauté/Peau
Indications: Drainage, détoxification
Composition: Extrait sec de thé vert / Extrait sec de pissenlit / Extrait sec de Fenouil / Extrait sec de piloselle / Extrait sec d'othosiphon / Extrait sec de fumeterre
Points positifs: 
Verdict: 
Avis clients: "
Mincivit ultra draineur Pomme & Kiwi,Mincivit/Minciligne,Beauté/Peau,,22.243,,"Drainage, détoxification",Extrait sec de thé vert / Extrait sec de pissenlit / Extrait sec de Fenouil / Extrait sec de piloselle / Extrait sec d'othosiphon / Extrait sec de fumettre,Complément alimentaire pour la minceur et le drainage.,Diluer dans de l'eau et boire au long de la journée,,,,,,[],https://vital.com.tn/cdn/shop/products/mincivit-ultra-draineur-pomme-kiwi.jpg,https://vital.com.tn/products/mincivit-ultra-draineur-pomme-kiwi/,Croissance,"Produit: Mincivit ultra draineur Pomme & Kiwi
Gamme: Mincivit/Minciligne
Theme: Beauté/Peau
Indications: Drainage, détoxification
Composition: Extrait sec de thé vert / Extrait sec de pissenlit / Extrait sec de Fenouil / Extrait sec de piloselle / Extrait sec d'othosiphon / Extrait sec de fumettre
Points positifs: 
Verdict: 
Avis clients: "
Mincivit ultra draineur Raisin & Cerise,Mincivit/Minciligne,Beauté/Peau,,22.243,,"Drainage, détoxification",Extrait sec de thé vert / Extrait sec de pissenlit / Extrait sec de Fenouil / Extrait sec de piloselle / Extrait sec d'othosiphon / Extrait sec de fumettre,Complément alimentaire pour la minceur et le drainage.,Diluer dans de l'eau et boire au long de la journée,,,,,,[],https://vital.com.tn/cdn/shop/products/mincivit-ultra-draineur-raison-et-cassis.jpg,https://vital.com.tn/products/mincivit-ultra-draineur-raison-et-cassis/,Croissance,"Produit: Mincivit ultra draineur Raisin & Cerise
Gamme: Mincivit/Minciligne
Theme: Beauté/Peau
Indications: Drainage, détoxification
Composition: Extrait sec de thé vert / Extrait sec de pissenlit / Extrait sec de Fenouil / Extrait sec de piloselle / Extrait sec d'othosiphon / Extrait sec de fumettre
Points positifs: 
Verdict: 
Avis clients: "
Moustik gel,Autres,Autre,Gel/Crème,7.0,,"Répulsif et protège contre les piqûres d'insectes, soulage et apaise les piqûres","Essence de citronnelle, Extrait glycolique de calendula",Répulsif anti-moustiques et insectes.,Appliquer sur la peau et frotter doucement,,,,,,[],https://vital.com.tn/cdn/shop/products/moustik-gel-2.jpg,https://vital.com.tn/products/moustik-gel-2/,Croissance,"Produit: Moustik gel
Gamme: Autres
Theme: Autre
Indications: Répulsif et protège contre les piqûres d'insectes, soulage et apaise les piqûres
Composition: Essence de citronnelle, Extrait glycolique de calendula
Points positifs: 
Verdict: 
Avis clients: "
Moustik Lotion spray,Autres,Autre,Spray,12.9,,"Répulsif et protège contre les piqûres d'insectes, soulage et apaise les piqûres","Essence de citronnelle, gel d'aloés vera, Extrait sec d'arnica",Répulsif anti-moustiques et insectes.,Appliquer sur la peau et frotter doucement,,,,,,"[""behi barcha""]",https://vital.com.tn/cdn/shop/products/moustik-lotion-spray.jpg,https://vital.com.tn/products/moustik-lotion-spray/,Croissance,"Produit: Moustik Lotion spray
Gamme: Autres
Theme: Autre
Indications: Répulsif et protège contre les piqûres d'insectes, soulage et apaise les piqûres
Composition: Essence de citronnelle, gel d'aloés vera, Extrait sec d'arnica
Points positifs: 
Verdict: 
Avis clients: behi barcha"
Moustik savon,Autres,Autre,Savon,6.325,,"Répulsif et protège contre les piqûres d'insectes, soulage et apaise les piqûres","Essence de citronnelle, extraits naturels",Répulsif anti-moustiques et insectes.,Lavage quotidien,,,,,,"[""franchement toppp"", ""Un des meilleurs pour moi"", ""Je recommande"", ""soum behii""]",https://vital.com.tn/cdn/shop/products/moustik.jpg,https://vital.com.tn/products/moustik/,Croissance,"Produit: Moustik savon
Gamme: Autres
Theme: Autre
Indications: Répulsif et protège contre les piqûres d'insectes, soulage et apaise les piqûres
Composition: Essence de citronnelle, extraits naturels
Points positifs: 
Verdict: 
Avis clients: franchement toppp | Un des meilleurs pour moi | Je recommande"
multi vitamines,Autres,Enfants,,16.0,,Apport vitaminique complet,"vitamine C ,Vitamine B5 , Vitamine B2, vitamine B6, vitamine A , vitamine B1, Vitamine B9 ,vitamine B8 ,Vitamine D3 , vitamine B12",Complément alimentaire multivitaminé.,1 gélule par jour,,,,,,"[""super""]",https://vital.com.tn/cdn/shop/products/multi-vitamines-2.jpg,https://vital.com.tn/products/multi-vitamines-2/,Croissance,"Produit: multi vitamines
Gamme: Autres
Theme: Enfants
Indications: Apport vitaminique complet
Composition: vitamine C ,Vitamine B5 , Vitamine B2, vitamine B6, vitamine A , vitamine B1, Vitamine B9 ,vitamine B8 ,Vitamine D3 , vitamine B12
Points positifs: 
Verdict: 
Avis clients: super"
MULTIBON APIGORGE,Multibon,Articulations,Autre,16.0,4.0,"– Réduit l’inflammation et la douleur au niveau
de la gorge
– Change l’haleine","- 180 mg de Vitamine C, - 30 mg d’extrait de plantain (Plantago lanceolata), - 30 mg d’extrait d’echinacée (Echinacera purpurea L.), - 15 mg d’extrait de Propolis, - 6 mg de huile essentielle d’eucalyptus (Eucalyptus globulus)",Boite de 30 gummies,"– Enfant à partir de 3 ans:
2 gummies par jour",,,,,,[],https://vital.com.tn/cdn/shop/products/multibon-apigorge.jpg,https://vital.com.tn/products/multibon-apigorge/,Croissance,"Produit: MULTIBON APIGORGE
Gamme: Multibon
Theme: Articulations
Indications: – Réduit l’inflammation et la douleur au niveau
de la gorge
– Change l’haleine
Composition: - 180 mg de Vitamine C, - 30 mg d’extrait de plantain (Plantago lanceolata), - 30 mg d’extrait d’echinacée (Echinacera purpurea L.), - 15 mg d’extrait de Propolis, - 6 mg de huile essentielle d’eucalyptus (Eucalyptus globulus)
Points positifs: 
Verdict: 
Avis clients: "
MULTIBON CALCIUM-VIT.D3,Multibon,Articulations,Autre,16.0,4.0,"– Permet un apport quotidien en
calcium
– Améliore le développement et la croissance des os
et dents","- 480 mg de Calcium, - 10 µg de Vitamine D3",Boite de 30 gummies,"– Enfant à partir de 3 ans:
1 à 4 gummies par jour",,,,,,[],https://vital.com.tn/cdn/shop/products/multibon-calcium-vit-d3-2.jpg,https://vital.com.tn/products/multibon-calcium-vit-d3-2/,Croissance,"Produit: MULTIBON CALCIUM-VIT.D3
Gamme: Multibon
Theme: Articulations
Indications: – Permet un apport quotidien en
calcium
– Améliore le développement et la croissance des os
et dents
Composition: - 480 mg de Calcium, - 10 µg de Vitamine D3
Points positifs: 
Verdict: 
Avis clients: "
MULTIBON FER,Multibon,Autre,Autre,16.0,5.0,"– Prévient les carences en fer et restitue les réserves en
fer
– Aide à la normalisation de l’hemoglobine et la
formation des globules rouges",- 7 mg de Fer élément (27.37% Bisglycinate de fer),Boite de 30 gummies,– 2 gummies par jour,,,,,,[],https://vital.com.tn/cdn/shop/products/multibon-fer-2.jpg,https://vital.com.tn/products/multibon-fer-2/,Croissance,"Produit: MULTIBON FER
Gamme: Multibon
Theme: Autre
Indications: – Prévient les carences en fer et restitue les réserves en
fer
– Aide à la normalisation de l’hemoglobine et la
formation des globules rouges
Composition: - 7 mg de Fer élément (27.37% Bisglycinate de fer)
Points positifs: 
Verdict: 
Avis clients: "
MULTIBON IMMUNITÉ,Multibon,Immunité,Autre,16.0,,"– Contribue au renforcement du système
immunitaire
– Améliore les défenses naturelles contre les maladies
virales et infectieuses","- 120 mg d’extrait sec d’Acérola, - 200 mg de Vitamine C, - 10 mg de Propolis, - 20 mg de Zinc",Boite de 30 gummies,"– Enfants entre 3 et 6 ans:
1 à 2 gummies par jour
– Enfants plus de 6 ans:
2 à 4 gummies par jour",,,,,,[],https://vital.com.tn/cdn/shop/products/multibon-immunite-2.jpg,https://vital.com.tn/products/multibon-immunite-2/,Croissance,"Produit: MULTIBON IMMUNITÉ
Gamme: Multibon
Theme: Immunité
Indications: – Contribue au renforcement du système
immunitaire
– Améliore les défenses naturelles contre les maladies
virales et infectieuses
Composition: - 120 mg d’extrait sec d’Acérola, - 200 mg de Vitamine C, - 10 mg de Propolis, - 20 mg de Zinc
Points positifs: 
Verdict: 
Avis clients: "
MULTIBON MULTIVITAMINÉ,Multibon,Energie,Autre,16.0,4.5,"– Maintient l’énergie et la vitalité générale
– Garantie les apports nécessaires en vitamines","800 µg Vitamine A, 1.1 mg B1, 1.4 mg B12, 6 mg B5, 1.4 mg B6, 200 µg B9, 2.5 µg B12, 80 mg C, 5 µg D, 12 mg E",Boite de 30 gummies,– < 6 ans: 2 gummies / jour - > 6 ans: 3 gummies / jour,,,,,,[],https://vital.com.tn/cdn/shop/products/multibon-multivitamine-2.jpg,https://vital.com.tn/products/multibon-multivitamine-2/,Croissance,"Produit: MULTIBON MULTIVITAMINÉ
Gamme: Multibon
Theme: Energie
Indications: – Maintient l’énergie et la vitalité générale
– Garantie les apports nécessaires en vitamines
Composition: 800 µg Vitamine A, 1.1 mg B1, 1.4 mg B12, 6 mg B5, 1.4 mg B6, 200 µg B9, 2.5 µg B12, 80 mg C, 5 µg D, 12 mg E
Points positifs: 
Verdict: 
Avis clients: "
MULTIBON OMEGA 3,Multibon,Energie,Autre,16.0,4.0,"– Participe à la croissance et le bon développement
des enfants
– Soutient les fonctions cognitives et renforce
la concentration et la mémorisation","- 24 mg de Vitamine C, - 1200 mg d’Oméga 3 Algue (100% DHA)",Boite de 30 gummies,"– Enfant à partir de 3 ans:
1 à 4 gummies par jour",,"EPA+DHA + Vitamine E, encapsulation de qualité",Prix élevé comparé aux omégas basiques,"Excellent rapport qualité/prix, efficacité prouvée",4.7,"[""C\u2019est l\u2019Omega 3 que j\u2019utilise pour mes cures !"", ""Un Bon produit pour les yeux"", ""bon produit"", ""je le recommande"", ""excellent""]",https://vital.com.tn/cdn/shop/products/multibon-omega-3.jpg,https://vital.com.tn/products/multibon-omega-3/,Croissance,"Produit: MULTIBON OMEGA 3
Gamme: Multibon
Theme: Energie
Indications: – Participe à la croissance et le bon développement
des enfants
– Soutient les fonctions cognitives et renforce
la concentration et la mémorisation
Composition: - 24 mg de Vitamine C, - 1200 mg d’Oméga 3 Algue (100% DHA)
Points positifs: EPA+DHA + Vitamine E, encapsulation de qualité
Verdict: Excellent rapport qualité/prix, efficacité prouvée
Avis clients: C’est l’Omega 3 que j’utilise pour mes cures ! | Un Bon produit pour les yeux | bon produit"
MULTIBON SOMMEIL,Multibon,Sommeil,Autre,16.0,5.0,"– Favorise l’endormissement
– Améliore la qualité du sommeil
– Evite les réveils nocturnes","- 50 mg d’extrait sec de Passiflore (Passiflora incarnata), - 25 mg d’extrait sec de lavande (Lavandula angustifolia), - 17.6 mg d’extrait de Camomille (Matricaria recutita), - 85 mg d’eau de fleur d’oranger",Boite de 30 gummies,"– Enfant 3 à 6 ans: 2 gummies par jour
– Enfant 7 à 12 ans: 3 gummies par jour",,,,,,[],https://vital.com.tn/cdn/shop/products/multibon-sommeil-2.jpg,https://vital.com.tn/products/multibon-sommeil-2/,Croissance,"Produit: MULTIBON SOMMEIL
Gamme: Multibon
Theme: Sommeil
Indications: – Favorise l’endormissement
– Améliore la qualité du sommeil
– Evite les réveils nocturnes
Composition: - 50 mg d’extrait sec de Passiflore (Passiflora incarnata), - 25 mg d’extrait sec de lavande (Lavandula angustifolia), - 17.6 mg d’extrait de Camomille (Matricaria recutita), - 85 mg d’eau de fleur d’oranger
Points positifs: 
Verdict: 
Avis clients: "
MULTIBON VISION,Multibon,Autre,Autre,16.0,4.0,"– Améliore la vision en apportant les oligo éléments
et vitamines nécessaires","- 5.2 mg Vitamine E (acétate DL alpha tocophérol), - 800 µg de Vitamine A (β-carotène), - 1.2 mg Vitamine B2 (riboflavine), - 7 mg Zinc, - 60 mg d’extrait de fruit de myrtille (Vaccinium Myrtillus.L), - 4 mg de Lutéine",Boite de 30 gummies,"– Enfant à partir de 3 ans:
3 gummies par jour",,,,,,[],https://vital.com.tn/cdn/shop/products/multibon-vision-2.jpg,https://vital.com.tn/products/multibon-vision-2/,Croissance,"Produit: MULTIBON VISION
Gamme: Multibon
Theme: Autre
Indications: – Améliore la vision en apportant les oligo éléments
et vitamines nécessaires
Composition: - 5.2 mg Vitamine E (acétate DL alpha tocophérol), - 800 µg de Vitamine A (β-carotène), - 1.2 mg Vitamine B2 (riboflavine), - 7 mg Zinc, - 60 mg d’extrait de fruit de myrtille (Vaccinium Myrtillus.L), - 4 mg de Lutéine
Points positifs: 
Verdict: 
Avis clients: "
MULTIBON VITAMINE C Acérola,Multibon,Immunité,Autre,16.0,4.0,"– Renforce les défenses naturelles
– Apporte l’énergie et la vitalité nécessaire pour un bon
état neurologique","- 180 mg de Vitamine C, - 150 mg d’extrait sec d’acérola (Malpighia punicifolia L.)",Boite de 30 gummies,"– Enfant 3 à 6 ans:
2 gummies par jour
– Enfant 7 à 12 ans:
3 gummies par jour",,"Dosage optimal 320mg, forme acérola disponible, antioxydant puissant",Peut être insuffisant en cas de carence sévère,Produit fiable pour l'immunité et la vitalité quotidienne,4.6,"[""Tres bien"", ""Haja top"", ""Efficace"", ""the best"", ""Excellent rapport qualit\u00e9 prix""]",https://vital.com.tn/cdn/shop/products/multibon-vitamine-c-acerola.jpg,https://vital.com.tn/products/multibon-vitamine-c-acerola/,Croissance,"Produit: MULTIBON VITAMINE C Acérola
Gamme: Multibon
Theme: Immunité
Indications: – Renforce les défenses naturelles
– Apporte l’énergie et la vitalité nécessaire pour un bon
état neurologique
Composition: - 180 mg de Vitamine C, - 150 mg d’extrait sec d’acérola (Malpighia punicifolia L.)
Points positifs: Dosage optimal 320mg, forme acérola disponible, antioxydant puissant
Verdict: Produit fiable pour l'immunité et la vitalité quotidienne
Avis clients: Tres bien | Haja top | Efficace"
Oligovit chrome,Oligovit,Articulations,Gélule,8.0,3.8,Renforcer l'immunité,"40 µg de chrome, 329.218 µg de Picolinate de chrome",Complément alimentaire pour renforcer l'immunité et combler les carences.,1 gélule par jour,,"Dosage optimal 320mg, forme acérola disponible, antioxydant puissant",Peut être insuffisant en cas de carence sévère,Produit fiable pour l'immunité et la vitalité quotidienne,4.6,"[""Excellent"", ""nice product"", ""Je n\u2019ai pas aim\u00e9 ces comprim\u00e9s. Ils contiennent du sulfate de zinc et m\u2019ont caus\u00e9 des effets secondaires tels que des naus\u00e9es et des maux d\u2019estomac lorsque je les ai utilis\u00e9s \u00e0 jeun. Il est donc recommand\u00e9 de les prendre apr\u00e8s avoir mang\u00e9."", ""Tres bien"", ""Haja top""]",https://vital.com.tn/cdn/shop/products/oligovit-chrome-2.jpg,https://vital.com.tn/products/oligovit-chrome-2/,Croissance,"Produit: Oligovit chrome
Gamme: Oligovit
Theme: Articulations
Indications: Renforcer l'immunité
Composition: 40 µg de chrome, 329.218 µg de Picolinate de chrome
Points positifs: Dosage optimal 320mg, forme acérola disponible, antioxydant puissant
Verdict: Produit fiable pour l'immunité et la vitalité quotidienne
Avis clients: Excellent | nice product | Je n’ai pas aimé ces comprimés. Ils contiennent du sulfate de zinc et m’ont causé des effets secondaires tels que des nausées et des maux d’estomac lorsque je les ai utilisés à jeun. Il est donc recommandé de les prendre après avoir mangé."
Oligovit Chrome Bt/15 Gelules,Oligovit,Autre,,8.0,3.8,Renforcer l'immunité,"40 µg de chrome, 329.218 µg de Picolinate de chrome",Complément alimentaire pour renforcer l'immunité et combler les carences.,1 gélule par jour,,"Dosage optimal 320mg, forme acérola disponible, antioxydant puissant",Peut être insuffisant en cas de carence sévère,Produit fiable pour l'immunité et la vitalité quotidienne,4.6,"[""Excellent"", ""nice product"", ""Je n\u2019ai pas aim\u00e9 ces comprim\u00e9s. Ils contiennent du sulfate de zinc et m\u2019ont caus\u00e9 des effets secondaires tels que des naus\u00e9es et des maux d\u2019estomac lorsque je les ai utilis\u00e9s \u00e0 jeun. Il est donc recommand\u00e9 de les prendre apr\u00e8s avoir mang\u00e9."", ""Tres bien"", ""Haja top""]",,,Croissance/Promo,"Produit: Oligovit Chrome Bt/15 Gelules
Gamme: Oligovit
Theme: Autre
Indications: Renforcer l'immunité
Composition: 40 µg de chrome, 329.218 µg de Picolinate de chrome
Points positifs: Dosage optimal 320mg, forme acérola disponible, antioxydant puissant
Verdict: Produit fiable pour l'immunité et la vitalité quotidienne
Avis clients: Excellent | nice product | Je n’ai pas aimé ces comprimés. Ils contiennent du sulfate de zinc et m’ont causé des effets secondaires tels que des nausées et des maux d’estomac lorsque je les ai utilisés à jeun. Il est donc recommandé de les prendre après avoir mangé."
Oligovit L-Carnitine 1000mg,Oligovit,Minceur,Sachet,18.0,4.0,"Brûler les graisses, booster l'énergie",L-Carnitine,Complément alimentaire pour renforcer l'immunité et combler les carences.,1 sachet par jour,,"Dosage optimal 320mg, forme acérola disponible, antioxydant puissant",Peut être insuffisant en cas de carence sévère,Produit fiable pour l'immunité et la vitalité quotidienne,4.6,"[""Excellent"", ""nice product"", ""Je n\u2019ai pas aim\u00e9 ces comprim\u00e9s. Ils contiennent du sulfate de zinc et m\u2019ont caus\u00e9 des effets secondaires tels que des naus\u00e9es et des maux d\u2019estomac lorsque je les ai utilis\u00e9s \u00e0 jeun. Il est donc recommand\u00e9 de les prendre apr\u00e8s avoir mang\u00e9."", ""Tres bien"", ""Haja top""]",https://vital.com.tn/cdn/shop/products/oligovit-l-carnitine-1000mg.jpg,https://vital.com.tn/products/oligovit-l-carnitine-1000mg/,Croissance,"Produit: Oligovit L-Carnitine 1000mg
Gamme: Oligovit
Theme: Minceur
Indications: Brûler les graisses, booster l'énergie
Composition: L-Carnitine
Points positifs: Dosage optimal 320mg, forme acérola disponible, antioxydant puissant
Verdict: Produit fiable pour l'immunité et la vitalité quotidienne
Avis clients: Excellent | nice product | Je n’ai pas aimé ces comprimés. Ils contiennent du sulfate de zinc et m’ont causé des effets secondaires tels que des nausées et des maux d’estomac lorsque je les ai utilisés à jeun. Il est donc recommandé de les prendre après avoir mangé."
Oligovit magnésium,Oligovit,Energie,Gélule,15.354,,"Réduire la fatigue, équilibre nerveux et musculaire",Magnésium,Complément alimentaire pour renforcer l'immunité et combler les carences.,1 à 2 gélules par jour,,"Dosage optimal 320mg, forme acérola disponible, antioxydant puissant",Peut être insuffisant en cas de carence sévère,Produit fiable pour l'immunité et la vitalité quotidienne,4.6,"[""Excellent"", ""nice product"", ""Je n\u2019ai pas aim\u00e9 ces comprim\u00e9s. Ils contiennent du sulfate de zinc et m\u2019ont caus\u00e9 des effets secondaires tels que des naus\u00e9es et des maux d\u2019estomac lorsque je les ai utilis\u00e9s \u00e0 jeun. Il est donc recommand\u00e9 de les prendre apr\u00e8s avoir mang\u00e9."", ""Tres bien"", ""Haja top""]",https://vital.com.tn/cdn/shop/products/oligovit-magnesium-2.jpg,https://vital.com.tn/products/oligovit-magnesium-2/,Croissance,"Produit: Oligovit magnésium
Gamme: Oligovit
Theme: Energie
Indications: Réduire la fatigue, équilibre nerveux et musculaire
Composition: Magnésium
Points positifs: Dosage optimal 320mg, forme acérola disponible, antioxydant puissant
Verdict: Produit fiable pour l'immunité et la vitalité quotidienne
Avis clients: Excellent | nice product | Je n’ai pas aimé ces comprimés. Ils contiennent du sulfate de zinc et m’ont causé des effets secondaires tels que des nausées et des maux d’estomac lorsque je les ai utilisés à jeun. Il est donc recommandé de les prendre après avoir mangé."
Oligovit manganèse,Oligovit,Articulations,Gélule,8.0,4.0,Renforcer l'immunité,2 mg de Manganèse,Complément alimentaire pour renforcer l'immunité et combler les carences.,1 gélule par jour,,"Dosage optimal 320mg, forme acérola disponible, antioxydant puissant",Peut être insuffisant en cas de carence sévère,Produit fiable pour l'immunité et la vitalité quotidienne,4.6,"[""Excellent"", ""nice product"", ""Je n\u2019ai pas aim\u00e9 ces comprim\u00e9s. Ils contiennent du sulfate de zinc et m\u2019ont caus\u00e9 des effets secondaires tels que des naus\u00e9es et des maux d\u2019estomac lorsque je les ai utilis\u00e9s \u00e0 jeun. Il est donc recommand\u00e9 de les prendre apr\u00e8s avoir mang\u00e9."", ""Tres bien"", ""Haja top""]",https://vital.com.tn/cdn/shop/products/oligovit-manganese-2.jpg,https://vital.com.tn/products/oligovit-manganese-2/,Croissance,"Produit: Oligovit manganèse
Gamme: Oligovit
Theme: Articulations
Indications: Renforcer l'immunité
Composition: 2 mg de Manganèse
Points positifs: Dosage optimal 320mg, forme acérola disponible, antioxydant puissant
Verdict: Produit fiable pour l'immunité et la vitalité quotidienne
Avis clients: Excellent | nice product | Je n’ai pas aimé ces comprimés. Ils contiennent du sulfate de zinc et m’ont causé des effets secondaires tels que des nausées et des maux d’estomac lorsque je les ai utilisés à jeun. Il est donc recommandé de les prendre après avoir mangé."
Oligovit mélatonine,Oligovit,Sommeil,Gélule,12.0,4.33,Troubles du sommeil,Mélatonine,Complément alimentaire pour renforcer l'immunité et combler les carences.,1 gélule avant le coucher,,"Dosage optimal 320mg, forme acérola disponible, antioxydant puissant",Peut être insuffisant en cas de carence sévère,Produit fiable pour l'immunité et la vitalité quotidienne,4.6,"[""Excellent"", ""nice product"", ""Je n\u2019ai pas aim\u00e9 ces comprim\u00e9s. Ils contiennent du sulfate de zinc et m\u2019ont caus\u00e9 des effets secondaires tels que des naus\u00e9es et des maux d\u2019estomac lorsque je les ai utilis\u00e9s \u00e0 jeun. Il est donc recommand\u00e9 de les prendre apr\u00e8s avoir mang\u00e9."", ""Tres bien"", ""Haja top""]",https://vital.com.tn/cdn/shop/products/oligovit-melatonine-2.jpg,https://vital.com.tn/products/oligovit-melatonine-2/,Maturité,"Produit: Oligovit mélatonine
Gamme: Oligovit
Theme: Sommeil
Indications: Troubles du sommeil
Composition: Mélatonine
Points positifs: Dosage optimal 320mg, forme acérola disponible, antioxydant puissant
Verdict: Produit fiable pour l'immunité et la vitalité quotidienne
Avis clients: Excellent | nice product | Je n’ai pas aimé ces comprimés. Ils contiennent du sulfate de zinc et m’ont causé des effets secondaires tels que des nausées et des maux d’estomac lorsque je les ai utilisés à jeun. Il est donc recommandé de les prendre après avoir mangé."
Oligovit sélénium,Oligovit,Articulations,Gélule,31.667,4.0,"Antioxydant, protection cellulaire",Sélénium,Complément alimentaire pour renforcer l'immunité et combler les carences.,1 gélule par jour,,"Dosage optimal 320mg, forme acérola disponible, antioxydant puissant",Peut être insuffisant en cas de carence sévère,Produit fiable pour l'immunité et la vitalité quotidienne,4.6,"[""Excellent"", ""nice product"", ""Je n\u2019ai pas aim\u00e9 ces comprim\u00e9s. Ils contiennent du sulfate de zinc et m\u2019ont caus\u00e9 des effets secondaires tels que des naus\u00e9es et des maux d\u2019estomac lorsque je les ai utilis\u00e9s \u00e0 jeun. Il est donc recommand\u00e9 de les prendre apr\u00e8s avoir mang\u00e9."", ""Tres bien"", ""Haja top""]",https://vital.com.tn/cdn/shop/products/oligovit-selenium-2.jpg,https://vital.com.tn/products/oligovit-selenium-2/,Croissance,"Produit: Oligovit sélénium
Gamme: Oligovit
Theme: Articulations
Indications: Antioxydant, protection cellulaire
Composition: Sélénium
Points positifs: Dosage optimal 320mg, forme acérola disponible, antioxydant puissant
Verdict: Produit fiable pour l'immunité et la vitalité quotidienne
Avis clients: Excellent | nice product | Je n’ai pas aimé ces comprimés. Ils contiennent du sulfate de zinc et m’ont causé des effets secondaires tels que des nausées et des maux d’estomac lorsque je les ai utilisés à jeun. Il est donc recommandé de les prendre après avoir mangé."
Oligovit trio,Oligovit,Immunité,Gélule,18.0,3.8,"Fonctionnement normal du système immunitaire, métabolisme énergétique normal, réduire la fatigue","Vitamine C, Vitamine D, Zinc",Complément alimentaire pour renforcer l'immunité et combler les carences.,1 gélule par jour,,"Dosage optimal 320mg, forme acérola disponible, antioxydant puissant",Peut être insuffisant en cas de carence sévère,Produit fiable pour l'immunité et la vitalité quotidienne,4.6,"[""Excellent"", ""nice product"", ""Je n\u2019ai pas aim\u00e9 ces comprim\u00e9s. Ils contiennent du sulfate de zinc et m\u2019ont caus\u00e9 des effets secondaires tels que des naus\u00e9es et des maux d\u2019estomac lorsque je les ai utilis\u00e9s \u00e0 jeun. Il est donc recommand\u00e9 de les prendre apr\u00e8s avoir mang\u00e9."", ""Tres bien"", ""Haja top""]",https://vital.com.tn/cdn/shop/products/oligovit-trio-2.jpg,https://vital.com.tn/products/oligovit-trio-2/,Croissance,"Produit: Oligovit trio
Gamme: Oligovit
Theme: Immunité
Indications: Fonctionnement normal du système immunitaire, métabolisme énergétique normal, réduire la fatigue
Composition: Vitamine C, Vitamine D, Zinc
Points positifs: Dosage optimal 320mg, forme acérola disponible, antioxydant puissant
Verdict: Produit fiable pour l'immunité et la vitalité quotidienne
Avis clients: Excellent | nice product | Je n’ai pas aimé ces comprimés. Ils contiennent du sulfate de zinc et m’ont causé des effets secondaires tels que des nausées et des maux d’estomac lorsque je les ai utilisés à jeun. Il est donc recommandé de les prendre après avoir mangé."
OLIGOVIT VITAMINE C,Oligovit,Immunité,Comprimé,5.346,4.58,"Renforcer le système immunitaire, réduire la fatigue, antioxydant, formation du collagène",Vitamine C,Complément alimentaire pour renforcer l'immunité et combler les carences.,1 gélule par jour,,"Dosage optimal 320mg, forme acérola disponible, antioxydant puissant",Peut être insuffisant en cas de carence sévère,Produit fiable pour l'immunité et la vitalité quotidienne,4.6,"[""Excellent"", ""nice product"", ""Je n\u2019ai pas aim\u00e9 ces comprim\u00e9s. Ils contiennent du sulfate de zinc et m\u2019ont caus\u00e9 des effets secondaires tels que des naus\u00e9es et des maux d\u2019estomac lorsque je les ai utilis\u00e9s \u00e0 jeun. Il est donc recommand\u00e9 de les prendre apr\u00e8s avoir mang\u00e9."", ""Tres bien"", ""Haja top""]",https://vital.com.tn/cdn/shop/products/oligovitvitaminec.jpg,https://vital.com.tn/products/oligovitvitaminec/,Maturité,"Produit: OLIGOVIT VITAMINE C
Gamme: Oligovit
Theme: Immunité
Indications: Renforcer le système immunitaire, réduire la fatigue, antioxydant, formation du collagène
Composition: Vitamine C
Points positifs: Dosage optimal 320mg, forme acérola disponible, antioxydant puissant
Verdict: Produit fiable pour l'immunité et la vitalité quotidienne
Avis clients: Excellent | nice product | Je n’ai pas aimé ces comprimés. Ils contiennent du sulfate de zinc et m’ont causé des effets secondaires tels que des nausées et des maux d’estomac lorsque je les ai utilisés à jeun. Il est donc recommandé de les prendre après avoir mangé."
Oligovit Vitamine D3 1000Ui/15 Gelules,Oligovit,Autre,,12.0,4.0,"Santé osseuse, fonctionnement du système immunitaire",Vitamine D3,Complément alimentaire pour renforcer l'immunité et combler les carences.,1 gélule par jour,,"Dosage optimal 320mg, forme acérola disponible, antioxydant puissant",Peut être insuffisant en cas de carence sévère,Produit fiable pour l'immunité et la vitalité quotidienne,4.6,"[""Excellent"", ""nice product"", ""Je n\u2019ai pas aim\u00e9 ces comprim\u00e9s. Ils contiennent du sulfate de zinc et m\u2019ont caus\u00e9 des effets secondaires tels que des naus\u00e9es et des maux d\u2019estomac lorsque je les ai utilis\u00e9s \u00e0 jeun. Il est donc recommand\u00e9 de les prendre apr\u00e8s avoir mang\u00e9."", ""Tres bien"", ""Haja top""]",,,Croissance/Promo,"Produit: Oligovit Vitamine D3 1000Ui/15 Gelules
Gamme: Oligovit
Theme: Autre
Indications: Santé osseuse, fonctionnement du système immunitaire
Composition: Vitamine D3
Points positifs: Dosage optimal 320mg, forme acérola disponible, antioxydant puissant
Verdict: Produit fiable pour l'immunité et la vitalité quotidienne
Avis clients: Excellent | nice product | Je n’ai pas aimé ces comprimés. Ils contiennent du sulfate de zinc et m’ont causé des effets secondaires tels que des nausées et des maux d’estomac lorsque je les ai utilisés à jeun. Il est donc recommandé de les prendre après avoir mangé."
OLIGOVIT VITAMINE E 200 30...,Oligovit,Autre,,16.379,3.83,"Antioxydant, protection cellulaire",Vitamine E,Complément alimentaire pour renforcer l'immunité et combler les carences.,1 gélule par jour,,"Dosage optimal 320mg, forme acérola disponible, antioxydant puissant",Peut être insuffisant en cas de carence sévère,Produit fiable pour l'immunité et la vitalité quotidienne,4.6,"[""Excellent"", ""nice product"", ""Je n\u2019ai pas aim\u00e9 ces comprim\u00e9s. Ils contiennent du sulfate de zinc et m\u2019ont caus\u00e9 des effets secondaires tels que des naus\u00e9es et des maux d\u2019estomac lorsque je les ai utilis\u00e9s \u00e0 jeun. Il est donc recommand\u00e9 de les prendre apr\u00e8s avoir mang\u00e9."", ""Tres bien"", ""Haja top""]",https://vital.com.tn/cdn/shop/products/oligovitvitaminec.jpg,https://vital.com.tn/products/oligovitvitaminec/,Maturité,"Produit: OLIGOVIT VITAMINE E 200 30...
Gamme: Oligovit
Theme: Autre
Indications: Antioxydant, protection cellulaire
Composition: Vitamine E
Points positifs: Dosage optimal 320mg, forme acérola disponible, antioxydant puissant
Verdict: Produit fiable pour l'immunité et la vitalité quotidienne
Avis clients: Excellent | nice product | Je n’ai pas aimé ces comprimés. Ils contiennent du sulfate de zinc et m’ont causé des effets secondaires tels que des nausées et des maux d’estomac lorsque je les ai utilisés à jeun. Il est donc recommandé de les prendre après avoir mangé."
Oligovit Vit.B12,Oligovit,Energie,Gélule,10.0,4.0,Renforcer l'immunité,500 µg de Vitamine B12,Complément alimentaire pour renforcer l'immunité et combler les carences.,1 gélule par jour,,"Dosage optimal 320mg, forme acérola disponible, antioxydant puissant",Peut être insuffisant en cas de carence sévère,Produit fiable pour l'immunité et la vitalité quotidienne,4.6,"[""Excellent"", ""nice product"", ""Je n\u2019ai pas aim\u00e9 ces comprim\u00e9s. Ils contiennent du sulfate de zinc et m\u2019ont caus\u00e9 des effets secondaires tels que des naus\u00e9es et des maux d\u2019estomac lorsque je les ai utilis\u00e9s \u00e0 jeun. Il est donc recommand\u00e9 de les prendre apr\u00e8s avoir mang\u00e9."", ""Tres bien"", ""Haja top""]",https://vital.com.tn/cdn/shop/products/oligovit-vit-b12-2.jpg,https://vital.com.tn/products/oligovit-vit-b12-2/,Croissance,"Produit: Oligovit Vit.B12
Gamme: Oligovit
Theme: Energie
Indications: Renforcer l'immunité
Composition: 500 µg de Vitamine B12
Points positifs: Dosage optimal 320mg, forme acérola disponible, antioxydant puissant
Verdict: Produit fiable pour l'immunité et la vitalité quotidienne
Avis clients: Excellent | nice product | Je n’ai pas aimé ces comprimés. Ils contiennent du sulfate de zinc et m’ont causé des effets secondaires tels que des nausées et des maux d’estomac lorsque je les ai utilisés à jeun. Il est donc recommandé de les prendre après avoir mangé."
Oligovit Vit.D3,Oligovit,Articulations,Gélule,12.0,4.0,Renforcer l'immunité,25 µg de Vitamine D3,Complément alimentaire pour renforcer l'immunité et combler les carences.,1 gélule par jour,,"Dosage optimal 320mg, forme acérola disponible, antioxydant puissant",Peut être insuffisant en cas de carence sévère,Produit fiable pour l'immunité et la vitalité quotidienne,4.6,"[""Excellent"", ""nice product"", ""Je n\u2019ai pas aim\u00e9 ces comprim\u00e9s. Ils contiennent du sulfate de zinc et m\u2019ont caus\u00e9 des effets secondaires tels que des naus\u00e9es et des maux d\u2019estomac lorsque je les ai utilis\u00e9s \u00e0 jeun. Il est donc recommand\u00e9 de les prendre apr\u00e8s avoir mang\u00e9."", ""Tres bien"", ""Haja top""]",https://vital.com.tn/cdn/shop/products/oligovit-vit-d3-2.jpg,https://vital.com.tn/products/oligovit-vit-d3-2/,Croissance,"Produit: Oligovit Vit.D3
Gamme: Oligovit
Theme: Articulations
Indications: Renforcer l'immunité
Composition: 25 µg de Vitamine D3
Points positifs: Dosage optimal 320mg, forme acérola disponible, antioxydant puissant
Verdict: Produit fiable pour l'immunité et la vitalité quotidienne
Avis clients: Excellent | nice product | Je n’ai pas aimé ces comprimés. Ils contiennent du sulfate de zinc et m’ont causé des effets secondaires tels que des nausées et des maux d’estomac lorsque je les ai utilisés à jeun. Il est donc recommandé de les prendre après avoir mangé."
Oligovit Vit.E 100,Oligovit,Articulations,Gélule,12.0,3.83,Renforcer l'immunité,100 mg de Vitamine E,Complément alimentaire pour renforcer l'immunité et combler les carences.,1 gélule par jour,,"Dosage optimal 320mg, forme acérola disponible, antioxydant puissant",Peut être insuffisant en cas de carence sévère,Produit fiable pour l'immunité et la vitalité quotidienne,4.6,"[""Excellent"", ""nice product"", ""Je n\u2019ai pas aim\u00e9 ces comprim\u00e9s. Ils contiennent du sulfate de zinc et m\u2019ont caus\u00e9 des effets secondaires tels que des naus\u00e9es et des maux d\u2019estomac lorsque je les ai utilis\u00e9s \u00e0 jeun. Il est donc recommand\u00e9 de les prendre apr\u00e8s avoir mang\u00e9."", ""Tres bien"", ""Haja top""]",https://vital.com.tn/cdn/shop/products/oligovit-vit-e-100.jpg,https://vital.com.tn/products/oligovit-vit-e-100/,Maturité,"Produit: Oligovit Vit.E 100
Gamme: Oligovit
Theme: Articulations
Indications: Renforcer l'immunité
Composition: 100 mg de Vitamine E
Points positifs: Dosage optimal 320mg, forme acérola disponible, antioxydant puissant
Verdict: Produit fiable pour l'immunité et la vitalité quotidienne
Avis clients: Excellent | nice product | Je n’ai pas aimé ces comprimés. Ils contiennent du sulfate de zinc et m’ont causé des effets secondaires tels que des nausées et des maux d’estomac lorsque je les ai utilisés à jeun. Il est donc recommandé de les prendre après avoir mangé."
Oligovit Vit.E 200,Oligovit,Articulations,Gélule,16.379,4.7,Renforcer l'immunité,200 mg de Vitamine E,Complément alimentaire pour renforcer l'immunité et combler les carences.,1 gélule par jour,,"Dosage optimal 320mg, forme acérola disponible, antioxydant puissant",Peut être insuffisant en cas de carence sévère,Produit fiable pour l'immunité et la vitalité quotidienne,4.6,"[""Excellent"", ""nice product"", ""Je n\u2019ai pas aim\u00e9 ces comprim\u00e9s. Ils contiennent du sulfate de zinc et m\u2019ont caus\u00e9 des effets secondaires tels que des naus\u00e9es et des maux d\u2019estomac lorsque je les ai utilis\u00e9s \u00e0 jeun. Il est donc recommand\u00e9 de les prendre apr\u00e8s avoir mang\u00e9."", ""Tres bien"", ""Haja top""]",https://vital.com.tn/cdn/shop/products/oligovit-vit-e-200.jpg,https://vital.com.tn/products/oligovit-vit-e-200/,Maturité,"Produit: Oligovit Vit.E 200
Gamme: Oligovit
Theme: Articulations
Indications: Renforcer l'immunité
Composition: 200 mg de Vitamine E
Points positifs: Dosage optimal 320mg, forme acérola disponible, antioxydant puissant
Verdict: Produit fiable pour l'immunité et la vitalité quotidienne
Avis clients: Excellent | nice product | Je n’ai pas aimé ces comprimés. Ils contiennent du sulfate de zinc et m’ont causé des effets secondaires tels que des nausées et des maux d’estomac lorsque je les ai utilisés à jeun. Il est donc recommandé de les prendre après avoir mangé."
Oligovit zinc,Oligovit,Articulations,Gélule,5.597,4.4,"Défenses immunitaires, santé de la peau",Zinc,Complément alimentaire pour renforcer l'immunité et combler les carences.,1 gélule par jour,,"Dosage optimal 320mg, forme acérola disponible, antioxydant puissant",Peut être insuffisant en cas de carence sévère,Produit fiable pour l'immunité et la vitalité quotidienne,4.6,"[""Excellent"", ""nice product"", ""Je n\u2019ai pas aim\u00e9 ces comprim\u00e9s. Ils contiennent du sulfate de zinc et m\u2019ont caus\u00e9 des effets secondaires tels que des naus\u00e9es et des maux d\u2019estomac lorsque je les ai utilis\u00e9s \u00e0 jeun. Il est donc recommand\u00e9 de les prendre apr\u00e8s avoir mang\u00e9."", ""Tres bien"", ""Haja top""]",https://vital.com.tn/cdn/shop/products/oligovit-zinc-2.jpg,https://vital.com.tn/products/oligovit-zinc-2/,Croissance,"Produit: Oligovit zinc
Gamme: Oligovit
Theme: Articulations
Indications: Défenses immunitaires, santé de la peau
Composition: Zinc
Points positifs: Dosage optimal 320mg, forme acérola disponible, antioxydant puissant
Verdict: Produit fiable pour l'immunité et la vitalité quotidienne
Avis clients: Excellent | nice product | Je n’ai pas aimé ces comprimés. Ils contiennent du sulfate de zinc et m’ont causé des effets secondaires tels que des nausées et des maux d’estomac lorsque je les ai utilisés à jeun. Il est donc recommandé de les prendre après avoir mangé."
Omevie Articulation – 900,Omevie,Articulations,Gélule,28.788,3.0,"Confort articulaire, articulation souple et confortable, soulager les douleurs arthrosiques","Oméga-3, huile essentielle de lavande, vitamine E, huile essentielle de curcuma",Complément alimentaire pour le confort articulaire à base d'oméga-3.,1 capsule par jour,,"EPA+DHA + Vitamine E, encapsulation de qualité",Prix élevé comparé aux omégas basiques,"Excellent rapport qualité/prix, efficacité prouvée",4.7,"[""C\u2019est l\u2019Omega 3 que j\u2019utilise pour mes cures !"", ""Un Bon produit pour les yeux"", ""bon produit"", ""je le recommande"", ""excellent""]",https://vital.com.tn/cdn/shop/products/omevie-articulation-900.jpg,https://vital.com.tn/products/omevie-articulation-900/,Croissance,"Produit: Omevie Articulation – 900
Gamme: Omevie
Theme: Articulations
Indications: Confort articulaire, articulation souple et confortable, soulager les douleurs arthrosiques
Composition: Oméga-3, huile essentielle de lavande, vitamine E, huile essentielle de curcuma
Points positifs: EPA+DHA + Vitamine E, encapsulation de qualité
Verdict: Excellent rapport qualité/prix, efficacité prouvée
Avis clients: C’est l’Omega 3 que j’utilise pour mes cures ! | Un Bon produit pour les yeux | bon produit"
Omevie Articulation 900 – 30 Capsules,Omevie,Articulations,,28.788,3.0,"Confort articulaire, articulation souple et confortable, soulager les douleurs arthrosiques","Oméga-3, huile essentielle de lavande, vitamine E, huile essentielle de curcuma",Complément alimentaire pour le confort articulaire à base d'oméga-3.,1 capsule par jour,,"EPA+DHA + Vitamine E, encapsulation de qualité",Prix élevé comparé aux omégas basiques,"Excellent rapport qualité/prix, efficacité prouvée",4.7,"[""C\u2019est l\u2019Omega 3 que j\u2019utilise pour mes cures !"", ""Un Bon produit pour les yeux"", ""bon produit"", ""je le recommande"", ""excellent""]",,,Croissance/Promo,"Produit: Omevie Articulation 900 – 30 Capsules
Gamme: Omevie
Theme: Articulations
Indications: Confort articulaire, articulation souple et confortable, soulager les douleurs arthrosiques
Composition: Oméga-3, huile essentielle de lavande, vitamine E, huile essentielle de curcuma
Points positifs: EPA+DHA + Vitamine E, encapsulation de qualité
Verdict: Excellent rapport qualité/prix, efficacité prouvée
Avis clients: C’est l’Omega 3 que j’utilise pour mes cures ! | Un Bon produit pour les yeux | bon produit"
Omevie Cardio – 900,Omevie,Immunité,Gélule,28.0,4.0,"Soutenir la santé cardiovasculaire, réguler le cholestérol, maintenir une tension artérielle normale","Oméga-3 (EPA, DHA), huiles essentielles de moutarde et romarin",Complément alimentaire pour la santé cardiovasculaire à base d'oméga-3 (EPA et DHA).,"1 capsule par jour avec un grand verre d'eau, de préférence au cours d'un repas",Respecter les recommandations d'un professionnel de santé en cas de suivi médical,"EPA+DHA + Vitamine E, encapsulation de qualité",Prix élevé comparé aux omégas basiques,"Excellent rapport qualité/prix, efficacité prouvée",4.7,"[""C\u2019est l\u2019Omega 3 que j\u2019utilise pour mes cures !"", ""Un Bon produit pour les yeux"", ""bon produit"", ""je le recommande"", ""excellent""]",https://vital.com.tn/cdn/shop/products/omevie-cardio-900.jpg,https://vital.com.tn/products/omevie-cardio-900/,Croissance,"Produit: Omevie Cardio – 900
Gamme: Omevie
Theme: Immunité
Indications: Soutenir la santé cardiovasculaire, réguler le cholestérol, maintenir une tension artérielle normale
Composition: Oméga-3 (EPA, DHA), huiles essentielles de moutarde et romarin
Points positifs: EPA+DHA + Vitamine E, encapsulation de qualité
Verdict: Excellent rapport qualité/prix, efficacité prouvée
Avis clients: C’est l’Omega 3 que j’utilise pour mes cures ! | Un Bon produit pour les yeux | bon produit"
Omevie Cardio 900 – 30 Capsules,Omevie,Autre,,28.0,4.0,"Soutenir la santé cardiovasculaire, réguler le cholestérol, maintenir une tension artérielle normale","Oméga-3 (EPA, DHA), huiles essentielles de moutarde et romarin",Complément alimentaire pour la santé cardiovasculaire à base d'oméga-3 (EPA et DHA).,"1 capsule par jour avec un grand verre d'eau, de préférence au cours d'un repas",Respecter les recommandations d'un professionnel de santé en cas de suivi médical,"EPA+DHA + Vitamine E, encapsulation de qualité",Prix élevé comparé aux omégas basiques,"Excellent rapport qualité/prix, efficacité prouvée",4.7,"[""C\u2019est l\u2019Omega 3 que j\u2019utilise pour mes cures !"", ""Un Bon produit pour les yeux"", ""bon produit"", ""je le recommande"", ""excellent""]",,,Croissance/Promo,"Produit: Omevie Cardio 900 – 30 Capsules
Gamme: Omevie
Theme: Autre
Indications: Soutenir la santé cardiovasculaire, réguler le cholestérol, maintenir une tension artérielle normale
Composition: Oméga-3 (EPA, DHA), huiles essentielles de moutarde et romarin
Points positifs: EPA+DHA + Vitamine E, encapsulation de qualité
Verdict: Excellent rapport qualité/prix, efficacité prouvée
Avis clients: C’est l’Omega 3 que j’utilise pour mes cures ! | Un Bon produit pour les yeux | bon produit"
Omevie Emotion – 900,Omevie,Autre,Gélule,35.0,5.0,"Garder une humeur équilibrée
Aide à maintenir un équilibre émotionnel","Oméga 3, Huile essentielle de lavande, Vitamine E, Huile essentielle de millepertuis",Boite de 30 capsules,1 capsule par jour,,"EPA+DHA + Vitamine E, encapsulation de qualité",Prix élevé comparé aux omégas basiques,"Excellent rapport qualité/prix, efficacité prouvée",4.7,"[""C\u2019est l\u2019Omega 3 que j\u2019utilise pour mes cures !"", ""Un Bon produit pour les yeux"", ""bon produit"", ""je le recommande"", ""excellent""]",https://vital.com.tn/cdn/shop/products/omevie-emotion-900.jpg,https://vital.com.tn/products/omevie-emotion-900/,Croissance,"Produit: Omevie Emotion – 900
Gamme: Omevie
Theme: Autre
Indications: Garder une humeur équilibrée
Aide à maintenir un équilibre émotionnel
Composition: Oméga 3, Huile essentielle de lavande, Vitamine E, Huile essentielle de millepertuis
Points positifs: EPA+DHA + Vitamine E, encapsulation de qualité
Verdict: Excellent rapport qualité/prix, efficacité prouvée
Avis clients: C’est l’Omega 3 que j’utilise pour mes cures ! | Un Bon produit pour les yeux | bon produit"
Omevie Grossesse – 1000,Omevie,Articulations,Gélule,32.0,5.0,"Favoriser le développement et la croissance du fœtus, assurer le bon fonctionnement du système immunitaire","Oméga-3, vitamine E","Complément alimentaire pour le développement du fœtus, riche en oméga-3 et vitamine E.",1 capsule par jour,,"EPA+DHA + Vitamine E, encapsulation de qualité",Prix élevé comparé aux omégas basiques,"Excellent rapport qualité/prix, efficacité prouvée",4.7,"[""C\u2019est l\u2019Omega 3 que j\u2019utilise pour mes cures !"", ""Un Bon produit pour les yeux"", ""bon produit"", ""je le recommande"", ""excellent""]",https://vital.com.tn/cdn/shop/products/omevie-grossesse-1000.jpg,https://vital.com.tn/products/omevie-grossesse-1000/,Croissance,"Produit: Omevie Grossesse – 1000
Gamme: Omevie
Theme: Articulations
Indications: Favoriser le développement et la croissance du fœtus, assurer le bon fonctionnement du système immunitaire
Composition: Oméga-3, vitamine E
Points positifs: EPA+DHA + Vitamine E, encapsulation de qualité
Verdict: Excellent rapport qualité/prix, efficacité prouvée
Avis clients: C’est l’Omega 3 que j’utilise pour mes cures ! | Un Bon produit pour les yeux | bon produit"
Omevie Grossesse -1000,Omevie,Articulations,,32.0,5.0,"Favoriser le développement et la croissance du fœtus, assurer le bon fonctionnement du système immunitaire","Oméga-3, vitamine E","Complément alimentaire pour le développement du fœtus, riche en oméga-3 et vitamine E.",1 capsule par jour,,"EPA+DHA + Vitamine E, encapsulation de qualité",Prix élevé comparé aux omégas basiques,"Excellent rapport qualité/prix, efficacité prouvée",4.7,"[""C\u2019est l\u2019Omega 3 que j\u2019utilise pour mes cures !"", ""Un Bon produit pour les yeux"", ""bon produit"", ""je le recommande"", ""excellent""]",https://vital.com.tn/cdn/shop/products/omevie-grossesse-1000.jpg,https://vital.com.tn/products/omevie-grossesse-1000/,Croissance/Promo,"Produit: Omevie Grossesse -1000
Gamme: Omevie
Theme: Articulations
Indications: Favoriser le développement et la croissance du fœtus, assurer le bon fonctionnement du système immunitaire
Composition: Oméga-3, vitamine E
Points positifs: EPA+DHA + Vitamine E, encapsulation de qualité
Verdict: Excellent rapport qualité/prix, efficacité prouvée
Avis clients: C’est l’Omega 3 que j’utilise pour mes cures ! | Un Bon produit pour les yeux | bon produit"
Omevie Omega 3 – 1000,Omevie,Immunité,Gélule,30.228,4.64,"Contribuer au bon développement cérébral, maintenir une bonne vision, prévenir l'inflammation","Oméga-3, vitamine E",Complément alimentaire à base d'oméga-3 pour le développement cérébral et la vision.,1 capsule par jour,,"EPA+DHA + Vitamine E, encapsulation de qualité",Prix élevé comparé aux omégas basiques,"Excellent rapport qualité/prix, efficacité prouvée",4.7,"[""C\u2019est l\u2019Omega 3 que j\u2019utilise pour mes cures !"", ""Un Bon produit pour les yeux"", ""bon produit"", ""je le recommande"", ""excellent""]",https://vital.com.tn/cdn/shop/products/omevie-omega-3-1000.jpg,https://vital.com.tn/products/omevie-omega-3-1000/,Maturité,"Produit: Omevie Omega 3 – 1000
Gamme: Omevie
Theme: Immunité
Indications: Contribuer au bon développement cérébral, maintenir une bonne vision, prévenir l'inflammation
Composition: Oméga-3, vitamine E
Points positifs: EPA+DHA + Vitamine E, encapsulation de qualité
Verdict: Excellent rapport qualité/prix, efficacité prouvée
Avis clients: C’est l’Omega 3 que j’utilise pour mes cures ! | Un Bon produit pour les yeux | bon produit"
Omevie Omega 3 – 1000 30 Capsules,Omevie,Autre,,30.228,4.6,"Contribuer au bon développement cérébral, maintenir une bonne vision, prévenir l'inflammation","Oméga-3, vitamine E",Complément alimentaire à base d'oméga-3 pour le développement cérébral et la vision.,1 capsule par jour,,"EPA+DHA + Vitamine E, encapsulation de qualité",Prix élevé comparé aux omégas basiques,"Excellent rapport qualité/prix, efficacité prouvée",4.7,"[""C\u2019est l\u2019Omega 3 que j\u2019utilise pour mes cures !"", ""Un Bon produit pour les yeux"", ""bon produit"", ""je le recommande"", ""excellent""]",https://vital.com.tn/cdn/shop/products/omevie-omega-3-1000.jpg,https://vital.com.tn/products/omevie-omega-3-1000/,Croissance/Promo,"Produit: Omevie Omega 3 – 1000 30 Capsules
Gamme: Omevie
Theme: Autre
Indications: Contribuer au bon développement cérébral, maintenir une bonne vision, prévenir l'inflammation
Composition: Oméga-3, vitamine E
Points positifs: EPA+DHA + Vitamine E, encapsulation de qualité
Verdict: Excellent rapport qualité/prix, efficacité prouvée
Avis clients: C’est l’Omega 3 que j’utilise pour mes cures ! | Un Bon produit pour les yeux | bon produit"
Omevie Omega 3 – 500,Omevie,Immunité,Gélule,19.054,5.0,"– Contribue au bon développement cérébral
– Maintenir une bonne vision
– Prévient et réduit l’inflammation secondaire à une infection virale
– Concentration","Oméga 3, Vitamine E",Boite de 30 capsules,1 capsule par jour,,"EPA+DHA + Vitamine E, encapsulation de qualité",Prix élevé comparé aux omégas basiques,"Excellent rapport qualité/prix, efficacité prouvée",4.7,"[""C\u2019est l\u2019Omega 3 que j\u2019utilise pour mes cures !"", ""Un Bon produit pour les yeux"", ""bon produit"", ""je le recommande"", ""excellent""]",https://vital.com.tn/cdn/shop/products/omevie-omega-3-500.jpg,https://vital.com.tn/products/omevie-omega-3-500/,Croissance,"Produit: Omevie Omega 3 – 500
Gamme: Omevie
Theme: Immunité
Indications: – Contribue au bon développement cérébral
– Maintenir une bonne vision
– Prévient et réduit l’inflammation secondaire à une infection virale
– Concentration
Composition: Oméga 3, Vitamine E
Points positifs: EPA+DHA + Vitamine E, encapsulation de qualité
Verdict: Excellent rapport qualité/prix, efficacité prouvée
Avis clients: C’est l’Omega 3 que j’utilise pour mes cures ! | Un Bon produit pour les yeux | bon produit"
Pectine de pomme,Autres,Minceur,Gélule,15.0,4.0,"– Coupe faim
– Piège les sucres et les graisses
– Accélère la sensation de satiété",Pectine de pomme,Boite de 30 gélules,"1 gélule à midi et une gélule le soir, une demi heure avant le repas",Pectine de pomme,,,,,[],https://vital.com.tn/cdn/shop/products/pectine-de-pomme-4.jpg,https://vital.com.tn/products/pectine-de-pomme-4/,Croissance,"Produit: Pectine de pomme
Gamme: Autres
Theme: Minceur
Indications: – Coupe faim
– Piège les sucres et les graisses
– Accélère la sensation de satiété
Composition: Pectine de pomme
Points positifs: 
Verdict: 
Avis clients: "
Pédiakids Anti-ballonnement,Pédiakids,Digestif,Liquide,12.0,4.0,Santé et bien-être des enfants,"Extrait sec de Fenouil, Extrait sec de Coriandre, Extrait sec d'Anis, Eau de géranium",Produit naturel pour la santé des enfants.,Selon l'âge de l'enfant,Aucune,,,,,"[""Good quality."", ""efficace"", ""la meilleure"", ""meilleur produit"", ""tr\u00e8s bon qualit\u00e9 prix""]",https://vital.com.tn/cdn/shop/products/pediakids-anti-ballonnement.jpg,https://vital.com.tn/products/pediakids-anti-ballonnement/,Croissance,"Produit: Pédiakids Anti-ballonnement
Gamme: Pédiakids
Theme: Digestif
Indications: Santé et bien-être des enfants
Composition: Extrait sec de Fenouil, Extrait sec de Coriandre, Extrait sec d'Anis, Eau de géranium
Points positifs: 
Verdict: 
Avis clients: Good quality. | efficace | la meilleure"
Pédiakids Apigorge,Pédiakids,Autre,Liquide,12.0,,Santé et bien-être des enfants,"extrait sec de Guimauve, extrait sec d'Eucalyptus, extrait sec de Thym, extrait sec d'échinacée, extrait sec de Plantain, extrait sec de Réglisse, propolis, vitamine C",Produit naturel pour la santé des enfants.,Selon l'âge de l'enfant,,,,,,"[""Good quality."", ""efficace"", ""la meilleure"", ""meilleur produit"", ""tr\u00e8s bon qualit\u00e9 prix""]",https://vital.com.tn/cdn/shop/products/pediakids-apigorge.jpg,https://vital.com.tn/products/pediakids-apigorge/,Croissance,"Produit: Pédiakids Apigorge
Gamme: Pédiakids
Theme: Autre
Indications: Santé et bien-être des enfants
Composition: extrait sec de Guimauve, extrait sec d'Eucalyptus, extrait sec de Thym, extrait sec d'échinacée, extrait sec de Plantain, extrait sec de Réglisse, propolis, vitamine C
Points positifs: 
Verdict: 
Avis clients: Good quality. | efficace | la meilleure"
Pédiakids Apigrip,Pédiakids,Autre,Liquide,12.0,,Santé et bien-être des enfants,"Extrait sec d'acerola, extrait sec d'échinacée, extrait sec de camomille, extrait sec de noyer, extrait sec de cassis, miel, propolis",Produit naturel pour la santé des enfants.,Selon l'âge de l'enfant,Aucune,,,,,"[""Good quality."", ""efficace"", ""la meilleure"", ""meilleur produit"", ""tr\u00e8s bon qualit\u00e9 prix""]",https://vital.com.tn/cdn/shop/products/pediakids-apigrip-3.jpg,https://vital.com.tn/products/pediakids-apigrip-3/,Croissance,"Produit: Pédiakids Apigrip
Gamme: Pédiakids
Theme: Autre
Indications: Santé et bien-être des enfants
Composition: Extrait sec d'acerola, extrait sec d'échinacée, extrait sec de camomille, extrait sec de noyer, extrait sec de cassis, miel, propolis
Points positifs: 
Verdict: 
Avis clients: Good quality. | efficace | la meilleure"
Pédiakids Apigrip Sans Sucre,Pédiakids,Autre,Liquide,12.0,,Santé et bien-être des enfants,"Extrait sec d'acerola, extrait sec d'échinacée, extrait sec de camomille, extrait sec de noyer, extrait sec de cassis, miel, propolis",Produit naturel pour la santé des enfants.,Selon l'âge de l'enfant,,,,,,"[""Good quality."", ""efficace"", ""la meilleure"", ""meilleur produit"", ""tr\u00e8s bon qualit\u00e9 prix""]",https://vital.com.tn/cdn/shop/products/pediakids-apigrip-sans-sucre-2.jpg,https://vital.com.tn/products/pediakids-apigrip-sans-sucre-2/,Croissance,"Produit: Pédiakids Apigrip Sans Sucre
Gamme: Pédiakids
Theme: Autre
Indications: Santé et bien-être des enfants
Composition: Extrait sec d'acerola, extrait sec d'échinacée, extrait sec de camomille, extrait sec de noyer, extrait sec de cassis, miel, propolis
Points positifs: 
Verdict: 
Avis clients: Good quality. | efficace | la meilleure"
Pédiakids Apimix,Pédiakids,Enfants,Liquide,12.0,,Santé et bien-être des enfants,,Produit naturel pour la santé des enfants.,Selon l'âge de l'enfant,,,,,,"[""Good quality."", ""efficace"", ""la meilleure"", ""meilleur produit"", ""tr\u00e8s bon qualit\u00e9 prix""]",https://vital.com.tn/cdn/shop/products/pediakids-apimix-2.jpg,https://vital.com.tn/products/pediakids-apimix-2/,Croissance,"Produit: Pédiakids Apimix
Gamme: Pédiakids
Theme: Enfants
Indications: Santé et bien-être des enfants
Composition: 
Points positifs: 
Verdict: 
Avis clients: Good quality. | efficace | la meilleure"
Pédiakids Apimix Sans Sucre,Pédiakids,Enfants,Liquide,12.0,4.0,Santé et bien-être des enfants,,Produit naturel pour la santé des enfants.,Selon l'âge de l'enfant,,,,,,"[""Good quality."", ""efficace"", ""la meilleure"", ""meilleur produit"", ""tr\u00e8s bon qualit\u00e9 prix""]",https://vital.com.tn/cdn/shop/products/pediakids-apimix-sans-sucre-2.jpg,https://vital.com.tn/products/pediakids-apimix-sans-sucre-2/,Croissance,"Produit: Pédiakids Apimix Sans Sucre
Gamme: Pédiakids
Theme: Enfants
Indications: Santé et bien-être des enfants
Composition: 
Points positifs: 
Verdict: 
Avis clients: Good quality. | efficace | la meilleure"
Pédiakids Apinez,Pédiakids,Autre,Liquide,12.0,,Santé et bien-être des enfants,"Extrait sec d'astragale, Extrait sec de tilleul, Extrait sec de cassis, Extrait sec de plantin, propolis, Vitamine C, Zinc",Produit naturel pour la santé des enfants.,Selon l'âge de l'enfant,,,,,,"[""Good quality."", ""efficace"", ""la meilleure"", ""meilleur produit"", ""tr\u00e8s bon qualit\u00e9 prix""]",https://vital.com.tn/cdn/shop/products/apinez-2.jpg,https://vital.com.tn/products/apinez-2/,Croissance,"Produit: Pédiakids Apinez
Gamme: Pédiakids
Theme: Autre
Indications: Santé et bien-être des enfants
Composition: Extrait sec d'astragale, Extrait sec de tilleul, Extrait sec de cassis, Extrait sec de plantin, propolis, Vitamine C, Zinc
Points positifs: 
Verdict: 
Avis clients: Good quality. | efficace | la meilleure"
Pédiakids APITOU N°1,Pédiakids,Autre,Liquide,12.0,,Santé et bien-être des enfants,"Extrait sec de thym, extrait sec de plantain, extrait sec d'eucalyptus, extrait sec de cassis, miel, propolis",Produit naturel pour la santé des enfants.,Selon l'âge de l'enfant,Aucune,,,,,"[""Good quality."", ""efficace"", ""la meilleure"", ""meilleur produit"", ""tr\u00e8s bon qualit\u00e9 prix""]",https://vital.com.tn/cdn/shop/products/pediakids-apitou-n1.jpg,https://vital.com.tn/products/pediakids-apitou-n1/,Croissance,"Produit: Pédiakids APITOU N°1
Gamme: Pédiakids
Theme: Autre
Indications: Santé et bien-être des enfants
Composition: Extrait sec de thym, extrait sec de plantain, extrait sec d'eucalyptus, extrait sec de cassis, miel, propolis
Points positifs: 
Verdict: 
Avis clients: Good quality. | efficace | la meilleure"
Pédiakids APITOU N°1 Sans Sucre,Pédiakids,Autre,Liquide,12.0,,Santé et bien-être des enfants,"Extrait sec de thym, extrait sec de plantain, extrait sec d'eucalyptus, extrait sec de cassis, miel, propolis",Produit naturel pour la santé des enfants.,Selon l'âge de l'enfant,,,,,,"[""Good quality."", ""efficace"", ""la meilleure"", ""meilleur produit"", ""tr\u00e8s bon qualit\u00e9 prix""]",https://vital.com.tn/cdn/shop/products/pediakids-apitou-n1-sans-sucre.jpg,https://vital.com.tn/products/pediakids-apitou-n1-sans-sucre/,Croissance,"Produit: Pédiakids APITOU N°1 Sans Sucre
Gamme: Pédiakids
Theme: Autre
Indications: Santé et bien-être des enfants
Composition: Extrait sec de thym, extrait sec de plantain, extrait sec d'eucalyptus, extrait sec de cassis, miel, propolis
Points positifs: 
Verdict: 
Avis clients: Good quality. | efficace | la meilleure"
Pédiakids APITOU N°2,Pédiakids,Enfants,Liquide,12.0,,Santé et bien-être des enfants,"Extrait sec de Plantin, extrait sec de tilleul, extrait sec de romarin, miel, propolis, arome",Produit naturel pour la santé des enfants.,Selon l'âge de l'enfant,Aucune,,,,,"[""Good quality."", ""efficace"", ""la meilleure"", ""meilleur produit"", ""tr\u00e8s bon qualit\u00e9 prix""]",https://vital.com.tn/cdn/shop/products/pediakids-apitou-n2.jpg,https://vital.com.tn/products/pediakids-apitou-n2/,Croissance,"Produit: Pédiakids APITOU N°2
Gamme: Pédiakids
Theme: Enfants
Indications: Santé et bien-être des enfants
Composition: Extrait sec de Plantin, extrait sec de tilleul, extrait sec de romarin, miel, propolis, arome
Points positifs: 
Verdict: 
Avis clients: Good quality. | efficace | la meilleure"
Pédiakids APITOU N°2 Sans Sucre,Pédiakids,Enfants,Liquide,12.0,,Santé et bien-être des enfants,"Extrait sec de Plantin, extrait sec de tilleul, extrait sec de romarin, miel, propolis, arome",Produit naturel pour la santé des enfants.,Selon l'âge de l'enfant,,,,,,"[""Good quality."", ""efficace"", ""la meilleure"", ""meilleur produit"", ""tr\u00e8s bon qualit\u00e9 prix""]",https://vital.com.tn/cdn/shop/products/pediakids-apitou-n2-sans-sucre.jpg,https://vital.com.tn/products/pediakids-apitou-n2-sans-sucre/,Croissance,"Produit: Pédiakids APITOU N°2 Sans Sucre
Gamme: Pédiakids
Theme: Enfants
Indications: Santé et bien-être des enfants
Composition: Extrait sec de Plantin, extrait sec de tilleul, extrait sec de romarin, miel, propolis, arome
Points positifs: 
Verdict: 
Avis clients: Good quality. | efficace | la meilleure"
Pédiakids Apix baume,Pédiakids,Autre,Gel/Crème,12.0,5.0,Santé et bien-être des enfants,"Huile d'olive, huile essentielle de thym, huile essentielle d'eucalyptus, huile essentielle de romarin, camphre",Produit naturel pour la santé des enfants.,Selon l'âge de l'enfant,,,,,,"[""Good quality."", ""efficace"", ""la meilleure"", ""meilleur produit"", ""tr\u00e8s bon qualit\u00e9 prix""]",https://vital.com.tn/cdn/shop/products/pediakids-apix-baume.jpg,https://vital.com.tn/products/pediakids-apix-baume/,Croissance,"Produit: Pédiakids Apix baume
Gamme: Pédiakids
Theme: Autre
Indications: Santé et bien-être des enfants
Composition: Huile d'olive, huile essentielle de thym, huile essentielle d'eucalyptus, huile essentielle de romarin, camphre
Points positifs: 
Verdict: 
Avis clients: Good quality. | efficace | la meilleure"
Pédiakids Apix baume nourrisson,Pédiakids,Enfants,Gel/Crème,12.0,5.0,Santé et bien-être des enfants,"Beurre de karité, huile d'olive, extrait d'eucalyptus radié, extrait de lavandula angustifolia, extrait de mandarine, extrait de camomille matricaire",Produit naturel pour la santé des enfants.,Selon l'âge de l'enfant,,,,,,"[""Good quality."", ""efficace"", ""la meilleure"", ""meilleur produit"", ""tr\u00e8s bon qualit\u00e9 prix""]",https://vital.com.tn/cdn/shop/products/pediakids-apix-baume-nourrisson.jpg,https://vital.com.tn/products/pediakids-apix-baume-nourrisson/,Croissance,"Produit: Pédiakids Apix baume nourrisson
Gamme: Pédiakids
Theme: Enfants
Indications: Santé et bien-être des enfants
Composition: Beurre de karité, huile d'olive, extrait d'eucalyptus radié, extrait de lavandula angustifolia, extrait de mandarine, extrait de camomille matricaire
Points positifs: 
Verdict: 
Avis clients: Good quality. | efficace | la meilleure"
Pédiakids Appétit croissance,Pédiakids,Autre,Liquide,12.0,,Santé et bien-être des enfants,"Spiruline, Gingembre, Fenugrec, Curcuma, Vitamine C",Produit naturel pour la santé des enfants.,Selon l'âge de l'enfant,Aucune,,,,,"[""Good quality."", ""efficace"", ""la meilleure"", ""meilleur produit"", ""tr\u00e8s bon qualit\u00e9 prix""]",https://vital.com.tn/cdn/shop/products/pediakids-appetit-croissance-2.jpg,https://vital.com.tn/products/pediakids-appetit-croissance-2/,Croissance,"Produit: Pédiakids Appétit croissance
Gamme: Pédiakids
Theme: Autre
Indications: Santé et bien-être des enfants
Composition: Spiruline, Gingembre, Fenugrec, Curcuma, Vitamine C
Points positifs: 
Verdict: 
Avis clients: Good quality. | efficace | la meilleure"
Pédiakids Calcium & Vit. D3,Pédiakids,Articulations,Liquide,12.0,,Santé et bien-être des enfants,"Calcium, vitamine D3 et vitamine B12",Produit naturel pour la santé des enfants.,Selon l'âge de l'enfant,Aucune,,,,,"[""Good quality."", ""efficace"", ""la meilleure"", ""meilleur produit"", ""tr\u00e8s bon qualit\u00e9 prix""]",https://vital.com.tn/cdn/shop/products/calcium-vit-d3.jpg,https://vital.com.tn/products/calcium-vit-d3/,Croissance,"Produit: Pédiakids Calcium & Vit. D3
Gamme: Pédiakids
Theme: Articulations
Indications: Santé et bien-être des enfants
Composition: Calcium, vitamine D3 et vitamine B12
Points positifs: 
Verdict: 
Avis clients: Good quality. | efficace | la meilleure"
Pédiakids COLIGAZ,Pédiakids,Digestif,Autre,12.0,4.0,Santé et bien-être des enfants,"Huile essentielle de Carvi, huile de germe de blé",Produit naturel pour la santé des enfants.,Selon l'âge de l'enfant,Aucune,,,,,"[""Good quality."", ""efficace"", ""la meilleure"", ""meilleur produit"", ""tr\u00e8s bon qualit\u00e9 prix""]",https://vital.com.tn/cdn/shop/products/pediakids-coligaz.jpg,https://vital.com.tn/products/pediakids-coligaz/,Croissance,"Produit: Pédiakids COLIGAZ
Gamme: Pédiakids
Theme: Digestif
Indications: Santé et bien-être des enfants
Composition: Huile essentielle de Carvi, huile de germe de blé
Points positifs: 
Verdict: 
Avis clients: Good quality. | efficace | la meilleure"
Pédiakids Crème pour le change,Pédiakids,Autre,Gel/Crème,9.554,,Santé et bien-être des enfants,"Lanoline, Oxyde de Zinc, Huile essentiel de lavande",Produit naturel pour la santé des enfants.,Selon l'âge de l'enfant,Aucune,,,,,"[""Good quality."", ""efficace"", ""la meilleure"", ""meilleur produit"", ""tr\u00e8s bon qualit\u00e9 prix""]",https://vital.com.tn/cdn/shop/products/pediakids-creme.jpg,https://vital.com.tn/products/pediakids-creme/,Croissance,"Produit: Pédiakids Crème pour le change
Gamme: Pédiakids
Theme: Autre
Indications: Santé et bien-être des enfants
Composition: Lanoline, Oxyde de Zinc, Huile essentiel de lavande
Points positifs: 
Verdict: 
Avis clients: Good quality. | efficace | la meilleure"
Pédiakids Crème pour le change 90gr,Pédiakids,Autre,Gel/Crème,17.495,3.0,Santé et bien-être des enfants,Lanoline - Oxyde de Zinc - Huile essentielle de Lavande,Produit naturel pour la santé des enfants.,Selon l'âge de l'enfant,Aucune,,,,,"[""Good quality."", ""efficace"", ""la meilleure"", ""meilleur produit"", ""tr\u00e8s bon qualit\u00e9 prix""]",https://vital.com.tn/cdn/shop/products/pediakids-creme-pour-le-change-90gr.jpg,https://vital.com.tn/products/pediakids-creme-pour-le-change-90gr/,Croissance,"Produit: Pédiakids Crème pour le change 90gr
Gamme: Pédiakids
Theme: Autre
Indications: Santé et bien-être des enfants
Composition: Lanoline - Oxyde de Zinc - Huile essentielle de Lavande
Points positifs: 
Verdict: 
Avis clients: Good quality. | efficace | la meilleure"
Pédiakids CROÛTE DE LAIT,Pédiakids,Autre,,12.0,,Traiter les croûtes de lait,,Produit naturel pour la santé des enfants.,Appliquer sur les zones concernées,,,,,,"[""Good quality."", ""efficace"", ""la meilleure"", ""meilleur produit"", ""tr\u00e8s bon qualit\u00e9 prix""]",https://vital.com.tn/cdn/shop/products/pediakids-croute-de-lait-2.jpg,https://vital.com.tn/products/pediakids-croute-de-lait-2/,Croissance,"Produit: Pédiakids CROÛTE DE LAIT
Gamme: Pédiakids
Theme: Autre
Indications: Traiter les croûtes de lait
Composition: 
Points positifs: 
Verdict: 
Avis clients: Good quality. | efficace | la meilleure"
Pédiakids Gel Lavant Doux,Pédiakids,Beauté/Peau,Gel/Crème,12.0,,Santé et bien-être des enfants,Huile d'avocat,Produit naturel pour la santé des enfants.,Selon l'âge de l'enfant,,,,,,"[""Good quality."", ""efficace"", ""la meilleure"", ""meilleur produit"", ""tr\u00e8s bon qualit\u00e9 prix""]",https://vital.com.tn/cdn/shop/products/gel-lavant-doux.jpg,https://vital.com.tn/products/gel-lavant-doux/,Croissance,"Produit: Pédiakids Gel Lavant Doux
Gamme: Pédiakids
Theme: Beauté/Peau
Indications: Santé et bien-être des enfants
Composition: Huile d'avocat
Points positifs: 
Verdict: 
Avis clients: Good quality. | efficace | la meilleure"
PédiaKids Gelée royale Pollen Propolis,Pédiakids,Articulations,Liquide,12.0,4.8,Santé et bien-être des enfants,"Gelée royale, Pollen, Propolis, Extrait sec d'échinacée, Vitamine C",Produit naturel pour la santé des enfants.,Selon l'âge de l'enfant,Aucune,,,,,"[""Good quality."", ""efficace"", ""la meilleure"", ""meilleur produit"", ""tr\u00e8s bon qualit\u00e9 prix""]",https://vital.com.tn/cdn/shop/products/gelee-royale-2.jpg,https://vital.com.tn/products/gelee-royale-2/,Croissance,"Produit: PédiaKids Gelée royale Pollen Propolis
Gamme: Pédiakids
Theme: Articulations
Indications: Santé et bien-être des enfants
Composition: Gelée royale, Pollen, Propolis, Extrait sec d'échinacée, Vitamine C
Points positifs: 
Verdict: 
Avis clients: Good quality. | efficace | la meilleure"
Pédiakids Gripe water,Pédiakids,Digestif,Liquide,12.0,,Santé et bien-être des enfants,"Bicarbonate de sodium , extrait sec de Fenouil , extrait sec d’Aneth",Produit naturel pour la santé des enfants.,Selon l'âge de l'enfant,,,,,,"[""Good quality."", ""efficace"", ""la meilleure"", ""meilleur produit"", ""tr\u00e8s bon qualit\u00e9 prix""]",https://vital.com.tn/cdn/shop/products/pediakids-gripe-water.jpg,https://vital.com.tn/products/pediakids-gripe-water/,Croissance,"Produit: Pédiakids Gripe water
Gamme: Pédiakids
Theme: Digestif
Indications: Santé et bien-être des enfants
Composition: Bicarbonate de sodium , extrait sec de Fenouil , extrait sec d’Aneth
Points positifs: 
Verdict: 
Avis clients: Good quality. | efficace | la meilleure"
Pédiakids Huile de massage sommeil,Pédiakids,Beauté/Peau,,12.0,,Favoriser le sommeil des enfants,"Huile d'avocat, Huile de noix de Coco ,Huile de tournesol ,Huile essentielle de Lavande",Produit naturel pour la santé des enfants.,Avant le coucher,,,,,,"[""Good quality."", ""efficace"", ""la meilleure"", ""meilleur produit"", ""tr\u00e8s bon qualit\u00e9 prix""]",https://vital.com.tn/cdn/shop/products/huile-de-massage-sommeil.jpg,https://vital.com.tn/products/huile-de-massage-sommeil/,Croissance,"Produit: Pédiakids Huile de massage sommeil
Gamme: Pédiakids
Theme: Beauté/Peau
Indications: Favoriser le sommeil des enfants
Composition: Huile d'avocat, Huile de noix de Coco ,Huile de tournesol ,Huile essentielle de Lavande
Points positifs: 
Verdict: 
Avis clients: Good quality. | efficace | la meilleure"
Pédiakids Immunovit,Pédiakids,Immunité,Liquide,12.0,,Santé et bien-être des enfants,"Extrait sec d’Echinacée, Spiruline, Propolis, Gelée royale, Vitamine C, Zinc",Produit naturel pour la santé des enfants.,Selon l'âge de l'enfant,,,,,,"[""Good quality."", ""efficace"", ""la meilleure"", ""meilleur produit"", ""tr\u00e8s bon qualit\u00e9 prix""]",https://vital.com.tn/cdn/shop/products/immunovit.jpg,https://vital.com.tn/products/immunovit/,Croissance,"Produit: Pédiakids Immunovit
Gamme: Pédiakids
Theme: Immunité
Indications: Santé et bien-être des enfants
Composition: Extrait sec d’Echinacée, Spiruline, Propolis, Gelée royale, Vitamine C, Zinc
Points positifs: 
Verdict: 
Avis clients: Good quality. | efficace | la meilleure"
Pédiakids lait dermo-nettoyant,Pédiakids,Autre,Autre,12.0,,Santé et bien-être des enfants,Aloés Vera & Calendula,Produit naturel pour la santé des enfants.,Selon l'âge de l'enfant,,,,,,"[""Good quality."", ""efficace"", ""la meilleure"", ""meilleur produit"", ""tr\u00e8s bon qualit\u00e9 prix""]",https://vital.com.tn/cdn/shop/products/pediakids-lait-dermo-nettoyant.jpg,https://vital.com.tn/products/pediakids-lait-dermo-nettoyant/,Croissance,"Produit: Pédiakids lait dermo-nettoyant
Gamme: Pédiakids
Theme: Autre
Indications: Santé et bien-être des enfants
Composition: Aloés Vera & Calendula
Points positifs: 
Verdict: 
Avis clients: Good quality. | efficace | la meilleure"
Pédiakids Multi Vitamines Banane,Pédiakids,Enfants,,12.0,,Apport vitaminique pour enfants,"vitamine C ,Vitamine B5 , Vitamine B2, vitamine B6, vitamine A , vitamine B1, Vitamine B9 ,vitamine B8 ,Vitamine D3 , vitamine B12",Produit naturel pour la santé des enfants.,Selon l'âge de l'enfant,,,,,,"[""Good quality."", ""efficace"", ""la meilleure"", ""meilleur produit"", ""tr\u00e8s bon qualit\u00e9 prix""]",https://vital.com.tn/cdn/shop/products/multi-vitamines-3.jpg,https://vital.com.tn/products/multi-vitamines-3/,Croissance,"Produit: Pédiakids Multi Vitamines Banane
Gamme: Pédiakids
Theme: Enfants
Indications: Apport vitaminique pour enfants
Composition: vitamine C ,Vitamine B5 , Vitamine B2, vitamine B6, vitamine A , vitamine B1, Vitamine B9 ,vitamine B8 ,Vitamine D3 , vitamine B12
Points positifs: 
Verdict: 
Avis clients: Good quality. | efficace | la meilleure"
Pédiakids Multi Vitamines Framboise,Pédiakids,Enfants,,12.0,,Apport vitaminique pour enfants,"vitamine C ,Vitamine B5 , Vitamine B2, vitamine B6, vitamine A , vitamine B1, Vitamine B9 ,vitamine B8 ,Vitamine D3 , vitamine B12",Produit naturel pour la santé des enfants.,Selon l'âge de l'enfant,,,,,,"[""Good quality."", ""efficace"", ""la meilleure"", ""meilleur produit"", ""tr\u00e8s bon qualit\u00e9 prix""]",https://vital.com.tn/cdn/shop/products/multi-vitamines-4.jpg,https://vital.com.tn/products/multi-vitamines-4/,Croissance,"Produit: Pédiakids Multi Vitamines Framboise
Gamme: Pédiakids
Theme: Enfants
Indications: Apport vitaminique pour enfants
Composition: vitamine C ,Vitamine B5 , Vitamine B2, vitamine B6, vitamine A , vitamine B1, Vitamine B9 ,vitamine B8 ,Vitamine D3 , vitamine B12
Points positifs: 
Verdict: 
Avis clients: Good quality. | efficace | la meilleure"
Pédiakids Multi Vitamines Pomme,Pédiakids,Enfants,,12.0,,Apport vitaminique pour enfants,"vitamine C ,Vitamine B5 , Vitamine B2, vitamine B6, vitamine A , vitamine B1, Vitamine B9 ,vitamine B8 ,Vitamine D3 , vitamine B12",Produit naturel pour la santé des enfants.,Selon l'âge de l'enfant,,,,,,"[""Good quality."", ""efficace"", ""la meilleure"", ""meilleur produit"", ""tr\u00e8s bon qualit\u00e9 prix""]",https://vital.com.tn/cdn/shop/products/multi-vitamines.jpg,https://vital.com.tn/products/multi-vitamines/,Croissance,"Produit: Pédiakids Multi Vitamines Pomme
Gamme: Pédiakids
Theme: Enfants
Indications: Apport vitaminique pour enfants
Composition: vitamine C ,Vitamine B5 , Vitamine B2, vitamine B6, vitamine A , vitamine B1, Vitamine B9 ,vitamine B8 ,Vitamine D3 , vitamine B12
Points positifs: 
Verdict: 
Avis clients: Good quality. | efficace | la meilleure"
Pédiakids Oméga 3,Pédiakids,Enfants,Liquide,12.0,,Santé et bien-être des enfants,Oméga 3,Produit naturel pour la santé des enfants.,Selon l'âge de l'enfant,Aucune,,,,,"[""Good quality."", ""efficace"", ""la meilleure"", ""meilleur produit"", ""tr\u00e8s bon qualit\u00e9 prix""]",https://vital.com.tn/cdn/shop/products/pediakids-omega-3.jpg,https://vital.com.tn/products/pediakids-omega-3/,Croissance,"Produit: Pédiakids Oméga 3
Gamme: Pédiakids
Theme: Enfants
Indications: Santé et bien-être des enfants
Composition: Oméga 3
Points positifs: 
Verdict: 
Avis clients: Good quality. | efficace | la meilleure"
Pédiakids Pansement gastrique,Pédiakids,Digestif,Liquide,12.0,,Santé et bien-être des enfants,Bicarbonate de sodium - Alginate de sodium - Chlorure de calcium - Extrait sec de racine de réglisse,Produit naturel pour la santé des enfants.,Selon l'âge de l'enfant,,,,,,"[""Good quality."", ""efficace"", ""la meilleure"", ""meilleur produit"", ""tr\u00e8s bon qualit\u00e9 prix""]",https://vital.com.tn/cdn/shop/products/pediakids-pansement-gastrique.jpg,https://vital.com.tn/products/pediakids-pansement-gastrique/,Croissance,"Produit: Pédiakids Pansement gastrique
Gamme: Pédiakids
Theme: Digestif
Indications: Santé et bien-être des enfants
Composition: Bicarbonate de sodium - Alginate de sodium - Chlorure de calcium - Extrait sec de racine de réglisse
Points positifs: 
Verdict: 
Avis clients: Good quality. | efficace | la meilleure"
Pédiakids Pommade change INTENSIVE,Pédiakids,Beauté/Peau,Gel/Crème,12.0,,Santé et bien-être des enfants,"Oxyde de zinc, Gel aloès Vera, Beurre de karité, Extrait d'arnica, Huile essentielle de lavande",Produit naturel pour la santé des enfants.,Selon l'âge de l'enfant,Aucune,,,,,"[""Good quality."", ""efficace"", ""la meilleure"", ""meilleur produit"", ""tr\u00e8s bon qualit\u00e9 prix""]",https://vital.com.tn/cdn/shop/products/pediakids-pommade-change-intensive.jpg,https://vital.com.tn/products/pediakids-pommade-change-intensive/,Croissance,"Produit: Pédiakids Pommade change INTENSIVE
Gamme: Pédiakids
Theme: Beauté/Peau
Indications: Santé et bien-être des enfants
Composition: Oxyde de zinc, Gel aloès Vera, Beurre de karité, Extrait d'arnica, Huile essentielle de lavande
Points positifs: 
Verdict: 
Avis clients: Good quality. | efficace | la meilleure"
Pédiakids Savon extra doux,Pédiakids,Beauté/Peau,Savon,12.0,,Santé et bien-être des enfants,"Huile d’amande douce, Lait d'amande douce, Glycérine",Produit naturel pour la santé des enfants.,Selon l'âge de l'enfant,,,,,,"[""Good quality."", ""efficace"", ""la meilleure"", ""meilleur produit"", ""tr\u00e8s bon qualit\u00e9 prix""]",https://vital.com.tn/cdn/shop/products/savon-extra-doux-3.jpg,https://vital.com.tn/products/savon-extra-doux-3/,Croissance,"Produit: Pédiakids Savon extra doux
Gamme: Pédiakids
Theme: Beauté/Peau
Indications: Santé et bien-être des enfants
Composition: Huile d’amande douce, Lait d'amande douce, Glycérine
Points positifs: 
Verdict: 
Avis clients: Good quality. | efficace | la meilleure"
Pédiakids Shampoing,Pédiakids,Autre,Liquide,12.0,,Santé et bien-être des enfants,"Aloe vera, Vit B5",Produit naturel pour la santé des enfants.,Selon l'âge de l'enfant,,,,,,"[""Good quality."", ""efficace"", ""la meilleure"", ""meilleur produit"", ""tr\u00e8s bon qualit\u00e9 prix""]",https://vital.com.tn/cdn/shop/products/shampoing-3.jpg,https://vital.com.tn/products/shampoing-3/,Croissance,"Produit: Pédiakids Shampoing
Gamme: Pédiakids
Theme: Autre
Indications: Santé et bien-être des enfants
Composition: Aloe vera, Vit B5
Points positifs: 
Verdict: 
Avis clients: Good quality. | efficace | la meilleure"
Pédiakids Sommeil Calme,Pédiakids,Sommeil,Liquide,12.0,,Favoriser le sommeil des enfants,"Extrait sec de Lavande, Eau de fleurs d'oranger, Extrait sec de Camomille, Extrait sec de Passiflore",Produit naturel pour la santé des enfants.,Avant le coucher,Aucune,,,,,"[""Good quality."", ""efficace"", ""la meilleure"", ""meilleur produit"", ""tr\u00e8s bon qualit\u00e9 prix""]",https://vital.com.tn/cdn/shop/products/pediakids-sommeil-calme.jpg,https://vital.com.tn/products/pediakids-sommeil-calme/,Croissance,"Produit: Pédiakids Sommeil Calme
Gamme: Pédiakids
Theme: Sommeil
Indications: Favoriser le sommeil des enfants
Composition: Extrait sec de Lavande, Eau de fleurs d'oranger, Extrait sec de Camomille, Extrait sec de Passiflore
Points positifs: 
Verdict: 
Avis clients: Good quality. | efficace | la meilleure"
Pédiakids Spray Gorge,Pédiakids,Autre,Liquide,12.0,,Santé et bien-être des enfants,"Extrait sec de Thym, Extrait sec de Plantain lancéolé, Miel, Propolis",Produit naturel pour la santé des enfants.,Selon l'âge de l'enfant,,,,,,"[""Good quality."", ""efficace"", ""la meilleure"", ""meilleur produit"", ""tr\u00e8s bon qualit\u00e9 prix""]",https://vital.com.tn/cdn/shop/products/spray-gorge.jpg,https://vital.com.tn/products/spray-gorge/,Croissance,"Produit: Pédiakids Spray Gorge
Gamme: Pédiakids
Theme: Autre
Indications: Santé et bien-être des enfants
Composition: Extrait sec de Thym, Extrait sec de Plantain lancéolé, Miel, Propolis
Points positifs: 
Verdict: 
Avis clients: Good quality. | efficace | la meilleure"
Pédiakids Spray Nasal,Pédiakids,Autre,Liquide,12.0,,Santé et bien-être des enfants,"Extrait sec de Thym, Extrait sec d’Arnica, Propolis, Extrait sec de Lavande, Chlorure de Sodium",Produit naturel pour la santé des enfants.,Selon l'âge de l'enfant,,,,,,"[""Good quality."", ""efficace"", ""la meilleure"", ""meilleur produit"", ""tr\u00e8s bon qualit\u00e9 prix""]",https://vital.com.tn/cdn/shop/products/spray-nasal.jpg,https://vital.com.tn/products/spray-nasal/,Croissance,"Produit: Pédiakids Spray Nasal
Gamme: Pédiakids
Theme: Autre
Indications: Santé et bien-être des enfants
Composition: Extrait sec de Thym, Extrait sec d’Arnica, Propolis, Extrait sec de Lavande, Chlorure de Sodium
Points positifs: 
Verdict: 
Avis clients: Good quality. | efficace | la meilleure"
Pédiakids trio,Pédiakids,Autre,,12.0,5.0,Santé et bien-être des enfants,,Produit naturel pour la santé des enfants.,Selon l'âge de l'enfant,,,,,,"[""Good quality."", ""efficace"", ""la meilleure"", ""meilleur produit"", ""tr\u00e8s bon qualit\u00e9 prix""]",https://vital.com.tn/cdn/shop/products/pediakids-trio-2.jpg,https://vital.com.tn/products/pediakids-trio-2/,Croissance,"Produit: Pédiakids trio
Gamme: Pédiakids
Theme: Autre
Indications: Santé et bien-être des enfants
Composition: 
Points positifs: 
Verdict: 
Avis clients: Good quality. | efficace | la meilleure"
Pédiakids Varispray,Pédiakids,Beauté/Peau,Spray,12.0,,Santé et bien-être des enfants,,Produit naturel pour la santé des enfants.,Selon l'âge de l'enfant,,,,,,"[""Good quality."", ""efficace"", ""la meilleure"", ""meilleur produit"", ""tr\u00e8s bon qualit\u00e9 prix""]",https://vital.com.tn/cdn/shop/products/pediakids-varispray-2.jpg,https://vital.com.tn/products/pediakids-varispray-2/,Croissance,"Produit: Pédiakids Varispray
Gamme: Pédiakids
Theme: Beauté/Peau
Indications: Santé et bien-être des enfants
Composition: 
Points positifs: 
Verdict: 
Avis clients: Good quality. | efficace | la meilleure"
Pédiakids vitamine D3,Pédiakids,Autre,Autre,12.0,4.67,Santé et bien-être des enfants,Vitamine D3,Produit naturel pour la santé des enfants.,Selon l'âge de l'enfant,"Allergie connue à la vitamine D3, hypercalcémie, hyper-calciurie, lithiase calcique","Dosage optimal 320mg, forme acérola disponible, antioxydant puissant",Peut être insuffisant en cas de carence sévère,Produit fiable pour l'immunité et la vitalité quotidienne,4.6,"[""Good quality."", ""efficace"", ""la meilleure"", ""meilleur produit"", ""tr\u00e8s bon qualit\u00e9 prix""]",https://vital.com.tn/cdn/shop/products/pediakids-vitamine-d3.jpg,https://vital.com.tn/products/pediakids-vitamine-d3/,Croissance,"Produit: Pédiakids vitamine D3
Gamme: Pédiakids
Theme: Autre
Indications: Santé et bien-être des enfants
Composition: Vitamine D3
Points positifs: Dosage optimal 320mg, forme acérola disponible, antioxydant puissant
Verdict: Produit fiable pour l'immunité et la vitalité quotidienne
Avis clients: Good quality. | efficace | la meilleure"
PÉDIAKIDS Vomikid,Pédiakids,Digestif,Liquide,12.0,5.0,Soulager les nausées et vomissements,Extrait de Sauge sclarée - Extrait de citron - Extrait de la grande camomille - Extrait de menthe poivrée - Extrait de fruit de Chardon Marie - Extrait de Fenouil doux,Produit naturel pour la santé des enfants.,Selon les besoins,,,,,,"[""Good quality."", ""efficace"", ""la meilleure"", ""meilleur produit"", ""tr\u00e8s bon qualit\u00e9 prix""]",https://vital.com.tn/cdn/shop/products/pediakids-vomikid-2.jpg,https://vital.com.tn/products/pediakids-vomikid-2/,Croissance,"Produit: PÉDIAKIDS Vomikid
Gamme: Pédiakids
Theme: Digestif
Indications: Soulager les nausées et vomissements
Composition: Extrait de Sauge sclarée - Extrait de citron - Extrait de la grande camomille - Extrait de menthe poivrée - Extrait de fruit de Chardon Marie - Extrait de Fenouil doux
Points positifs: 
Verdict: 
Avis clients: Good quality. | efficace | la meilleure"
Phytodraine,Autres,Minceur,Autre,25.9,4.0,"– Modérateur de l’appétit
– Adjuvant de régime amincissant
– Anticellulite
– Draineur","Extrait sec de réglisse, Extrait sec de chiendent, Extrait sec de vigne rouge, Extrait sec de reine des prés, Extrait sec fucus vésiculeux, Extrait de stévia",Flacon de 250ml,"30 ml Dans 1.5 litre d’eau, les boires tout au long de la journée,
loin des repas","Hyperthyroïdie, hypertension",,,,,[],https://vital.com.tn/cdn/shop/products/phytodraine-4.jpg,https://vital.com.tn/products/phytodraine-4/,Croissance,"Produit: Phytodraine
Gamme: Autres
Theme: Minceur
Indications: – Modérateur de l’appétit
– Adjuvant de régime amincissant
– Anticellulite
– Draineur
Composition: Extrait sec de réglisse, Extrait sec de chiendent, Extrait sec de vigne rouge, Extrait sec de reine des prés, Extrait sec fucus vésiculeux, Extrait de stévia
Points positifs: 
Verdict: 
Avis clients: "
PHYTOFANE Anti Chute,Phytofane,Beauté/Peau,Gélule,25.0,4.22,"– Repousse
– Croissance
– Cheveux forts","L-Cysteine, Extrait de Palmier, Zinc, Vitamine E, Vitamines B1, Vitamines B2, Vitamines B5, Vitamines B6, Vitamines B8, Vitamines B9, Vitamines B12, Sélénium, Silice",60 Gélules,2 gélules par jour à avaler au moment du repas avec un verre d’eau.,,"L-Cystéine, Zinc, Vitamines B, Sélénium, Silice",Pas encore d'avis clients disponibles en ligne,Formule prometteuse basée sur ingrédients actifs reconnus,4.0,[],https://vital.com.tn/cdn/shop/products/phytofane-anti-chute.jpg,https://vital.com.tn/products/phytofane-anti-chute/,Maturité,"Produit: PHYTOFANE Anti Chute
Gamme: Phytofane
Theme: Beauté/Peau
Indications: – Repousse
– Croissance
– Cheveux forts
Composition: L-Cysteine, Extrait de Palmier, Zinc, Vitamine E, Vitamines B1, Vitamines B2, Vitamines B5, Vitamines B6, Vitamines B8, Vitamines B9, Vitamines B12, Sélénium, Silice
Points positifs: L-Cystéine, Zinc, Vitamines B, Sélénium, Silice
Verdict: Formule prometteuse basée sur ingrédients actifs reconnus
Avis clients: "
PHYTOFANE Antipelliculaire,Phytofane,Autre,Gélule,25.0,4.68,"• Elimine durablement les pellicules
• Prévient eﬃcacement les récidives de pellicule
• Puriﬁe et apaise les démangeaisons",,60 Gélules,,,"L-Cystéine, Zinc, Vitamines B, Sélénium, Silice",Pas encore d'avis clients disponibles en ligne,Formule prometteuse basée sur ingrédients actifs reconnus,4.0,[],https://vital.com.tn/cdn/shop/products/phytofane-antipelliculaire-2.jpg,https://vital.com.tn/products/phytofane-antipelliculaire-2/,Maturité,"Produit: PHYTOFANE Antipelliculaire
Gamme: Phytofane
Theme: Autre
Indications: • Elimine durablement les pellicules
• Prévient eﬃcacement les récidives de pellicule
• Puriﬁe et apaise les démangeaisons
Composition: 
Points positifs: L-Cystéine, Zinc, Vitamines B, Sélénium, Silice
Verdict: Formule prometteuse basée sur ingrédients actifs reconnus
Avis clients: "
PHYTOFANE Fortifiant Phanères,Phytofane,Beauté/Peau,Gélule,44.46,4.0,"• Fortifie les cheveux & les ongles
• Favorise la vitalité & la brillance",,60 Gélules,,,"L-Cystéine, Zinc, Vitamines B, Sélénium, Silice",Pas encore d'avis clients disponibles en ligne,Formule prometteuse basée sur ingrédients actifs reconnus,4.0,[],https://vital.com.tn/cdn/shop/products/phytofane-fortifiant-phaneres-2.jpg,https://vital.com.tn/products/phytofane-fortifiant-phaneres-2/,Croissance,"Produit: PHYTOFANE Fortifiant Phanères
Gamme: Phytofane
Theme: Beauté/Peau
Indications: • Fortifie les cheveux & les ongles
• Favorise la vitalité & la brillance
Composition: 
Points positifs: L-Cystéine, Zinc, Vitamines B, Sélénium, Silice
Verdict: Formule prometteuse basée sur ingrédients actifs reconnus
Avis clients: "
Phytofane huile d’argan,Phytofane,Beauté/Peau,Huile,25.0,,"– Réduit le processus de chute des cheveux
– Soin profond pour hydrater et réparer les cheveux secs et cassants
– Redonne éclat et brillance aux cheveux","Huile d’argan, Huile d’avocat, Vitamine E",Contient 120 ml,"L’huile d’argan peut s’appliquer en masque.
Vous pouvez ensuite masser votre cuir chevelu en effectuant de petits mouvements
circulaires, et laissez poser minimum 30 minutes.
Ensuite, lavez vos cheveux deux fois d’affilée pour enlever les résidus
d’huile, et découvrez vos cheveux adoucis et en pleine forme.
Appliquez également un peu d’huile d’argan sur cheveux secs
en cas de frisottis",,"L-Cystéine, Zinc, Vitamines B, Sélénium, Silice",Pas encore d'avis clients disponibles en ligne,Formule prometteuse basée sur ingrédients actifs reconnus,4.0,[],https://vital.com.tn/cdn/shop/products/phytofane-huile-dargan.jpg,https://vital.com.tn/products/phytofane-huile-dargan/,Croissance,"Produit: Phytofane huile d’argan
Gamme: Phytofane
Theme: Beauté/Peau
Indications: – Réduit le processus de chute des cheveux
– Soin profond pour hydrater et réparer les cheveux secs et cassants
– Redonne éclat et brillance aux cheveux
Composition: Huile d’argan, Huile d’avocat, Vitamine E
Points positifs: L-Cystéine, Zinc, Vitamines B, Sélénium, Silice
Verdict: Formule prometteuse basée sur ingrédients actifs reconnus
Avis clients: "
PHYTOFANE Lotion anti chute,Phytofane,Beauté/Peau,Autre,25.753,4.0,"• Ralentit la chute des cheveux
• Stimule la croissance",,200 ML,,,"L-Cystéine, Zinc, Vitamines B, Sélénium, Silice",Pas encore d'avis clients disponibles en ligne,Formule prometteuse basée sur ingrédients actifs reconnus,4.0,[],https://vital.com.tn/cdn/shop/products/phytofane-lotion-anti-chute-2.jpg,https://vital.com.tn/products/phytofane-lotion-anti-chute-2/,Croissance,"Produit: PHYTOFANE Lotion anti chute
Gamme: Phytofane
Theme: Beauté/Peau
Indications: • Ralentit la chute des cheveux
• Stimule la croissance
Composition: 
Points positifs: L-Cystéine, Zinc, Vitamines B, Sélénium, Silice
Verdict: Formule prometteuse basée sur ingrédients actifs reconnus
Avis clients: "
PHYTOFANE Lotion Antipelliculaire,Phytofane,Autre,Autre,24.95,4.0,• Elimine efficacement et durablement les pellicules,,200 ML,,,"L-Cystéine, Zinc, Vitamines B, Sélénium, Silice",Pas encore d'avis clients disponibles en ligne,Formule prometteuse basée sur ingrédients actifs reconnus,4.0,[],https://vital.com.tn/cdn/shop/products/phytofane-lotion-antipelliculaire-2.jpg,https://vital.com.tn/products/phytofane-lotion-antipelliculaire-2/,Croissance,"Produit: PHYTOFANE Lotion Antipelliculaire
Gamme: Phytofane
Theme: Autre
Indications: • Elimine efficacement et durablement les pellicules
Composition: 
Points positifs: L-Cystéine, Zinc, Vitamines B, Sélénium, Silice
Verdict: Formule prometteuse basée sur ingrédients actifs reconnus
Avis clients: "
Phytofane sérum lissant,Phytofane,Beauté/Peau,Autre,25.0,4.0,"– Redonne une vitalité aux cheveux cassants et secs en améliorant
leur brillance, leur souplesse et leur hydratation","Beurre de karité, Huile d'amande douce, Huile de sésame, Huile de jojoba, Vitamine E",Contient 120 ml,"Déposez quelques gouttes au creux de vos mains et appliquez sur
toute la chevelure en massant",,"L-Cystéine, Zinc, Vitamines B, Sélénium, Silice",Pas encore d'avis clients disponibles en ligne,Formule prometteuse basée sur ingrédients actifs reconnus,4.0,[],https://vital.com.tn/cdn/shop/products/phytofane-serum-lissant.jpg,https://vital.com.tn/products/phytofane-serum-lissant/,Croissance,"Produit: Phytofane sérum lissant
Gamme: Phytofane
Theme: Beauté/Peau
Indications: – Redonne une vitalité aux cheveux cassants et secs en améliorant
leur brillance, leur souplesse et leur hydratation
Composition: Beurre de karité, Huile d'amande douce, Huile de sésame, Huile de jojoba, Vitamine E
Points positifs: L-Cystéine, Zinc, Vitamines B, Sélénium, Silice
Verdict: Formule prometteuse basée sur ingrédients actifs reconnus
Avis clients: "
PHYTOFANE Shampooing Anti Chute,Phytofane,Beauté/Peau,Autre,21.37,4.0,"• Ralentit la chute des cheveux
• Stimule la repousse des cheveux",,200 ML,,,"L-Cystéine, Zinc, Vitamines B, Sélénium, Silice",Pas encore d'avis clients disponibles en ligne,Formule prometteuse basée sur ingrédients actifs reconnus,4.0,[],https://vital.com.tn/cdn/shop/products/phytofane-shampooing-anti-chute.jpg,https://vital.com.tn/products/phytofane-shampooing-anti-chute/,Croissance,"Produit: PHYTOFANE Shampooing Anti Chute
Gamme: Phytofane
Theme: Beauté/Peau
Indications: • Ralentit la chute des cheveux
• Stimule la repousse des cheveux
Composition: 
Points positifs: L-Cystéine, Zinc, Vitamines B, Sélénium, Silice
Verdict: Formule prometteuse basée sur ingrédients actifs reconnus
Avis clients: "
PHYTOFANE Shampooing Antipelliculaire,Phytofane,Autre,Autre,23.419,4.0,Élimine efficacement et durablement les pellicules,,200ML,,,"L-Cystéine, Zinc, Vitamines B, Sélénium, Silice",Pas encore d'avis clients disponibles en ligne,Formule prometteuse basée sur ingrédients actifs reconnus,4.0,[],https://vital.com.tn/cdn/shop/products/phytofane-shampooing-antipelliculaire-2.jpg,https://vital.com.tn/products/phytofane-shampooing-antipelliculaire-2/,Croissance,"Produit: PHYTOFANE Shampooing Antipelliculaire
Gamme: Phytofane
Theme: Autre
Indications: Élimine efficacement et durablement les pellicules
Composition: 
Points positifs: L-Cystéine, Zinc, Vitamines B, Sélénium, Silice
Verdict: Formule prometteuse basée sur ingrédients actifs reconnus
Avis clients: "
Phytofibres,Autres,Digestif,Gélule,17.821,4.0,"– Apport en fibres
– Confort régulier préventif du SII*
– Difficulté de digestion
– Gaz et ballonnement",Son de blé,Boite de 60 gélules,"2 gélules par jour, avant les principaux repas",Aucune,,,,,[],https://vital.com.tn/cdn/shop/products/phytofibres-2.jpg,https://vital.com.tn/products/phytofibres-2/,Croissance,"Produit: Phytofibres
Gamme: Autres
Theme: Digestif
Indications: – Apport en fibres
– Confort régulier préventif du SII*
– Difficulté de digestion
– Gaz et ballonnement
Composition: Son de blé
Points positifs: 
Verdict: 
Avis clients: "
PHYTOL Anti plaque Bain de bouche,Autres,Autre,Autre,9.548,,"• Lutte contre la plaque dentaire
• Hygiène des dents
• Rafraîchit l’hleine",,225 ML,,,"Séné, Aloe vera, Levure de bière - effet stimulant","Contre-indiqué +12 ans, femmes enceintes/allaitantes","Efficace pour constipation aiguë, usage ponctuel",4.3,[],https://vital.com.tn/cdn/shop/products/phytol-anti-plaque-bain-de-bouche-2.jpg,https://vital.com.tn/products/phytol-anti-plaque-bain-de-bouche-2/,Croissance,"Produit: PHYTOL Anti plaque Bain de bouche
Gamme: Autres
Theme: Autre
Indications: • Lutte contre la plaque dentaire
• Hygiène des dents
• Rafraîchit l’hleine
Composition: 
Points positifs: Séné, Aloe vera, Levure de bière - effet stimulant
Verdict: Efficace pour constipation aiguë, usage ponctuel
Avis clients: "
PHYTOL BAIN DE BOUCHE Antiseptique,Autres,Autre,Autre,9.548,,"• Hygiène de la bouche
• Hygiène des dents
• Rafraîchit l’haleine",,225 ML,,,"Séné, Aloe vera, Levure de bière - effet stimulant","Contre-indiqué +12 ans, femmes enceintes/allaitantes","Efficace pour constipation aiguë, usage ponctuel",4.3,[],https://vital.com.tn/cdn/shop/products/phytol-bain-de-bouche-antiseptique-2.jpg,https://vital.com.tn/products/phytol-bain-de-bouche-antiseptique-2/,Croissance,"Produit: PHYTOL BAIN DE BOUCHE Antiseptique
Gamme: Autres
Theme: Autre
Indications: • Hygiène de la bouche
• Hygiène des dents
• Rafraîchit l’haleine
Composition: 
Points positifs: Séné, Aloe vera, Levure de bière - effet stimulant
Verdict: Efficace pour constipation aiguë, usage ponctuel
Avis clients: "
PHYTOL Bain de bouche gencives Sensibles,Autres,Autre,Autre,9.548,,"• Apaiser les gencives sensibles
• Favorise l’élimination de la plaque dentaire",,225ML,,,"Séné, Aloe vera, Levure de bière - effet stimulant","Contre-indiqué +12 ans, femmes enceintes/allaitantes","Efficace pour constipation aiguë, usage ponctuel",4.3,[],https://vital.com.tn/cdn/shop/products/phytol-bain-de-bouche-gel-gencives-2.jpg,https://vital.com.tn/products/phytol-bain-de-bouche-gel-gencives-2/,Croissance,"Produit: PHYTOL Bain de bouche gencives Sensibles
Gamme: Autres
Theme: Autre
Indications: • Apaiser les gencives sensibles
• Favorise l’élimination de la plaque dentaire
Composition: 
Points positifs: Séné, Aloe vera, Levure de bière - effet stimulant
Verdict: Efficace pour constipation aiguë, usage ponctuel
Avis clients: "
PHYTOL Bain de bouche Haleine Fraiche,Autres,Autre,Autre,9.548,,"• Élimine la mauvaise haleine
• Hygiène des dents
• Rafraîchit l’haleine",,225ML,,,"Séné, Aloe vera, Levure de bière - effet stimulant","Contre-indiqué +12 ans, femmes enceintes/allaitantes","Efficace pour constipation aiguë, usage ponctuel",4.3,[],https://vital.com.tn/cdn/shop/products/phytol-bain-de-bouche-haleine-fraiche.jpg,https://vital.com.tn/products/phytol-bain-de-bouche-haleine-fraiche/,Croissance,"Produit: PHYTOL Bain de bouche Haleine Fraiche
Gamme: Autres
Theme: Autre
Indications: • Élimine la mauvaise haleine
• Hygiène des dents
• Rafraîchit l’haleine
Composition: 
Points positifs: Séné, Aloe vera, Levure de bière - effet stimulant
Verdict: Efficace pour constipation aiguë, usage ponctuel
Avis clients: "
PHYTOL Bain de bouche Sèche,Autres,Beauté/Peau,Autre,9.548,,"• Soulage
• Hydrate
• Stimule la production de salive",,225ML,,,"Séné, Aloe vera, Levure de bière - effet stimulant","Contre-indiqué +12 ans, femmes enceintes/allaitantes","Efficace pour constipation aiguë, usage ponctuel",4.3,[],https://vital.com.tn/cdn/shop/products/phytol-bain-de-bouche-seche-2.jpg,https://vital.com.tn/products/phytol-bain-de-bouche-seche-2/,Croissance,"Produit: PHYTOL Bain de bouche Sèche
Gamme: Autres
Theme: Beauté/Peau
Indications: • Soulage
• Hydrate
• Stimule la production de salive
Composition: 
Points positifs: Séné, Aloe vera, Levure de bière - effet stimulant
Verdict: Efficace pour constipation aiguë, usage ponctuel
Avis clients: "
PHYTOL Gel gencives Tube 45 g,Autres,Autre,Gel/Crème,9.548,,"• Apaise les gencives sensibles
• Assainit la muqueuse buccale
• Rafraîchit l’hleine",,45 Gr,,,"Séné, Aloe vera, Levure de bière - effet stimulant","Contre-indiqué +12 ans, femmes enceintes/allaitantes","Efficace pour constipation aiguë, usage ponctuel",4.3,[],https://vital.com.tn/cdn/shop/products/phytol-gel-gencives-tube-45-g-2.jpg,https://vital.com.tn/products/phytol-gel-gencives-tube-45-g-2/,Croissance,"Produit: PHYTOL Gel gencives Tube 45 g
Gamme: Autres
Theme: Autre
Indications: • Apaise les gencives sensibles
• Assainit la muqueuse buccale
• Rafraîchit l’hleine
Composition: 
Points positifs: Séné, Aloe vera, Levure de bière - effet stimulant
Verdict: Efficace pour constipation aiguë, usage ponctuel
Avis clients: "
Phytothera Aide Minceur 30 Gélules,Phytothéra,Minceur,,24.9,5.0,"Minceur, perte de poids",Extraits végétaux pour la minceur,Complément alimentaire à base de plantes.,3 gélules par jour,,"Fer fumarate hautement assimilable, enrichi en spiruline, vitamines B6/B9/B12",Nécessite une cure de 3 mois minimum,"Excellent produit pour anémie et fatigue, très bien toléré",4.6,"[""Good quality."", ""Bon Produit"", ""Bon produit . aide a rester en forme"", ""Bon rapport qualit\u00e9 prix"", ""produit excellent""]",,,Croissance/Promo,"Produit: Phytothera Aide Minceur 30 Gélules
Gamme: Phytothéra
Theme: Minceur
Indications: Minceur, perte de poids
Composition: Extraits végétaux pour la minceur
Points positifs: Fer fumarate hautement assimilable, enrichi en spiruline, vitamines B6/B9/B12
Verdict: Excellent produit pour anémie et fatigue, très bien toléré
Avis clients: Good quality. | Bon Produit | Bon produit . aide a rester en forme"
Phytothera Calmodent 4Gr,Phytothéra,Autre,,3.996,,Apaiser les gencives sensibles,Extraits apaisants pour les gencives,Complément alimentaire à base de plantes.,Appliquer sur les gencives,,,,,,"[""Good quality."", ""Bon Produit"", ""Bon produit . aide a rester en forme"", ""Bon rapport qualit\u00e9 prix"", ""produit excellent""]",,,Croissance/Promo,"Produit: Phytothera Calmodent 4Gr
Gamme: Phytothéra
Theme: Autre
Indications: Apaiser les gencives sensibles
Composition: Extraits apaisants pour les gencives
Points positifs: 
Verdict: 
Avis clients: Good quality. | Bon Produit | Bon produit . aide a rester en forme"
Phytothera Coenzyme Q10 – 30 Gélules,Phytothéra,Autre,,32.901,4.4,"Protection et vitalité cellulaire, améliorer les performances physiques",Coenzyme Q10 (150mg),Complément alimentaire à base de plantes.,1 gélule par jour,,"CoQ10 300mg, antioxydant puissant, énergie cellulaire",Interactions possibles avec anticoagulants,"Excellent antioxydant, particulièrement pour +40 ans et sportifs",4.4,"[""Good quality."", ""Bon Produit"", ""Bon produit . aide a rester en forme"", ""Bon rapport qualit\u00e9 prix"", ""produit excellent""]",,,Croissance/Promo,"Produit: Phytothera Coenzyme Q10 – 30 Gélules
Gamme: Phytothéra
Theme: Autre
Indications: Protection et vitalité cellulaire, améliorer les performances physiques
Composition: Coenzyme Q10 (150mg)
Points positifs: CoQ10 300mg, antioxydant puissant, énergie cellulaire
Verdict: Excellent antioxydant, particulièrement pour +40 ans et sportifs
Avis clients: Good quality. | Bon Produit | Bon produit . aide a rester en forme"
"Phytothera Gelee Royale, 20 Ampoules",Phytothéra,Autre,,42.987,4.7,"Tonus, vitalité, renforcement des défenses naturelles",Gelée royale,Complément alimentaire à base de plantes.,1 ampoule par jour,,,,,,"[""Good quality."", ""Bon Produit"", ""Bon produit . aide a rester en forme"", ""Bon rapport qualit\u00e9 prix"", ""produit excellent""]",,,Croissance/Promo,"Produit: Phytothera Gelee Royale, 20 Ampoules
Gamme: Phytothéra
Theme: Autre
Indications: Tonus, vitalité, renforcement des défenses naturelles
Composition: Gelée royale
Points positifs: 
Verdict: 
Avis clients: Good quality. | Bon Produit | Bon produit . aide a rester en forme"
Phytothera Gelee Royale 30 Gélules,Phytothéra,Autre,,32.837,4.3,"Tonus, vitalité, renforcement des défenses naturelles",Gelée royale,Complément alimentaire à base de plantes.,2 gélules par jour,,"Fer fumarate hautement assimilable, enrichi en spiruline, vitamines B6/B9/B12",Nécessite une cure de 3 mois minimum,"Excellent produit pour anémie et fatigue, très bien toléré",4.6,"[""Good quality."", ""Bon Produit"", ""Bon produit . aide a rester en forme"", ""Bon rapport qualit\u00e9 prix"", ""produit excellent""]",,,Croissance/Promo,"Produit: Phytothera Gelee Royale 30 Gélules
Gamme: Phytothéra
Theme: Autre
Indications: Tonus, vitalité, renforcement des défenses naturelles
Composition: Gelée royale
Points positifs: Fer fumarate hautement assimilable, enrichi en spiruline, vitamines B6/B9/B12
Verdict: Excellent produit pour anémie et fatigue, très bien toléré
Avis clients: Good quality. | Bon Produit | Bon produit . aide a rester en forme"
Phytothera Graviola 30 Gélules,Phytothéra,Autre,,32.984,4.0,Renforcement du système immunitaire,Extrait de Graviola,Complément alimentaire à base de plantes.,2 gélules par jour,,"Fer fumarate hautement assimilable, enrichi en spiruline, vitamines B6/B9/B12",Nécessite une cure de 3 mois minimum,"Excellent produit pour anémie et fatigue, très bien toléré",4.6,"[""Good quality."", ""Bon Produit"", ""Bon produit . aide a rester en forme"", ""Bon rapport qualit\u00e9 prix"", ""produit excellent""]",,,Croissance/Promo,"Produit: Phytothera Graviola 30 Gélules
Gamme: Phytothéra
Theme: Autre
Indications: Renforcement du système immunitaire
Composition: Extrait de Graviola
Points positifs: Fer fumarate hautement assimilable, enrichi en spiruline, vitamines B6/B9/B12
Verdict: Excellent produit pour anémie et fatigue, très bien toléré
Avis clients: Good quality. | Bon Produit | Bon produit . aide a rester en forme"
Phytothera Grossivit 60 Gélules,Phytothéra,Articulations,,26.35,3.8,Soutien nutritionnel pendant la grossesse,Extraits végétaux pour la grossesse,Complément alimentaire à base de plantes.,2 gélules par jour,,"Fer fumarate hautement assimilable, enrichi en spiruline, vitamines B6/B9/B12",Nécessite une cure de 3 mois minimum,"Excellent produit pour anémie et fatigue, très bien toléré",4.6,"[""Good quality."", ""Bon Produit"", ""Bon produit . aide a rester en forme"", ""Bon rapport qualit\u00e9 prix"", ""produit excellent""]",,,Croissance/Promo,"Produit: Phytothera Grossivit 60 Gélules
Gamme: Phytothéra
Theme: Articulations
Indications: Soutien nutritionnel pendant la grossesse
Composition: Extraits végétaux pour la grossesse
Points positifs: Fer fumarate hautement assimilable, enrichi en spiruline, vitamines B6/B9/B12
Verdict: Excellent produit pour anémie et fatigue, très bien toléré
Avis clients: Good quality. | Bon Produit | Bon produit . aide a rester en forme"
Phytothera Grossivit Plus Vitaminé 45 Gélules,Phytothéra,Articulations,,24.264,4.2,Soutien nutritionnel pendant la grossesse,Extraits végétaux pour la grossesse,Complément alimentaire à base de plantes.,2 gélules par jour,,"Fer fumarate hautement assimilable, enrichi en spiruline, vitamines B6/B9/B12",Nécessite une cure de 3 mois minimum,"Excellent produit pour anémie et fatigue, très bien toléré",4.6,"[""Good quality."", ""Bon Produit"", ""Bon produit . aide a rester en forme"", ""Bon rapport qualit\u00e9 prix"", ""produit excellent""]",,,Croissance/Promo,"Produit: Phytothera Grossivit Plus Vitaminé 45 Gélules
Gamme: Phytothéra
Theme: Articulations
Indications: Soutien nutritionnel pendant la grossesse
Composition: Extraits végétaux pour la grossesse
Points positifs: Fer fumarate hautement assimilable, enrichi en spiruline, vitamines B6/B9/B12
Verdict: Excellent produit pour anémie et fatigue, très bien toléré
Avis clients: Good quality. | Bon Produit | Bon produit . aide a rester en forme"
Phytothera Guarana 30 Gélules,Phytothéra,Autre,,19.192,5.0,"Tonus, énergie, vitalité",Extrait de Guarana,Complément alimentaire à base de plantes.,2 gélules par jour,,"Fer fumarate hautement assimilable, enrichi en spiruline, vitamines B6/B9/B12",Nécessite une cure de 3 mois minimum,"Excellent produit pour anémie et fatigue, très bien toléré",4.6,"[""Good quality."", ""Bon Produit"", ""Bon produit . aide a rester en forme"", ""Bon rapport qualit\u00e9 prix"", ""produit excellent""]",,,Croissance/Promo,"Produit: Phytothera Guarana 30 Gélules
Gamme: Phytothéra
Theme: Autre
Indications: Tonus, énergie, vitalité
Composition: Extrait de Guarana
Points positifs: Fer fumarate hautement assimilable, enrichi en spiruline, vitamines B6/B9/B12
Verdict: Excellent produit pour anémie et fatigue, très bien toléré
Avis clients: Good quality. | Bon Produit | Bon produit . aide a rester en forme"
Phytothera Huile De Menthe 65 ml,Phytothéra,Autre,,5.815,4.7,"Minceur, massage",Huiles essentielles,Complément alimentaire à base de plantes.,Masser les zones concernées,,,,,,"[""Good quality."", ""Bon Produit"", ""Bon produit . aide a rester en forme"", ""Bon rapport qualit\u00e9 prix"", ""produit excellent""]",,,Croissance/Promo,"Produit: Phytothera Huile De Menthe 65 ml
Gamme: Phytothéra
Theme: Autre
Indications: Minceur, massage
Composition: Huiles essentielles
Points positifs: 
Verdict: 
Avis clients: Good quality. | Bon Produit | Bon produit . aide a rester en forme"
Phytothera Huile Minceur 60ml,Phytothéra,Minceur,,12.499,4.0,"Minceur, massage",Huiles essentielles,Complément alimentaire à base de plantes.,Masser les zones concernées,,,,,,"[""Good quality."", ""Bon Produit"", ""Bon produit . aide a rester en forme"", ""Bon rapport qualit\u00e9 prix"", ""produit excellent""]",,,Croissance/Promo,"Produit: Phytothera Huile Minceur 60ml
Gamme: Phytothéra
Theme: Minceur
Indications: Minceur, massage
Composition: Huiles essentielles
Points positifs: 
Verdict: 
Avis clients: Good quality. | Bon Produit | Bon produit . aide a rester en forme"
Phytothera Lecithine De Soja 45 Gélules,Phytothéra,Autre,,22.238,4.0,"Mémoire, concentration",Lécithine de soja,Complément alimentaire à base de plantes.,2 gélules par jour,,"Fer fumarate hautement assimilable, enrichi en spiruline, vitamines B6/B9/B12",Nécessite une cure de 3 mois minimum,"Excellent produit pour anémie et fatigue, très bien toléré",4.6,"[""Good quality."", ""Bon Produit"", ""Bon produit . aide a rester en forme"", ""Bon rapport qualit\u00e9 prix"", ""produit excellent""]",,,Croissance/Promo,"Produit: Phytothera Lecithine De Soja 45 Gélules
Gamme: Phytothéra
Theme: Autre
Indications: Mémoire, concentration
Composition: Lécithine de soja
Points positifs: Fer fumarate hautement assimilable, enrichi en spiruline, vitamines B6/B9/B12
Verdict: Excellent produit pour anémie et fatigue, très bien toléré
Avis clients: Good quality. | Bon Produit | Bon produit . aide a rester en forme"
PHYTOTHERA LEVURE DE BIÈRE...,Phytothéra,Autre,,24.371,4.0,"Cheveux, ongles, peau",Levure de bière,Complément alimentaire à base de plantes.,2 gélules par jour,,,,,,"[""Good quality."", ""Bon Produit"", ""Bon produit . aide a rester en forme"", ""Bon rapport qualit\u00e9 prix"", ""produit excellent""]",,,Croissance,"Produit: PHYTOTHERA LEVURE DE BIÈRE...
Gamme: Phytothéra
Theme: Autre
Indications: Cheveux, ongles, peau
Composition: Levure de bière
Points positifs: 
Verdict: 
Avis clients: Good quality. | Bon Produit | Bon produit . aide a rester en forme"
Phytothera Levure De Biere 60 Gélules,Phytothéra,Autre,,24.371,4.6,"Cheveux, ongles, peau",Levure de bière,Complément alimentaire à base de plantes.,2 gélules par jour,,"Fer fumarate hautement assimilable, enrichi en spiruline, vitamines B6/B9/B12",Nécessite une cure de 3 mois minimum,"Excellent produit pour anémie et fatigue, très bien toléré",4.6,"[""Good quality."", ""Bon Produit"", ""Bon produit . aide a rester en forme"", ""Bon rapport qualit\u00e9 prix"", ""produit excellent""]",,,Croissance/Promo,"Produit: Phytothera Levure De Biere 60 Gélules
Gamme: Phytothéra
Theme: Autre
Indications: Cheveux, ongles, peau
Composition: Levure de bière
Points positifs: Fer fumarate hautement assimilable, enrichi en spiruline, vitamines B6/B9/B12
Verdict: Excellent produit pour anémie et fatigue, très bien toléré
Avis clients: Good quality. | Bon Produit | Bon produit . aide a rester en forme"
Phytothera Levure De Riz Rouge 60 Gélules,Phytothéra,Autre,,28.041,4.0,"Cheveux, ongles, peau",Levure de bière,Complément alimentaire à base de plantes.,2 gélules par jour,,"Fer fumarate hautement assimilable, enrichi en spiruline, vitamines B6/B9/B12",Nécessite une cure de 3 mois minimum,"Excellent produit pour anémie et fatigue, très bien toléré",4.6,"[""Good quality."", ""Bon Produit"", ""Bon produit . aide a rester en forme"", ""Bon rapport qualit\u00e9 prix"", ""produit excellent""]",,,Croissance/Promo,"Produit: Phytothera Levure De Riz Rouge 60 Gélules
Gamme: Phytothéra
Theme: Autre
Indications: Cheveux, ongles, peau
Composition: Levure de bière
Points positifs: Fer fumarate hautement assimilable, enrichi en spiruline, vitamines B6/B9/B12
Verdict: Excellent produit pour anémie et fatigue, très bien toléré
Avis clients: Good quality. | Bon Produit | Bon produit . aide a rester en forme"
Phytothera Maca Gel B/60,Phytothéra,Autre,,22.988,4.0,"Vitalité, équilibre hormonal",Extrait de Maca,Complément alimentaire à base de plantes.,2 gélules par jour,,,,,,"[""Good quality."", ""Bon Produit"", ""Bon produit . aide a rester en forme"", ""Bon rapport qualit\u00e9 prix"", ""produit excellent""]",,,Croissance/Promo,"Produit: Phytothera Maca Gel B/60
Gamme: Phytothéra
Theme: Autre
Indications: Vitalité, équilibre hormonal
Composition: Extrait de Maca
Points positifs: 
Verdict: 
Avis clients: Good quality. | Bon Produit | Bon produit . aide a rester en forme"
Phytothera Magnesium Magvit 60 Gelules,Phytothéra,Autre,,15.354,4.1,"Réduire la fatigue, fonctionnement du système nerveux",Magnésium,Complément alimentaire à base de plantes.,2 gélules par jour,,,,,,"[""Good quality."", ""Bon Produit"", ""Bon produit . aide a rester en forme"", ""Bon rapport qualit\u00e9 prix"", ""produit excellent""]",,,Croissance/Promo,"Produit: Phytothera Magnesium Magvit 60 Gelules
Gamme: Phytothéra
Theme: Autre
Indications: Réduire la fatigue, fonctionnement du système nerveux
Composition: Magnésium
Points positifs: 
Verdict: 
Avis clients: Good quality. | Bon Produit | Bon produit . aide a rester en forme"
PHYTOTHERA MAGVIT,Phytothéra,Energie,Autre,15.354,,"Réduire la fatigue, fonctionnement du système nerveux",Magnésium,Complément alimentaire à base de plantes.,2 gélules par jour,,,,,,"[""Good quality."", ""Bon Produit"", ""Bon produit . aide a rester en forme"", ""Bon rapport qualit\u00e9 prix"", ""produit excellent""]",https://vital.com.tn/cdn/shop/products/phytothera-magvit.jpg,https://vital.com.tn/products/phytothera-magvit/,Croissance,"Produit: PHYTOTHERA MAGVIT
Gamme: Phytothéra
Theme: Energie
Indications: Réduire la fatigue, fonctionnement du système nerveux
Composition: Magnésium
Points positifs: 
Verdict: 
Avis clients: Good quality. | Bon Produit | Bon produit . aide a rester en forme"
Phytothera Memoire Et Concentration 30 Gélules,Phytothéra,Energie,,25.635,4.0,Mémoire et concentration,Extraits végétaux pour la mémoire,Complément alimentaire à base de plantes.,2 gélules par jour,,"Fer fumarate hautement assimilable, enrichi en spiruline, vitamines B6/B9/B12",Nécessite une cure de 3 mois minimum,"Excellent produit pour anémie et fatigue, très bien toléré",4.6,"[""Good quality."", ""Bon Produit"", ""Bon produit . aide a rester en forme"", ""Bon rapport qualit\u00e9 prix"", ""produit excellent""]",,,Croissance/Promo,"Produit: Phytothera Memoire Et Concentration 30 Gélules
Gamme: Phytothéra
Theme: Energie
Indications: Mémoire et concentration
Composition: Extraits végétaux pour la mémoire
Points positifs: Fer fumarate hautement assimilable, enrichi en spiruline, vitamines B6/B9/B12
Verdict: Excellent produit pour anémie et fatigue, très bien toléré
Avis clients: Good quality. | Bon Produit | Bon produit . aide a rester en forme"
Phytothera Millepertuis 30 Gélules,Phytothéra,Autre,,18.0,3.0,"Équilibre émotionnel, moral",Extrait de Millepertuis,Complément alimentaire à base de plantes.,2 gélules par jour,,"Fer fumarate hautement assimilable, enrichi en spiruline, vitamines B6/B9/B12",Nécessite une cure de 3 mois minimum,"Excellent produit pour anémie et fatigue, très bien toléré",4.6,"[""Good quality."", ""Bon Produit"", ""Bon produit . aide a rester en forme"", ""Bon rapport qualit\u00e9 prix"", ""produit excellent""]",,,Croissance/Promo,"Produit: Phytothera Millepertuis 30 Gélules
Gamme: Phytothéra
Theme: Autre
Indications: Équilibre émotionnel, moral
Composition: Extrait de Millepertuis
Points positifs: Fer fumarate hautement assimilable, enrichi en spiruline, vitamines B6/B9/B12
Verdict: Excellent produit pour anémie et fatigue, très bien toléré
Avis clients: Good quality. | Bon Produit | Bon produit . aide a rester en forme"
Phytothera Pectine De Pomme 30 Gélules,Phytothéra,Autre,,15.0,4.7,"Confort intestinal, ventre plat",Pectine de pomme,Complément alimentaire à base de plantes.,2 gélules par jour,,"Fer fumarate hautement assimilable, enrichi en spiruline, vitamines B6/B9/B12",Nécessite une cure de 3 mois minimum,"Excellent produit pour anémie et fatigue, très bien toléré",4.6,"[""Good quality."", ""Bon Produit"", ""Bon produit . aide a rester en forme"", ""Bon rapport qualit\u00e9 prix"", ""produit excellent""]",,,Croissance/Promo,"Produit: Phytothera Pectine De Pomme 30 Gélules
Gamme: Phytothéra
Theme: Autre
Indications: Confort intestinal, ventre plat
Composition: Pectine de pomme
Points positifs: Fer fumarate hautement assimilable, enrichi en spiruline, vitamines B6/B9/B12
Verdict: Excellent produit pour anémie et fatigue, très bien toléré
Avis clients: Good quality. | Bon Produit | Bon produit . aide a rester en forme"
Phytothera Phytofibres 60 Gélules,Phytothéra,Autre,,17.821,4.0,"Transit intestinal, confort digestif",Fibres végétales,Complément alimentaire à base de plantes.,2 gélules par jour,,"Fer fumarate hautement assimilable, enrichi en spiruline, vitamines B6/B9/B12",Nécessite une cure de 3 mois minimum,"Excellent produit pour anémie et fatigue, très bien toléré",4.6,"[""Good quality."", ""Bon Produit"", ""Bon produit . aide a rester en forme"", ""Bon rapport qualit\u00e9 prix"", ""produit excellent""]",,,Croissance/Promo,"Produit: Phytothera Phytofibres 60 Gélules
Gamme: Phytothéra
Theme: Autre
Indications: Transit intestinal, confort digestif
Composition: Fibres végétales
Points positifs: Fer fumarate hautement assimilable, enrichi en spiruline, vitamines B6/B9/B12
Verdict: Excellent produit pour anémie et fatigue, très bien toléré
Avis clients: Good quality. | Bon Produit | Bon produit . aide a rester en forme"
Phytothera Pollen D’Abeilles 60 Gélules,Phytothéra,Autre,,21.386,4.0,Bien-être général,,Complément alimentaire à base de plantes.,2 gélules par jour,,"Fer fumarate hautement assimilable, enrichi en spiruline, vitamines B6/B9/B12",Nécessite une cure de 3 mois minimum,"Excellent produit pour anémie et fatigue, très bien toléré",4.6,"[""Good quality."", ""Bon Produit"", ""Bon produit . aide a rester en forme"", ""Bon rapport qualit\u00e9 prix"", ""produit excellent""]",,,Croissance/Promo,"Produit: Phytothera Pollen D’Abeilles 60 Gélules
Gamme: Phytothéra
Theme: Autre
Indications: Bien-être général
Composition: 
Points positifs: Fer fumarate hautement assimilable, enrichi en spiruline, vitamines B6/B9/B12
Verdict: Excellent produit pour anémie et fatigue, très bien toléré
Avis clients: Good quality. | Bon Produit | Bon produit . aide a rester en forme"
Phytothera Soya Femme 60 Gélules,Phytothéra,Autre,,41.047,4.0,Bien-être général,,Complément alimentaire à base de plantes.,2 gélules par jour,,"Fer fumarate hautement assimilable, enrichi en spiruline, vitamines B6/B9/B12",Nécessite une cure de 3 mois minimum,"Excellent produit pour anémie et fatigue, très bien toléré",4.6,"[""Good quality."", ""Bon Produit"", ""Bon produit . aide a rester en forme"", ""Bon rapport qualit\u00e9 prix"", ""produit excellent""]",,,Croissance/Promo,"Produit: Phytothera Soya Femme 60 Gélules
Gamme: Phytothéra
Theme: Autre
Indications: Bien-être général
Composition: 
Points positifs: Fer fumarate hautement assimilable, enrichi en spiruline, vitamines B6/B9/B12
Verdict: Excellent produit pour anémie et fatigue, très bien toléré
Avis clients: Good quality. | Bon Produit | Bon produit . aide a rester en forme"
"Phytothera Spiruline, 60 Gélules",Phytothéra,Autre,,21.385,4.2,Bien-être général,,Complément alimentaire à base de plantes.,2 gélules par jour,,"Fer fumarate hautement assimilable, enrichi en spiruline, vitamines B6/B9/B12",Nécessite une cure de 3 mois minimum,"Excellent produit pour anémie et fatigue, très bien toléré",4.6,"[""Good quality."", ""Bon Produit"", ""Bon produit . aide a rester en forme"", ""Bon rapport qualit\u00e9 prix"", ""produit excellent""]",,,Croissance/Promo,"Produit: Phytothera Spiruline, 60 Gélules
Gamme: Phytothéra
Theme: Autre
Indications: Bien-être général
Composition: 
Points positifs: Fer fumarate hautement assimilable, enrichi en spiruline, vitamines B6/B9/B12
Verdict: Excellent produit pour anémie et fatigue, très bien toléré
Avis clients: Good quality. | Bon Produit | Bon produit . aide a rester en forme"
Phytothera Stimul Plus 30 Gélules,Phytothéra,Autre,,29.945,3.5,Bien-être général,,Complément alimentaire à base de plantes.,2 gélules par jour,,"Fer fumarate hautement assimilable, enrichi en spiruline, vitamines B6/B9/B12",Nécessite une cure de 3 mois minimum,"Excellent produit pour anémie et fatigue, très bien toléré",4.6,"[""Good quality."", ""Bon Produit"", ""Bon produit . aide a rester en forme"", ""Bon rapport qualit\u00e9 prix"", ""produit excellent""]",,,Croissance/Promo,"Produit: Phytothera Stimul Plus 30 Gélules
Gamme: Phytothéra
Theme: Autre
Indications: Bien-être général
Composition: 
Points positifs: Fer fumarate hautement assimilable, enrichi en spiruline, vitamines B6/B9/B12
Verdict: Excellent produit pour anémie et fatigue, très bien toléré
Avis clients: Good quality. | Bon Produit | Bon produit . aide a rester en forme"
Phytothera Ventre Plat 30 Gélules,Phytothéra,Autre,,18.0,4.0,Bien-être général,,Complément alimentaire à base de plantes.,2 gélules par jour,,"Fer fumarate hautement assimilable, enrichi en spiruline, vitamines B6/B9/B12",Nécessite une cure de 3 mois minimum,"Excellent produit pour anémie et fatigue, très bien toléré",4.6,"[""Good quality."", ""Bon Produit"", ""Bon produit . aide a rester en forme"", ""Bon rapport qualit\u00e9 prix"", ""produit excellent""]",,,Croissance/Promo,"Produit: Phytothera Ventre Plat 30 Gélules
Gamme: Phytothéra
Theme: Autre
Indications: Bien-être général
Composition: 
Points positifs: Fer fumarate hautement assimilable, enrichi en spiruline, vitamines B6/B9/B12
Verdict: Excellent produit pour anémie et fatigue, très bien toléré
Avis clients: Good quality. | Bon Produit | Bon produit . aide a rester en forme"
PHYTOTHERA VINAIGRE DE...,Phytothéra,Autre,,19.332,,Bien-être général,,Complément alimentaire à base de plantes.,2 gélules par jour,,,,,,"[""Good quality."", ""Bon Produit"", ""Bon produit . aide a rester en forme"", ""Bon rapport qualit\u00e9 prix"", ""produit excellent""]",,,Croissance,"Produit: PHYTOTHERA VINAIGRE DE...
Gamme: Phytothéra
Theme: Autre
Indications: Bien-être général
Composition: 
Points positifs: 
Verdict: 
Avis clients: Good quality. | Bon Produit | Bon produit . aide a rester en forme"
Phytothera Vinaigre De Cidre 250ml,Phytothéra,Autre,,19.332,5.0,Bien-être général,,Complément alimentaire à base de plantes.,2 gélules par jour,,,,,,"[""Good quality."", ""Bon Produit"", ""Bon produit . aide a rester en forme"", ""Bon rapport qualit\u00e9 prix"", ""produit excellent""]",,,Croissance/Promo,"Produit: Phytothera Vinaigre De Cidre 250ml
Gamme: Phytothéra
Theme: Autre
Indications: Bien-être général
Composition: 
Points positifs: 
Verdict: 
Avis clients: Good quality. | Bon Produit | Bon produit . aide a rester en forme"
Plantalgic,Autres,Articulations,Gélule,4.373,,"– Soulage les douleurs musculaires, céphalées et les arthralgies","Extrait d'Harpagophytum, Extrait de Guarana",Boite de 15 gélules,"2 gélules par jour
En cas de besoin, ne pas dépasser 4 gélules par jour",Femme enceinte et allaitante,,,,,[],https://vital.com.tn/cdn/shop/products/plantalgic.jpg,https://vital.com.tn/products/plantalgic/,Croissance,"Produit: Plantalgic
Gamme: Autres
Theme: Articulations
Indications: – Soulage les douleurs musculaires, céphalées et les arthralgies
Composition: Extrait d'Harpagophytum, Extrait de Guarana
Points positifs: 
Verdict: 
Avis clients: "
Plantex,Autres,Autre,Gélule,9.409,,– Prévient et traite l’état grippal,"Acérola, Echinacée, Plantain, Noyer, thym, Eucalyptus",Une boîte de 30 Gélules : Formule Jour et formule Nuit,"1 gélule le matin (formule jour)
1 gélule le soir (formule nuit)",Aucune,,,,,[],https://vital.com.tn/cdn/shop/products/plantex-3.jpg,https://vital.com.tn/products/plantex-3/,Croissance,"Produit: Plantex
Gamme: Autres
Theme: Autre
Indications: – Prévient et traite l’état grippal
Composition: Acérola, Echinacée, Plantain, Noyer, thym, Eucalyptus
Points positifs: 
Verdict: 
Avis clients: "
Plantex vitamine C,Autres,Immunité,Sachet,9.409,,"– Contribue à renforcer les défenses immunitaires
– Améliore le métabolisme énergétique
– Aide à résister au stresse et à la fatigue
– Protège des virus ambiants","*Composition par sachet 5mg: -500 mg de vitamine C, -100 mg d'extrait sec d'acérola",Boite de 12 sachets,"Prendre un sachet par jour,
Diluer dans un verre d’eau ou de jus de fruit",,"Dosage optimal 320mg, forme acérola disponible, antioxydant puissant",Peut être insuffisant en cas de carence sévère,Produit fiable pour l'immunité et la vitalité quotidienne,4.6,"[""Tres bien"", ""Haja top"", ""Efficace"", ""the best"", ""Excellent rapport qualit\u00e9 prix""]",https://vital.com.tn/cdn/shop/products/plantex-vitamine-c.jpg,https://vital.com.tn/products/plantex-vitamine-c/,Croissance,"Produit: Plantex vitamine C
Gamme: Autres
Theme: Immunité
Indications: – Contribue à renforcer les défenses immunitaires
– Améliore le métabolisme énergétique
– Aide à résister au stresse et à la fatigue
– Protège des virus ambiants
Composition: *Composition par sachet 5mg: -500 mg de vitamine C, -100 mg d'extrait sec d'acérola
Points positifs: Dosage optimal 320mg, forme acérola disponible, antioxydant puissant
Verdict: Produit fiable pour l'immunité et la vitalité quotidienne
Avis clients: Tres bien | Haja top | Efficace"
Plantexil Gélule,Autres,Autre,Gélule,9.409,,– Calme la toux sèche,"Plantain, Tilleul, Romarin",Boite de 15 gélules,2 gélules par jour,Aucune,"Fer fumarate hautement assimilable, enrichi en spiruline, vitamines B6/B9/B12",Nécessite une cure de 3 mois minimum,"Excellent produit pour anémie et fatigue, très bien toléré",4.6,"[""Good quality."", ""Bon Produit"", ""Bon produit . aide a rester en forme"", ""Bon rapport qualit\u00e9 prix"", ""Good quality. top""]",https://vital.com.tn/cdn/shop/products/plantexil-gelule.jpg,https://vital.com.tn/products/plantexil-gelule/,Croissance,"Produit: Plantexil Gélule
Gamme: Autres
Theme: Autre
Indications: – Calme la toux sèche
Composition: Plantain, Tilleul, Romarin
Points positifs: Fer fumarate hautement assimilable, enrichi en spiruline, vitamines B6/B9/B12
Verdict: Excellent produit pour anémie et fatigue, très bien toléré
Avis clients: Good quality. | Bon Produit | Bon produit . aide a rester en forme"
Plantexil Sirop,Autres,Autre,Liquide,9.409,,– Calme la toux sèche,"Plantain, Tilleul, Romarin, Miel, propolis.",Flacon de 150 ml,– 10ml deux fois par jour,Aucune,,,,,"[""efficace"", ""gout du miel et de plantes""]",https://vital.com.tn/cdn/shop/products/plantexil.jpg,https://vital.com.tn/products/plantexil/,Croissance,"Produit: Plantexil Sirop
Gamme: Autres
Theme: Autre
Indications: – Calme la toux sèche
Composition: Plantain, Tilleul, Romarin, Miel, propolis.
Points positifs: 
Verdict: 
Avis clients: efficace | gout du miel et de plantes"
Planthérapie Allergiplant,Autres,Autre,Sachet,16.11,5.0,"Équilibrer la réponse du système immunitaire, réduire les symptômes allergiques","Quercétine Sophorae japonica L, Méthyl-sulfonyl-méthane (MSM), Extrait sec de Cassis",Complément alimentaire pour équilibrer la réponse du système immunitaire contre les allergies.,2 gélules par jour,,,,,,[],https://vital.com.tn/cdn/shop/products/plantherapie-allergiplant-2.jpg,https://vital.com.tn/products/plantherapie-allergiplant-2/,Croissance,"Produit: Planthérapie Allergiplant
Gamme: Autres
Theme: Autre
Indications: Équilibrer la réponse du système immunitaire, réduire les symptômes allergiques
Composition: Quercétine Sophorae japonica L, Méthyl-sulfonyl-méthane (MSM), Extrait sec de Cassis
Points positifs: 
Verdict: 
Avis clients: "
Planthérapie Plantalgic Articulations,Autres,Articulations,Gélule,25.48,,"• Contribue au bon fonctionnement des muscles et des articulations
• Apporte une souplesse aux articulations et renforce les tendons
• Aide à reconstituer le cartilage",,30 Gélules,,,,,,,[],https://vital.com.tn/cdn/shop/products/plantherapie-plantalgic-articulations-2.jpg,https://vital.com.tn/products/plantherapie-plantalgic-articulations-2/,Croissance,"Produit: Planthérapie Plantalgic Articulations
Gamme: Autres
Theme: Articulations
Indications: • Contribue au bon fonctionnement des muscles et des articulations
• Apporte une souplesse aux articulations et renforce les tendons
• Aide à reconstituer le cartilage
Composition: 
Points positifs: 
Verdict: 
Avis clients: "
Planthérapie Plantalgic Extra,Autres,Articulations,Gélule,15.0,,"• Soulage les douleurs musculaires, les céphalées et les arthralgies",,15 Gélules,,,,,,,[],https://vital.com.tn/cdn/shop/products/plantherapie-plantalgic-extra-2.jpg,https://vital.com.tn/products/plantherapie-plantalgic-extra-2/,Croissance,"Produit: Planthérapie Plantalgic Extra
Gamme: Autres
Theme: Articulations
Indications: • Soulage les douleurs musculaires, les céphalées et les arthralgies
Composition: 
Points positifs: 
Verdict: 
Avis clients: "
PLANTHÉRAPIE PLANTEX RHUME,Autres,Immunité,Sachet,9.409,,Bien-être général,Extrait sec des feuilles d’Echinacée - Extrait sec des racines d'Astragale - Extrait Sec des fleurs de Lavande - Vitamine C - Extrait sec de Thym - Extrait sec de la grande Camomille - Extrait sec de l’écorce de Saule - Huile essentielle d’Eucalyptus radié - Extrait sec des fruits de Sureau noir - Zinc,Complément alimentaire à base de plantes.,Selon les besoins,,,,,,[],https://vital.com.tn/cdn/shop/products/plantherapie-plantex-rhume-2.jpg,https://vital.com.tn/products/plantherapie-plantex-rhume-2/,Croissance,"Produit: PLANTHÉRAPIE PLANTEX RHUME
Gamme: Autres
Theme: Immunité
Indications: Bien-être général
Composition: Extrait sec des feuilles d’Echinacée - Extrait sec des racines d'Astragale - Extrait Sec des fleurs de Lavande - Vitamine C - Extrait sec de Thym - Extrait sec de la grande Camomille - Extrait sec de l’écorce de Saule - Huile essentielle d’Eucalyptus radié - Extrait sec des fruits de Sureau noir - Zinc
Points positifs: 
Verdict: 
Avis clients: "
Planthérapie Plantexil Sans sucre,Autres,Autre,Liquide,9.409,,"• Calme les voies respiratoires
• Toux sèche",,150 ML,,,,,,,[],https://vital.com.tn/cdn/shop/products/plantherapie-plantexil-sans-sucre-2.jpg,https://vital.com.tn/products/plantherapie-plantexil-sans-sucre-2/,Croissance,"Produit: Planthérapie Plantexil Sans sucre
Gamme: Autres
Theme: Autre
Indications: • Calme les voies respiratoires
• Toux sèche
Composition: 
Points positifs: 
Verdict: 
Avis clients: "
Planthérapie Planthiol Sans sucre,Autres,Autre,Liquide,8.958,,"• Dégage les voies respiratoires
• Toux grasse",,150 ML,,,,,,,"[""gout du miel et de plantes""]",https://vital.com.tn/cdn/shop/products/plantherapie-planthiol-sans-sucre-2.jpg,https://vital.com.tn/products/plantherapie-planthiol-sans-sucre-2/,Croissance,"Produit: Planthérapie Planthiol Sans sucre
Gamme: Autres
Theme: Autre
Indications: • Dégage les voies respiratoires
• Toux grasse
Composition: 
Points positifs: 
Verdict: 
Avis clients: gout du miel et de plantes"
Planthiol Gélule,Autres,Autre,Gélule,7.265,,"– Calme la toux grasse
– Expectorant
– Dégage les voies respiratoires","Plantain, Thym, Eucalyptus, Cassis.",Boite de 15 gélules,2 gélules par jour,Aucune,"Fer fumarate hautement assimilable, enrichi en spiruline, vitamines B6/B9/B12",Nécessite une cure de 3 mois minimum,"Excellent produit pour anémie et fatigue, très bien toléré",4.6,"[""gout du miel et de plantes"", ""Good quality."", ""Bon Produit"", ""Bon produit . aide a rester en forme"", ""Bon rapport qualit\u00e9 prix""]",https://vital.com.tn/cdn/shop/products/planthiol-gelule.jpg,https://vital.com.tn/products/planthiol-gelule/,Croissance,"Produit: Planthiol Gélule
Gamme: Autres
Theme: Autre
Indications: – Calme la toux grasse
– Expectorant
– Dégage les voies respiratoires
Composition: Plantain, Thym, Eucalyptus, Cassis.
Points positifs: Fer fumarate hautement assimilable, enrichi en spiruline, vitamines B6/B9/B12
Verdict: Excellent produit pour anémie et fatigue, très bien toléré
Avis clients: gout du miel et de plantes | Good quality. | Bon Produit"
Planthiol Sirop,Autres,Autre,Gélule,11.662,,"– Calme la toux grasse
– Expectorant
– Dégage les voies respiratoires","Sirop : Plantain, Thym, Eucalyptus, Cassis, Miel, propolis.",Flacon de 150 ml,"– 10 ml deux fois par jour
De préférence avant 16h",Aucune,,,,,"[""gout du miel et de plantes"", ""efficace""]",https://vital.com.tn/cdn/shop/products/planthiol.jpg,https://vital.com.tn/products/planthiol/,Croissance,"Produit: Planthiol Sirop
Gamme: Autres
Theme: Autre
Indications: – Calme la toux grasse
– Expectorant
– Dégage les voies respiratoires
Composition: Sirop : Plantain, Thym, Eucalyptus, Cassis, Miel, propolis.
Points positifs: 
Verdict: 
Avis clients: gout du miel et de plantes | efficace"
Plantyl capsule,Autres,Immunité,Gélule,13.9,,– Renforce l’immunité et améliore le confort des voies respiratoires supérieures,"Huile essentielle d'eucalyptus, Huile essentielle de Thym, Huile essentielle de Lavande",Boite de 15 capsules,1 capsule par jour,,,,,,"[""C\u2019est l\u2019Omega 3 que j\u2019utilise pour mes cures !"", ""Un Bon produit pour les yeux"", ""bon produit"", ""je le recommande"", ""excellent""]",https://vital.com.tn/cdn/shop/products/plantyl-3.jpg,https://vital.com.tn/products/plantyl-3/,Croissance,"Produit: Plantyl capsule
Gamme: Autres
Theme: Immunité
Indications: – Renforce l’immunité et améliore le confort des voies respiratoires supérieures
Composition: Huile essentielle d'eucalyptus, Huile essentielle de Thym, Huile essentielle de Lavande
Points positifs: 
Verdict: 
Avis clients: C’est l’Omega 3 que j’utilise pour mes cures ! | Un Bon produit pour les yeux | bon produit"
Plantyl Sirop,Autres,Immunité,Liquide,6.664,,– Renforce l’immunité et améliore le confort des voies respiratoires supérieures,"Huile essentielle d'eucalyptus, Huile essentielle de Thym, Huile essentielle de Lavande",Sirop 150 ml,Adultes: 10ml fois deux par jour,,,,,,"[""efficace"", ""gout du miel et de plantes""]",https://vital.com.tn/cdn/shop/products/plantyl-sirop.jpg,https://vital.com.tn/products/plantyl-sirop/,Croissance,"Produit: Plantyl Sirop
Gamme: Autres
Theme: Immunité
Indications: – Renforce l’immunité et améliore le confort des voies respiratoires supérieures
Composition: Huile essentielle d'eucalyptus, Huile essentielle de Thym, Huile essentielle de Lavande
Points positifs: 
Verdict: 
Avis clients: efficace | gout du miel et de plantes"
Pollen d’abeilles,Autres,Beauté/Peau,Gélule,21.386,,"– Fortifiant général
– Santé de la peau et des cheveux
– Etat de fatigue","Pollen d’abeilles, Sélénium",Boite de 60 gélules,Enfant à partir de 6 ans et Adulte : 3 gélules par jour,Aucune,,,,,[],https://vital.com.tn/cdn/shop/products/pollen-dabeilles.jpg,https://vital.com.tn/products/pollen-dabeilles/,Croissance,"Produit: Pollen d’abeilles
Gamme: Autres
Theme: Beauté/Peau
Indications: – Fortifiant général
– Santé de la peau et des cheveux
– Etat de fatigue
Composition: Pollen d’abeilles, Sélénium
Points positifs: 
Verdict: 
Avis clients: "
Pulmax Anti-Tussif,Autres,Autre,Liquide,9.77,,"– Apaise la toux
– Dégage les voies respiratoires
– SANS SUCRE
– Adapté aux diabétiques","Extrait sec de Lierre grimpant (Hedera Helix), Extrait sec de guimauve ( Althaea officinalis)",Sirop sans sucre 150 ml,"* 3-6 ans : 2.5 ml x 2 par jour
* 6-12 ans : 5ml x 2 par jour
* 12 ans et plus : 10 ml x 2 par jour",,,,,,[],https://vital.com.tn/cdn/shop/products/pulmax-anti-tussif.jpg,https://vital.com.tn/products/pulmax-anti-tussif/,Croissance,"Produit: Pulmax Anti-Tussif
Gamme: Autres
Theme: Autre
Indications: – Apaise la toux
– Dégage les voies respiratoires
– SANS SUCRE
– Adapté aux diabétiques
Composition: Extrait sec de Lierre grimpant (Hedera Helix), Extrait sec de guimauve ( Althaea officinalis)
Points positifs: 
Verdict: 
Avis clients: "
Pulmax Kids,Autres,Enfants,Liquide,8.2,,"• Soulage la toux mixte chez le nourrisson et l’enfant
• Aide à dégager les voies respiratoires",Sans Sucre,150 ML,,,,,,,[],https://vital.com.tn/cdn/shop/products/pulmax-kids.jpg,https://vital.com.tn/products/pulmax-kids/,Croissance,"Produit: Pulmax Kids
Gamme: Autres
Theme: Enfants
Indications: • Soulage la toux mixte chez le nourrisson et l’enfant
• Aide à dégager les voies respiratoires
Composition: Sans Sucre
Points positifs: 
Verdict: 
Avis clients: "
Rhinoplant,Autres,Autre,Spray,6.899,,"– Nettoie et humidifie la muqueuse nasale
– Désobstruction nasale
– Solution isotonique, permet d’évacuer les agents infectieux et allergènes","Chlorure de sodium, Extrait sec de Thym, Extrait sec d'Arnica, Extrait sec de Bardane, Propolis, Huile essentielle d'Eucalyptus",Flacon de 20 ml,"2 à 4 pulvérisations dans chaque narine,
2 à 3 fois par jour",,,,,,[],https://vital.com.tn/cdn/shop/products/rhinoplant-3.jpg,https://vital.com.tn/products/rhinoplant-3/,Croissance,"Produit: Rhinoplant
Gamme: Autres
Theme: Autre
Indications: – Nettoie et humidifie la muqueuse nasale
– Désobstruction nasale
– Solution isotonique, permet d’évacuer les agents infectieux et allergènes
Composition: Chlorure de sodium, Extrait sec de Thym, Extrait sec d'Arnica, Extrait sec de Bardane, Propolis, Huile essentielle d'Eucalyptus
Points positifs: 
Verdict: 
Avis clients: "
Savon antiviral Bactol professionnel,Autres,Autre,Savon,3.564,,"Désinfection, hygiène des mains",,Gel désinfectant antiviral pour l'hygiène des mains.,"Usage professionnel, appliquer sur les mains",,,,,,"[""franchement toppp"", ""Un des meilleurs pour moi"", ""Je recommande"", ""soum behii""]",https://vital.com.tn/cdn/shop/products/savon-antiviral-bactol-professionnel.jpg,https://vital.com.tn/products/savon-antiviral-bactol-professionnel/,Croissance,"Produit: Savon antiviral Bactol professionnel
Gamme: Autres
Theme: Autre
Indications: Désinfection, hygiène des mains
Composition: 
Points positifs: 
Verdict: 
Avis clients: franchement toppp | Un des meilleurs pour moi | Je recommande"
Savon Bactol énergisant,Autres,Autre,,4.0,,"Désinfection, hygiène des mains",,Gel désinfectant antiviral pour l'hygiène des mains.,Appliquer sur les mains et frotter jusqu'à séchage,,,,,,"[""franchement toppp"", ""Un des meilleurs pour moi"", ""Je recommande"", ""soum behii""]",https://vital.com.tn/cdn/shop/products/savon-bactol-energisant.jpg,https://vital.com.tn/products/savon-bactol-energisant/,Croissance,"Produit: Savon Bactol énergisant
Gamme: Autres
Theme: Autre
Indications: Désinfection, hygiène des mains
Composition: 
Points positifs: 
Verdict: 
Avis clients: franchement toppp | Un des meilleurs pour moi | Je recommande"
Savon Bactol extra doux,Autres,Autre,Savon,4.0,,"Désinfection, hygiène des mains",,Gel désinfectant antiviral pour l'hygiène des mains.,Appliquer sur les mains et frotter jusqu'à séchage,,,,,,"[""franchement toppp"", ""Un des meilleurs pour moi"", ""Je recommande"", ""soum behii""]",https://vital.com.tn/cdn/shop/products/savon-bactol-extra-doux.jpg,https://vital.com.tn/products/savon-bactol-extra-doux/,Croissance,"Produit: Savon Bactol extra doux
Gamme: Autres
Theme: Autre
Indications: Désinfection, hygiène des mains
Composition: 
Points positifs: 
Verdict: 
Avis clients: franchement toppp | Un des meilleurs pour moi | Je recommande"
Savon Bactol professionnel,Autres,Autre,Savon,3.564,,"Désinfection, hygiène des mains",,Gel désinfectant antiviral pour l'hygiène des mains.,"Usage professionnel, appliquer sur les mains",,,,,,"[""franchement toppp"", ""Un des meilleurs pour moi"", ""Je recommande"", ""soum behii""]",https://vital.com.tn/cdn/shop/products/savon-bactol-professionnel.jpg,https://vital.com.tn/products/savon-bactol-professionnel/,Croissance,"Produit: Savon Bactol professionnel
Gamme: Autres
Theme: Autre
Indications: Désinfection, hygiène des mains
Composition: 
Points positifs: 
Verdict: 
Avis clients: franchement toppp | Un des meilleurs pour moi | Je recommande"
Savon Bactol rafraichissant,Autres,Autre,Savon,4.0,,"Désinfection, hygiène des mains",,Gel désinfectant antiviral pour l'hygiène des mains.,Appliquer sur les mains et frotter jusqu'à séchage,,,,,,"[""franchement toppp"", ""Un des meilleurs pour moi"", ""Je recommande"", ""soum behii""]",https://vital.com.tn/cdn/shop/products/savon-bactol-rafraichissant.jpg,https://vital.com.tn/products/savon-bactol-rafraichissant/,Croissance,"Produit: Savon Bactol rafraichissant
Gamme: Autres
Theme: Autre
Indications: Désinfection, hygiène des mains
Composition: 
Points positifs: 
Verdict: 
Avis clients: franchement toppp | Un des meilleurs pour moi | Je recommande"
Skincare,Autres,Beauté/Peau,Gélule,38.247,,"Hydratation et nutrition de la peau, rajeunissement de la peau, effet anti-âge et antioxydant","Huile de bourrache, Huile d'onagre, Vitamine E",Complément alimentaire pour l'hydratation et le rajeunissement de la peau.,"2 capsules par jour, cure minimale de 3 mois",,,,,,"[""\u00e0 essayer"", ""tr\u00e8s efficace""]",https://vital.com.tn/cdn/shop/products/skincare-2.jpg,https://vital.com.tn/products/skincare-2/,Croissance,"Produit: Skincare
Gamme: Autres
Theme: Beauté/Peau
Indications: Hydratation et nutrition de la peau, rajeunissement de la peau, effet anti-âge et antioxydant
Composition: Huile de bourrache, Huile d'onagre, Vitamine E
Points positifs: 
Verdict: 
Avis clients: à essayer | très efficace"
Spiruline,Autres,Articulations,Gélule,21.385,4.0,"– immunostimulant
– Fortifiant et nutritif
– Fortifiant phanère",Spiruline,Boite de 60 gélules,2 gélules par jour,,"Protéines complètes, Fer, Vitamines B12, Antioxydants","Goût particulier en poudre, préférer gélules","Super-aliment exceptionnel, effets multiples validés",4.8,[],https://vital.com.tn/cdn/shop/products/spiruline-4.jpg,https://vital.com.tn/products/spiruline-4/,Croissance,"Produit: Spiruline
Gamme: Autres
Theme: Articulations
Indications: – immunostimulant
– Fortifiant et nutritif
– Fortifiant phanère
Composition: Spiruline
Points positifs: Protéines complètes, Fer, Vitamines B12, Antioxydants
Verdict: Super-aliment exceptionnel, effets multiples validés
Avis clients: "
Spray désinfectant Bactol,Autres,Autre,Spray,7.69,,"Désinfection, hygiène des mains",,Gel désinfectant antiviral pour l'hygiène des mains.,Appliquer sur les mains et frotter jusqu'à séchage,,,,,,"[""behi barcha""]",https://vital.com.tn/cdn/shop/products/spray-desinfectant-bactol.jpg,https://vital.com.tn/products/spray-desinfectant-bactol/,Croissance,"Produit: Spray désinfectant Bactol
Gamme: Autres
Theme: Autre
Indications: Désinfection, hygiène des mains
Composition: 
Points positifs: 
Verdict: 
Avis clients: behi barcha"
Stimul plus,Autres,Autre,Gélule,29.945,3.5,"– Optimise les performances sexuelles
– Fortifie l’état général
– Augmente la libido","Extrait sec de Panax Ginseng (racine), Gelée Royale lyophilisée, Gingembre",Boite de 30 gélules,2 gélules le soir pendant 2 à 6 mois,Aucune,,,,,"[""produit excellent""]",https://vital.com.tn/cdn/shop/products/stimul-plus-2.jpg,https://vital.com.tn/products/stimul-plus-2/,Croissance,"Produit: Stimul plus
Gamme: Autres
Theme: Autre
Indications: – Optimise les performances sexuelles
– Fortifie l’état général
– Augmente la libido
Composition: Extrait sec de Panax Ginseng (racine), Gelée Royale lyophilisée, Gingembre
Points positifs: 
Verdict: 
Avis clients: produit excellent"
SWEET bronzage,Autres,Immunité,Autre,18.0,,"– Prolonge le teint bronzé des zones exposées pour une durée plus longue
– Renforce les défenses contre l’agressions des rayons UV
– Diminution des lésions induites par la photosensibilité
– Puissants pigments naturels permettant de limiter les effets néfastes du soleil sur la peau
– Effet bonne mine et peau saine
– Diminue le risque de vieillissement secondaire à l’exposition
– Anti-oxydant & anti-âge","Polypodium leucotomos, Lutéine, B carotène, Lycopène de tomate, Vitamine E",Boite de 30 gummies,"2 gummies par jour
Respectez les doses recommandées",,,,,,[],https://vital.com.tn/cdn/shop/products/sweet-bronzage-2.jpg,https://vital.com.tn/products/sweet-bronzage-2/,Croissance,"Produit: SWEET bronzage
Gamme: Autres
Theme: Immunité
Indications: – Prolonge le teint bronzé des zones exposées pour une durée plus longue
– Renforce les défenses contre l’agressions des rayons UV
– Diminution des lésions induites par la photosensibilité
– Puissants pigments naturels permettant de limiter les effets néfastes du soleil sur la peau
– Effet bonne mine et peau saine
– Diminue le risque de vieillissement secondaire à l’exposition
– Anti-oxydant & anti-âge
Composition: Polypodium leucotomos, Lutéine, B carotène, Lycopène de tomate, Vitamine E
Points positifs: 
Verdict: 
Avis clients: "
SWEET health constipation,Autres,Digestif,Autre,12.0,,"-Laxatif puissant
-Constipation aigue
– Ne pas dépasser 10J de traitement",Extrait sec des feuilles de Senné,Boite de 30 gummies,À partir de 12 ans : 1 à 4 gummies par jour,"Contre indiqué chez l'enfant -12 ans, femme enceinte, femme allaitante",,,,,"[""\u00e0 essayer"", ""tr\u00e8s efficace""]",https://vital.com.tn/cdn/shop/products/sweet-health-constipation.jpg,https://vital.com.tn/products/sweet-health-constipation/,Croissance,"Produit: SWEET health constipation
Gamme: Autres
Theme: Digestif
Indications: -Laxatif puissant
-Constipation aigue
– Ne pas dépasser 10J de traitement
Composition: Extrait sec des feuilles de Senné
Points positifs: 
Verdict: 
Avis clients: à essayer | très efficace"
SWEET health fer,Autres,Digestif,Autre,18.0,,"– Prévenir les carences en fer
– Faible risque de constipation
– Traitement de l’anémie chez l’adulte et la femme enceinte
– Meilleur absorption du fer grâce à la vitamine C","Composition pour 2 gummies : Fer 14mg, bisglycinate de fer 51.2 mg, vitamine C 20 mg",Boite de 30 gummies,2 gummies par jour,,,,,,"[""\u00e0 essayer"", ""tr\u00e8s efficace""]",https://vital.com.tn/cdn/shop/products/sweet-health-fer.jpg,https://vital.com.tn/products/sweet-health-fer/,Croissance,"Produit: SWEET health fer
Gamme: Autres
Theme: Digestif
Indications: – Prévenir les carences en fer
– Faible risque de constipation
– Traitement de l’anémie chez l’adulte et la femme enceinte
– Meilleur absorption du fer grâce à la vitamine C
Composition: Composition pour 2 gummies : Fer 14mg, bisglycinate de fer 51.2 mg, vitamine C 20 mg
Points positifs: 
Verdict: 
Avis clients: à essayer | très efficace"
SWEET multivitaminé,Autres,Autre,Autre,16.0,,– Couvre les apports journaliers en vitamines,Vit.C - Vit.E - Vit.B5 - Vit B2 - Vit.B6 - Vit.B1 - Vit.A - Vit.B9 - Vit.D - Vit.B12,Boite de 30 gummies,3 gummies par jour,,,,,,[],https://vital.com.tn/cdn/shop/products/sweet-multivitamine.jpg,https://vital.com.tn/products/sweet-multivitamine/,Croissance,"Produit: SWEET multivitaminé
Gamme: Autres
Theme: Autre
Indications: – Couvre les apports journaliers en vitamines
Composition: Vit.C - Vit.E - Vit.B5 - Vit B2 - Vit.B6 - Vit.B1 - Vit.A - Vit.B9 - Vit.D - Vit.B12
Points positifs: 
Verdict: 
Avis clients: "
SWEET night,Autres,Sommeil,Autre,15.0,,"– Permet d’avoir des cycles de sommeils réguliers
– Aide le corps à s’adapter aux changements de saison
– Facilite l’endormissement
– Améliore la qualité de sommeil",Gummies sweet night dosés à 1 mg de mélatonine,Boite de 30 gummies,"1 gummie au coucher
– Il est conseillé de ne pas dépasser les posologies recommandées.",,,,,,[],https://vital.com.tn/cdn/shop/products/sweet-night.jpg,https://vital.com.tn/products/sweet-night/,Croissance,"Produit: SWEET night
Gamme: Autres
Theme: Sommeil
Indications: – Permet d’avoir des cycles de sommeils réguliers
– Aide le corps à s’adapter aux changements de saison
– Facilite l’endormissement
– Améliore la qualité de sommeil
Composition: Gummies sweet night dosés à 1 mg de mélatonine
Points positifs: 
Verdict: 
Avis clients: "
SWEET slim coupe faim,Autres,Minceur,Autre,20.0,,"– Procure une sensation de satiété
– Limite les grignotage
– Réduit l’absorption des graisses et de sucre",Composition pour 4 gummies : Extrait sec de konjac 180 mg,Boite de 30 gummies,Prendre 2 à 4 gummies par jour,,,,,,[],https://vital.com.tn/cdn/shop/products/sweet-slim-coupe-faim.jpg,https://vital.com.tn/products/sweet-slim-coupe-faim/,Croissance,"Produit: SWEET slim coupe faim
Gamme: Autres
Theme: Minceur
Indications: – Procure une sensation de satiété
– Limite les grignotage
– Réduit l’absorption des graisses et de sucre
Composition: Composition pour 4 gummies : Extrait sec de konjac 180 mg
Points positifs: 
Verdict: 
Avis clients: "
SWEET vitalité,Autres,Energie,Autre,18.0,,-Booste l’énergie,Taurine - Vit.C -Extrait sec de Guarana - Coenzyme Q10 - Caféine - Vit.B3 - Vit.B2 - Vit.B6 - Vit.B1 - Vit.B9 - Vit.B12,Boite de 30 gummies,2 gummies par jour,,,,,,[],https://vital.com.tn/cdn/shop/products/sweet-vitalite.jpg,https://vital.com.tn/products/sweet-vitalite/,Croissance,"Produit: SWEET vitalité
Gamme: Autres
Theme: Energie
Indications: -Booste l’énergie
Composition: Taurine - Vit.C -Extrait sec de Guarana - Coenzyme Q10 - Caféine - Vit.B3 - Vit.B2 - Vit.B6 - Vit.B1 - Vit.B9 - Vit.B12
Points positifs: 
Verdict: 
Avis clients: "
TC 2000 Gel,Autres,Autre,Gel/Crème,48.079,,"Inhibe la synthèse de la mélanine,
Exfoliant, Antiradicalaire","Liposome WF, Arbutine, extrait pamplemousse, extrait citron",Gel de 30 ml,1 application 2 fois par jour,,,,,,[],https://vital.com.tn/cdn/shop/products/tc-2000-gel.jpg,https://vital.com.tn/products/tc-2000-gel/,Croissance,"Produit: TC 2000 Gel
Gamme: Autres
Theme: Autre
Indications: Inhibe la synthèse de la mélanine,
Exfoliant, Antiradicalaire
Composition: Liposome WF, Arbutine, extrait pamplemousse, extrait citron
Points positifs: 
Verdict: 
Avis clients: "
TC 2000 Nutractiva,Autres,Autre,Gélule,34.409,,"– Contribue au renouvellement cellulaire
– Antiradicalaire
– Antioxydant","Pycnogénoles, Vit C, Vit E, Curcuma, Levure de bière, Vit B9",Boite de 60 gélules,1 géllule 2 fois par jour,,,,,,[],https://vital.com.tn/cdn/shop/products/tc-2000-nutractiva.jpg,https://vital.com.tn/products/tc-2000-nutractiva/,Croissance,"Produit: TC 2000 Nutractiva
Gamme: Autres
Theme: Autre
Indications: – Contribue au renouvellement cellulaire
– Antiradicalaire
– Antioxydant
Composition: Pycnogénoles, Vit C, Vit E, Curcuma, Levure de bière, Vit B9
Points positifs: 
Verdict: 
Avis clients: "
TC 2000 Savon,Autres,Beauté/Peau,Savon,13.216,,"– Effet éclaircissant, anti tâches brunes
– Élimine les cellules mortes de l’épiderme tout en nettoyant la peau
– Unifie le teint grâce à l’argile","Arbutine, romarain, argile, huile d'olive",Savon 90 gr,1 application 2 fois par jour,,,,,,"[""franchement toppp"", ""Un des meilleurs pour moi"", ""Je recommande"", ""soum behii""]",https://vital.com.tn/cdn/shop/products/tc-2000-savon.jpg,https://vital.com.tn/products/tc-2000-savon/,Croissance,"Produit: TC 2000 Savon
Gamme: Autres
Theme: Beauté/Peau
Indications: – Effet éclaircissant, anti tâches brunes
– Élimine les cellules mortes de l’épiderme tout en nettoyant la peau
– Unifie le teint grâce à l’argile
Composition: Arbutine, romarain, argile, huile d'olive
Points positifs: 
Verdict: 
Avis clients: franchement toppp | Un des meilleurs pour moi | Je recommande"
TIDOL Gel de massage Chauffant,Autres,Articulations,Gel/Crème,7.03,,-Favorise la relaxation du muscle lors de la préparation des sportifs et des personnes âgées.,Eau - Menthol - Huile essentielle de menthe - Triethanolamine - Carbopol - eau,Tube de 45 gr,"Deux applications par jour, matin et soir,
sur les zones à problème",,,,,,[],https://vital.com.tn/cdn/shop/products/tidol-gel-de-massage-chauffant.jpg,https://vital.com.tn/products/tidol-gel-de-massage-chauffant/,Croissance,"Produit: TIDOL Gel de massage Chauffant
Gamme: Autres
Theme: Articulations
Indications: -Favorise la relaxation du muscle lors de la préparation des sportifs et des personnes âgées.
Composition: Eau - Menthol - Huile essentielle de menthe - Triethanolamine - Carbopol - eau
Points positifs: 
Verdict: 
Avis clients: "
TIDOL Gel de massage Relaxant,Autres,Autre,Gel/Crème,7.03,,-Assure le confort articulaire,Eau - Huile essentielle de romarin - Tri éthanolamine - Carbopol - Huile essentielle de lavande - Huile essentielle de menthe - Huile essentielle de cyprès - Huile essentielle de girofle - Huile essentielle d'eucalyptus - eau,Tube de 45 gr,"De préférence appliquer en
effectuant un très léger massage",,,,,,[],https://vital.com.tn/cdn/shop/products/tidol-gel-de-massage-relaxant.jpg,https://vital.com.tn/products/tidol-gel-de-massage-relaxant/,Croissance,"Produit: TIDOL Gel de massage Relaxant
Gamme: Autres
Theme: Autre
Indications: -Assure le confort articulaire
Composition: Eau - Huile essentielle de romarin - Tri éthanolamine - Carbopol - Huile essentielle de lavande - Huile essentielle de menthe - Huile essentielle de cyprès - Huile essentielle de girofle - Huile essentielle d'eucalyptus - eau
Points positifs: 
Verdict: 
Avis clients: "
UNIDERM Anti-tache,Autres,Beauté/Peau,Gel/Crème,21.609,,Hygiène quotidienne de la peau,Extrait sec de busserole - Niacinamide - Vitamine A acétate - Huile d’amande douce - Huile de noix de Coco - Beurre de karité - Extrait sec de réglisse -Vitamine C - Dimethicone - Gel d’Aloès vera - Kaolin - Vitamine E huile - Sulfate de Zinc,Savon dermatologique pour l'hygiène quotidienne.,"Usage quotidien, appliquer sur peau humide puis rincer",,,,,,"[""franchement toppp"", ""Un des meilleurs pour moi"", ""Je recommande""]",https://vital.com.tn/cdn/shop/products/uniderm-anti-tache.jpg,https://vital.com.tn/products/uniderm-anti-tache/,Croissance,"Produit: UNIDERM Anti-tache
Gamme: Autres
Theme: Beauté/Peau
Indications: Hygiène quotidienne de la peau
Composition: Extrait sec de busserole - Niacinamide - Vitamine A acétate - Huile d’amande douce - Huile de noix de Coco - Beurre de karité - Extrait sec de réglisse -Vitamine C - Dimethicone - Gel d’Aloès vera - Kaolin - Vitamine E huile - Sulfate de Zinc
Points positifs: 
Verdict: 
Avis clients: franchement toppp | Un des meilleurs pour moi | Je recommande"
Uniderm peau grasse,Autres,Beauté/Peau,Savon,6.95,,Nettoyer et purifier les peaux grasses,"Agents purifiants, extraits végétaux",Savon dermatologique pour l'hygiène quotidienne.,"Usage quotidien, appliquer sur peau humide puis rincer",,,,,,"[""franchement toppp"", ""Un des meilleurs pour moi"", ""Je recommande""]",https://vital.com.tn/cdn/shop/products/uniderme-peau-grasse-2.jpg,https://vital.com.tn/products/uniderme-peau-grasse-2/,Croissance,"Produit: Uniderm peau grasse
Gamme: Autres
Theme: Beauté/Peau
Indications: Nettoyer et purifier les peaux grasses
Composition: Agents purifiants, extraits végétaux
Points positifs: 
Verdict: 
Avis clients: franchement toppp | Un des meilleurs pour moi | Je recommande"
Uniderme atténue les taches,Autres,Autre,Savon,7.676,,"Éclaircir la peau, atténuer les taches","Extrait de busserole, agents éclaircissants",Savon dermatologique pour l'hygiène quotidienne.,"Usage quotidien, appliquer sur peau humide puis rincer",,,,,,"[""franchement toppp"", ""Un des meilleurs pour moi"", ""Je recommande""]",https://vital.com.tn/cdn/shop/products/uniderme-attenue-les-taches.jpg,https://vital.com.tn/products/uniderme-attenue-les-taches/,Croissance,"Produit: Uniderme atténue les taches
Gamme: Autres
Theme: Autre
Indications: Éclaircir la peau, atténuer les taches
Composition: Extrait de busserole, agents éclaircissants
Points positifs: 
Verdict: 
Avis clients: franchement toppp | Un des meilleurs pour moi | Je recommande"
Uniderme peau mixte,Autres,Beauté/Peau,Savon,6.95,,Nettoyer et équilibrer les peaux mixtes,"Agents équilibrants, extraits végétaux",Savon dermatologique pour l'hygiène quotidienne.,"Usage quotidien, appliquer sur peau humide puis rincer",,,,,,"[""franchement toppp"", ""Un des meilleurs pour moi"", ""Je recommande""]",https://vital.com.tn/cdn/shop/products/uniderme-peau-mixte.jpg,https://vital.com.tn/products/uniderme-peau-mixte/,Croissance,"Produit: Uniderme peau mixte
Gamme: Autres
Theme: Beauté/Peau
Indications: Nettoyer et équilibrer les peaux mixtes
Composition: Agents équilibrants, extraits végétaux
Points positifs: 
Verdict: 
Avis clients: franchement toppp | Un des meilleurs pour moi | Je recommande"
Uniderme peau sèche,Autres,Beauté/Peau,Savon,6.95,,Nettoyer et nourrir les peaux sensibles et fragiles,"Huile d'argan, huile de noix de coco, huile de germe de blé",Savon dermatologique pour l'hygiène quotidienne.,"Usage quotidien, appliquer sur peau humide puis rincer",,,,,,"[""franchement toppp"", ""Un des meilleurs pour moi"", ""Je recommande""]",https://vital.com.tn/cdn/shop/products/uniderme-peau-seche.jpg,https://vital.com.tn/products/uniderme-peau-seche/,Croissance,"Produit: Uniderme peau sèche
Gamme: Autres
Theme: Beauté/Peau
Indications: Nettoyer et nourrir les peaux sensibles et fragiles
Composition: Huile d'argan, huile de noix de coco, huile de germe de blé
Points positifs: 
Verdict: 
Avis clients: franchement toppp | Un des meilleurs pour moi | Je recommande"
Uniderme peau sensible,Autres,Beauté/Peau,Savon,6.453,,Nettoyer en douceur les peaux sensibles et fragiles,"Base lavante végétale, agents apaisants",Savon dermatologique pour l'hygiène quotidienne.,"Usage quotidien, appliquer sur peau humide puis rincer",,,,,,"[""franchement toppp"", ""Un des meilleurs pour moi"", ""Je recommande""]",https://vital.com.tn/cdn/shop/products/uniderme-peau-sensible-2.jpg,https://vital.com.tn/products/uniderme-peau-sensible-2/,Croissance,"Produit: Uniderme peau sensible
Gamme: Autres
Theme: Beauté/Peau
Indications: Nettoyer en douceur les peaux sensibles et fragiles
Composition: Base lavante végétale, agents apaisants
Points positifs: 
Verdict: 
Avis clients: franchement toppp | Un des meilleurs pour moi | Je recommande"
Vaseline,Autres,Beauté/Peau,Gel/Crème,5.0,,"– Hydratant
– Lubrifiant",,"Peau douce, lisse et visiblement saine",Usage externe,,,,,,[],https://vital.com.tn/cdn/shop/products/vaseline-2.jpg,https://vital.com.tn/products/vaseline-2/,Croissance,"Produit: Vaseline
Gamme: Autres
Theme: Beauté/Peau
Indications: – Hydratant
– Lubrifiant
Composition: 
Points positifs: 
Verdict: 
Avis clients: "
Vaseline glycérinée,Autres,Beauté/Peau,Gel/Crème,6.0,,"– Hydratant profond
– Lubrifiant",,"Peau douce, lisse et visiblement saine",Usage externe,,,,,,[],https://vital.com.tn/cdn/shop/products/vaseline-glycerinee-2.jpg,https://vital.com.tn/products/vaseline-glycerinee-2/,Croissance,"Produit: Vaseline glycérinée
Gamme: Autres
Theme: Beauté/Peau
Indications: – Hydratant profond
– Lubrifiant
Composition: 
Points positifs: 
Verdict: 
Avis clients: "
Vaseline Salicylée 2%,Autres,Beauté/Peau,Gel/Crème,6.5,,"– Croûtes
– Callosités
– Fissures
– Squames",,"Peau douce, lisse et visiblement saine",Usage externe,,,,,,[],https://vital.com.tn/cdn/shop/products/vaseline-salicylee-2.jpg,https://vital.com.tn/products/vaseline-salicylee-2/,Croissance,"Produit: Vaseline Salicylée 2%
Gamme: Autres
Theme: Beauté/Peau
Indications: – Croûtes
– Callosités
– Fissures
– Squames
Composition: 
Points positifs: 
Verdict: 
Avis clients: "
VASELINE Urée 10%,Autres,Beauté/Peau,Gel/Crème,7.0,,"• Hydratante
• Réparatrice",,35gr,,,,,,,[],https://vital.com.tn/cdn/shop/products/vaseline-uree-10.jpg,https://vital.com.tn/products/vaseline-uree-10/,Croissance,"Produit: VASELINE Urée 10%
Gamme: Autres
Theme: Beauté/Peau
Indications: • Hydratante
• Réparatrice
Composition: 
Points positifs: 
Verdict: 
Avis clients: "
VASELINE Urée 20%,Autres,Beauté/Peau,Gel/Crème,8.0,,"• Hydratante
• Kératolytique",,35gr,,,,,,,[],https://vital.com.tn/cdn/shop/products/vaseline-uree-20-3.jpg,https://vital.com.tn/products/vaseline-uree-20-3/,Croissance,"Produit: VASELINE Urée 20%
Gamme: Autres
Theme: Beauté/Peau
Indications: • Hydratante
• Kératolytique
Composition: 
Points positifs: 
Verdict: 
Avis clients: "
Ventre Plat,Autres,Autre,Gélule,18.0,4.0,"– Régule le transit
– Absorbe les toxines et les Gaz
– Aide à retrouver un ventre dégonflé","Levure de bière, Charbon végétale",Boite de 30 gélules,"– Adulte : 2 gélules deux fois par jour
Sensation de ballonnement / Action progressive ventre plat / Action cicatrisante et régénératrice",,,,,,[],https://vital.com.tn/cdn/shop/products/ventreplat.jpg,https://vital.com.tn/products/ventreplat/,Croissance,"Produit: Ventre Plat
Gamme: Autres
Theme: Autre
Indications: – Régule le transit
– Absorbe les toxines et les Gaz
– Aide à retrouver un ventre dégonflé
Composition: Levure de bière, Charbon végétale
Points positifs: 
Verdict: 
Avis clients: "
Ventre Ultra Plat,Autres,Digestif,Gélule,22.243,,"– Facilite le transit intestinal
– Modère l’appétit, piège naturellement les calories
– Aide à retrouver un ventre plat
– Coupe faim","Pectine de pomme, Levure de bière",Boite de 30 gélules,3 gélules par jour,Aucune,,,,,[],https://vital.com.tn/cdn/shop/products/ventre-ultra-plat.jpg,https://vital.com.tn/products/ventre-ultra-plat/,Croissance,"Produit: Ventre Ultra Plat
Gamme: Autres
Theme: Digestif
Indications: – Facilite le transit intestinal
– Modère l’appétit, piège naturellement les calories
– Aide à retrouver un ventre plat
– Coupe faim
Composition: Pectine de pomme, Levure de bière
Points positifs: 
Verdict: 
Avis clients: "
Vinaigre de cidre,Autres,Minceur,Liquide,19.332,,"– Réduit le taux de cholestérol
– Aide à perdre du poids",Vinaigre de cidre,Flacon de 250ml,"– 5ml fois 2 par jour
Avant le repas matin et soir (10 ml / jour)",Aucune,,,,,[],https://vital.com.tn/cdn/shop/products/vinaigre-de-cidre-4.jpg,https://vital.com.tn/products/vinaigre-de-cidre-4/,Croissance,"Produit: Vinaigre de cidre
Gamme: Autres
Theme: Minceur
Indications: – Réduit le taux de cholestérol
– Aide à perdre du poids
Composition: Vinaigre de cidre
Points positifs: 
Verdict: 
Avis clients: "
VITAL - ARTHROFORCE GEL DE...,Autres,Autre,,13.102,,"Douleurs articulaires, arthrose, arthrite, tendinite","Glucosamine, Chondroïtine, Harpagophytum",Complément alimentaire pour des articulations souples et confortables.,Appliquer sur les articulations douloureuses et masser doucement,Interaction avec anticoagulants pour la forme gélule,"Fer fumarate hautement assimilable, enrichi en spiruline, vitamines B6/B9/B12",Nécessite une cure de 3 mois minimum,"Excellent produit pour anémie et fatigue, très bien toléré",4.6,"[""Excellent"", ""nice product"", ""Je n\u2019ai pas aim\u00e9 ces comprim\u00e9s. Ils contiennent du sulfate de zinc et m\u2019ont caus\u00e9 des effets secondaires tels que des naus\u00e9es et des maux d\u2019estomac lorsque je les ai utilis\u00e9s \u00e0 jeun. Il est donc recommand\u00e9 de les prendre apr\u00e8s avoir mang\u00e9."", ""Tres bien"", ""Haja top""]",,,Croissance,"Produit: VITAL - ARTHROFORCE GEL DE...
Gamme: Autres
Theme: Autre
Indications: Douleurs articulaires, arthrose, arthrite, tendinite
Composition: Glucosamine, Chondroïtine, Harpagophytum
Points positifs: Fer fumarate hautement assimilable, enrichi en spiruline, vitamines B6/B9/B12
Verdict: Excellent produit pour anémie et fatigue, très bien toléré
Avis clients: Excellent | nice product | Je n’ai pas aimé ces comprimés. Ils contiennent du sulfate de zinc et m’ont causé des effets secondaires tels que des nausées et des maux d’estomac lorsque je les ai utilisés à jeun. Il est donc recommandé de les prendre après avoir mangé."
Vital – Ginko Extra Gouttes 70 ml,Autres,Autre,,15.0,,"Améliorer la mémoire et la concentration, soutenir la circulation cérébrale",Extrait de Ginkgo Biloba,Complément alimentaire pour la mémoire et la circulation cérébrale.,"Selon les besoins, diluer dans de l'eau",,"Fer fumarate hautement assimilable, enrichi en spiruline, vitamines B6/B9/B12",Nécessite une cure de 3 mois minimum,"Excellent produit pour anémie et fatigue, très bien toléré",4.6,"[""Excellent"", ""nice product"", ""Je n\u2019ai pas aim\u00e9 ces comprim\u00e9s. Ils contiennent du sulfate de zinc et m\u2019ont caus\u00e9 des effets secondaires tels que des naus\u00e9es et des maux d\u2019estomac lorsque je les ai utilis\u00e9s \u00e0 jeun. Il est donc recommand\u00e9 de les prendre apr\u00e8s avoir mang\u00e9."", ""Tres bien"", ""Haja top""]",,,Croissance/Promo,"Produit: Vital – Ginko Extra Gouttes 70 ml
Gamme: Autres
Theme: Autre
Indications: Améliorer la mémoire et la concentration, soutenir la circulation cérébrale
Composition: Extrait de Ginkgo Biloba
Points positifs: Fer fumarate hautement assimilable, enrichi en spiruline, vitamines B6/B9/B12
Verdict: Excellent produit pour anémie et fatigue, très bien toléré
Avis clients: Excellent | nice product | Je n’ai pas aimé ces comprimés. Ils contiennent du sulfate de zinc et m’ont causé des effets secondaires tels que des nausées et des maux d’estomac lorsque je les ai utilisés à jeun. Il est donc recommandé de les prendre après avoir mangé."
Vital Acicalm – 150 ml,Autres,Autre,,8.75,4.2,"Brûlures d'estomac, remontées acides, reflux gastro-œsophagien",Extraits de plantes apaisantes,Complément alimentaire apaisant pour les douleurs et brûlures d'estomac.,Selon les besoins,Contre indiqué chez l'enfant,"Fer fumarate hautement assimilable, enrichi en spiruline, vitamines B6/B9/B12",Nécessite une cure de 3 mois minimum,"Excellent produit pour anémie et fatigue, très bien toléré",4.6,"[""Excellent"", ""nice product"", ""Je n\u2019ai pas aim\u00e9 ces comprim\u00e9s. Ils contiennent du sulfate de zinc et m\u2019ont caus\u00e9 des effets secondaires tels que des naus\u00e9es et des maux d\u2019estomac lorsque je les ai utilis\u00e9s \u00e0 jeun. Il est donc recommand\u00e9 de les prendre apr\u00e8s avoir mang\u00e9."", ""Tres bien"", ""Haja top""]",,,Croissance/Promo,"Produit: Vital Acicalm – 150 ml
Gamme: Autres
Theme: Autre
Indications: Brûlures d'estomac, remontées acides, reflux gastro-œsophagien
Composition: Extraits de plantes apaisantes
Points positifs: Fer fumarate hautement assimilable, enrichi en spiruline, vitamines B6/B9/B12
Verdict: Excellent produit pour anémie et fatigue, très bien toléré
Avis clients: Excellent | nice product | Je n’ai pas aimé ces comprimés. Ils contiennent du sulfate de zinc et m’ont causé des effets secondaires tels que des nausées et des maux d’estomac lorsque je les ai utilisés à jeun. Il est donc recommandé de les prendre après avoir mangé."
Vital Acicalm – 30 Gelules,Autres,Autre,,9.74,4.2,"Brûlures d'estomac, remontées acides, reflux gastro-œsophagien","Bicarbonate de sodium, Extrait sec de bardane, Extrait sec de réglisse, Extrait sec de curcuma",Complément alimentaire apaisant pour les douleurs et brûlures d'estomac.,2 gélules par jour,Contre indiqué chez l'enfant,"Fer fumarate hautement assimilable, enrichi en spiruline, vitamines B6/B9/B12",Nécessite une cure de 3 mois minimum,"Excellent produit pour anémie et fatigue, très bien toléré",4.6,"[""Excellent"", ""nice product"", ""Je n\u2019ai pas aim\u00e9 ces comprim\u00e9s. Ils contiennent du sulfate de zinc et m\u2019ont caus\u00e9 des effets secondaires tels que des naus\u00e9es et des maux d\u2019estomac lorsque je les ai utilis\u00e9s \u00e0 jeun. Il est donc recommand\u00e9 de les prendre apr\u00e8s avoir mang\u00e9."", ""Tres bien"", ""Haja top""]",,,Croissance/Promo,"Produit: Vital Acicalm – 30 Gelules
Gamme: Autres
Theme: Autre
Indications: Brûlures d'estomac, remontées acides, reflux gastro-œsophagien
Composition: Bicarbonate de sodium, Extrait sec de bardane, Extrait sec de réglisse, Extrait sec de curcuma
Points positifs: Fer fumarate hautement assimilable, enrichi en spiruline, vitamines B6/B9/B12
Verdict: Excellent produit pour anémie et fatigue, très bien toléré
Avis clients: Excellent | nice product | Je n’ai pas aimé ces comprimés. Ils contiennent du sulfate de zinc et m’ont causé des effets secondaires tels que des nausées et des maux d’estomac lorsque je les ai utilisés à jeun. Il est donc recommandé de les prendre après avoir mangé."
Vital Allergiplant 60 Gélules,Autres,Autre,,16.11,5.0,"Équilibrer la réponse du système immunitaire, réduire les symptômes allergiques","Quercétine Sophorae japonica L, Méthyl-sulfonyl-méthane (MSM), Extrait sec de Cassis",Complément alimentaire pour équilibrer la réponse du système immunitaire contre les allergies.,2 gélules par jour,,"Fer fumarate hautement assimilable, enrichi en spiruline, vitamines B6/B9/B12",Nécessite une cure de 3 mois minimum,"Excellent produit pour anémie et fatigue, très bien toléré",4.6,"[""Excellent"", ""nice product"", ""Je n\u2019ai pas aim\u00e9 ces comprim\u00e9s. Ils contiennent du sulfate de zinc et m\u2019ont caus\u00e9 des effets secondaires tels que des naus\u00e9es et des maux d\u2019estomac lorsque je les ai utilis\u00e9s \u00e0 jeun. Il est donc recommand\u00e9 de les prendre apr\u00e8s avoir mang\u00e9."", ""Tres bien"", ""Haja top""]",,,Croissance/Promo,"Produit: Vital Allergiplant 60 Gélules
Gamme: Autres
Theme: Autre
Indications: Équilibrer la réponse du système immunitaire, réduire les symptômes allergiques
Composition: Quercétine Sophorae japonica L, Méthyl-sulfonyl-méthane (MSM), Extrait sec de Cassis
Points positifs: Fer fumarate hautement assimilable, enrichi en spiruline, vitamines B6/B9/B12
Verdict: Excellent produit pour anémie et fatigue, très bien toléré
Avis clients: Excellent | nice product | Je n’ai pas aimé ces comprimés. Ils contiennent du sulfate de zinc et m’ont causé des effets secondaires tels que des nausées et des maux d’estomac lorsque je les ai utilisés à jeun. Il est donc recommandé de les prendre après avoir mangé."
VITAL ARTHROFORCE – HUILE...,Autres,Autre,,16.068,4.4,"Douleurs articulaires, arthrose, arthrite, tendinite","Eucalyptus, lavande, romarin, girofle, menthe, cyprès",Complément alimentaire pour des articulations souples et confortables.,Appliquer quelques gouttes d'huile et masser doucement l'articulation en cas de douleur,Interaction avec anticoagulants pour la forme gélule,"Fer fumarate hautement assimilable, enrichi en spiruline, vitamines B6/B9/B12",Nécessite une cure de 3 mois minimum,"Excellent produit pour anémie et fatigue, très bien toléré",4.6,"[""Excellent"", ""nice product"", ""Je n\u2019ai pas aim\u00e9 ces comprim\u00e9s. Ils contiennent du sulfate de zinc et m\u2019ont caus\u00e9 des effets secondaires tels que des naus\u00e9es et des maux d\u2019estomac lorsque je les ai utilis\u00e9s \u00e0 jeun. Il est donc recommand\u00e9 de les prendre apr\u00e8s avoir mang\u00e9."", ""Tres bien"", ""Haja top""]",https://vital.com.tn/cdn/shop/products/lv-arthroforce-huile.jpg,https://vital.com.tn/products/lv-arthroforce-huile/,Maturité,"Produit: VITAL ARTHROFORCE – HUILE...
Gamme: Autres
Theme: Autre
Indications: Douleurs articulaires, arthrose, arthrite, tendinite
Composition: Eucalyptus, lavande, romarin, girofle, menthe, cyprès
Points positifs: Fer fumarate hautement assimilable, enrichi en spiruline, vitamines B6/B9/B12
Verdict: Excellent produit pour anémie et fatigue, très bien toléré
Avis clients: Excellent | nice product | Je n’ai pas aimé ces comprimés. Ils contiennent du sulfate de zinc et m’ont causé des effets secondaires tels que des nausées et des maux d’estomac lorsque je les ai utilisés à jeun. Il est donc recommandé de les prendre après avoir mangé."
Vital Arthroforce 60 Gélules,Autres,Autre,,23.715,4.4,"Douleurs articulaires, arthrose, arthrite, tendinite","Glucosamine, Chondroïtine, Extrait sec d'Harpagophytum procumbens, Reine de près, Saule, Vitamine B6, Manganèse",Complément alimentaire pour des articulations souples et confortables.,"1 gélule le matin, 1 gélule midi et 1 gélule le soir après les repas",Interaction avec anticoagulants pour la forme gélule,"Fer fumarate hautement assimilable, enrichi en spiruline, vitamines B6/B9/B12",Nécessite une cure de 3 mois minimum,"Excellent produit pour anémie et fatigue, très bien toléré",4.6,"[""Excellent"", ""nice product"", ""Je n\u2019ai pas aim\u00e9 ces comprim\u00e9s. Ils contiennent du sulfate de zinc et m\u2019ont caus\u00e9 des effets secondaires tels que des naus\u00e9es et des maux d\u2019estomac lorsque je les ai utilis\u00e9s \u00e0 jeun. Il est donc recommand\u00e9 de les prendre apr\u00e8s avoir mang\u00e9."", ""Tres bien"", ""Haja top""]",https://vital.com.tn/cdn/shop/products/arthroforce-2.jpg,https://vital.com.tn/products/arthroforce-2/,Croissance/Promo,"Produit: Vital Arthroforce 60 Gélules
Gamme: Autres
Theme: Autre
Indications: Douleurs articulaires, arthrose, arthrite, tendinite
Composition: Glucosamine, Chondroïtine, Extrait sec d'Harpagophytum procumbens, Reine de près, Saule, Vitamine B6, Manganèse
Points positifs: Fer fumarate hautement assimilable, enrichi en spiruline, vitamines B6/B9/B12
Verdict: Excellent produit pour anémie et fatigue, très bien toléré
Avis clients: Excellent | nice product | Je n’ai pas aimé ces comprimés. Ils contiennent du sulfate de zinc et m’ont causé des effets secondaires tels que des nausées et des maux d’estomac lorsque je les ai utilisés à jeun. Il est donc recommandé de les prendre après avoir mangé."
Vital Arthroforce Gel 90 Gr,Autres,Autre,,13.102,4.0,"Douleurs articulaires, arthrose, arthrite, tendinite","Glucosamine, Chondroïtine, Harpagophytum",Complément alimentaire pour des articulations souples et confortables.,Appliquer sur les articulations douloureuses et masser doucement,Interaction avec anticoagulants pour la forme gélule,"Fer fumarate hautement assimilable, enrichi en spiruline, vitamines B6/B9/B12",Nécessite une cure de 3 mois minimum,"Excellent produit pour anémie et fatigue, très bien toléré",4.6,"[""Excellent"", ""nice product"", ""Je n\u2019ai pas aim\u00e9 ces comprim\u00e9s. Ils contiennent du sulfate de zinc et m\u2019ont caus\u00e9 des effets secondaires tels que des naus\u00e9es et des maux d\u2019estomac lorsque je les ai utilis\u00e9s \u00e0 jeun. Il est donc recommand\u00e9 de les prendre apr\u00e8s avoir mang\u00e9."", ""Tres bien"", ""Haja top""]",https://vital.com.tn/cdn/shop/products/lv-arthroforce-gel.jpg,https://vital.com.tn/products/lv-arthroforce-gel/,Croissance/Promo,"Produit: Vital Arthroforce Gel 90 Gr
Gamme: Autres
Theme: Autre
Indications: Douleurs articulaires, arthrose, arthrite, tendinite
Composition: Glucosamine, Chondroïtine, Harpagophytum
Points positifs: Fer fumarate hautement assimilable, enrichi en spiruline, vitamines B6/B9/B12
Verdict: Excellent produit pour anémie et fatigue, très bien toléré
Avis clients: Excellent | nice product | Je n’ai pas aimé ces comprimés. Ils contiennent du sulfate de zinc et m’ont causé des effets secondaires tels que des nausées et des maux d’estomac lorsque je les ai utilisés à jeun. Il est donc recommandé de les prendre après avoir mangé."
VITAL CALMOSS ANTIACIDE 16 COMPRIMES,Calmoss,Articulations,,7.5,4.89,"Équilibre acido-basique de l'estomac, fonctionnement normal des enzymes digestives",Carbonate de calcium,Complément alimentaire pour le bien-être.,"1 à 4 comprimés par jour, à partir de 12 ans","Allergie à l'un des composants, lithiases rénales oxalocalciques, troubles de métabolisme de fer","Fer fumarate hautement assimilable, enrichi en spiruline, vitamines B6/B9/B12",Nécessite une cure de 3 mois minimum,"Excellent produit pour anémie et fatigue, très bien toléré",4.6,"[""Excellent"", ""nice product"", ""Je n\u2019ai pas aim\u00e9 ces comprim\u00e9s. Ils contiennent du sulfate de zinc et m\u2019ont caus\u00e9 des effets secondaires tels que des naus\u00e9es et des maux d\u2019estomac lorsque je les ai utilis\u00e9s \u00e0 jeun. Il est donc recommand\u00e9 de les prendre apr\u00e8s avoir mang\u00e9."", ""Tres bien"", ""Haja top""]",,,Maturité,"Produit: VITAL CALMOSS ANTIACIDE 16 COMPRIMES
Gamme: Calmoss
Theme: Articulations
Indications: Équilibre acido-basique de l'estomac, fonctionnement normal des enzymes digestives
Composition: Carbonate de calcium
Points positifs: Fer fumarate hautement assimilable, enrichi en spiruline, vitamines B6/B9/B12
Verdict: Excellent produit pour anémie et fatigue, très bien toléré
Avis clients: Excellent | nice product | Je n’ai pas aimé ces comprimés. Ils contiennent du sulfate de zinc et m’ont causé des effets secondaires tels que des nausées et des maux d’estomac lorsque je les ai utilisés à jeun. Il est donc recommandé de les prendre après avoir mangé."
VITAL CALMOSS GORGE CASSIS 16 CASSIS,Calmoss,Articulations,,7.59,,Soulager les maux de gorge,,Complément alimentaire pour le bien-être.,Sucer les comprimés selon les besoins,,"Fer fumarate hautement assimilable, enrichi en spiruline, vitamines B6/B9/B12",Nécessite une cure de 3 mois minimum,"Excellent produit pour anémie et fatigue, très bien toléré",4.6,"[""Excellent"", ""nice product"", ""Je n\u2019ai pas aim\u00e9 ces comprim\u00e9s. Ils contiennent du sulfate de zinc et m\u2019ont caus\u00e9 des effets secondaires tels que des naus\u00e9es et des maux d\u2019estomac lorsque je les ai utilis\u00e9s \u00e0 jeun. Il est donc recommand\u00e9 de les prendre apr\u00e8s avoir mang\u00e9."", ""Tres bien"", ""Haja top""]",,,Croissance,"Produit: VITAL CALMOSS GORGE CASSIS 16 CASSIS
Gamme: Calmoss
Theme: Articulations
Indications: Soulager les maux de gorge
Composition: 
Points positifs: Fer fumarate hautement assimilable, enrichi en spiruline, vitamines B6/B9/B12
Verdict: Excellent produit pour anémie et fatigue, très bien toléré
Avis clients: Excellent | nice product | Je n’ai pas aimé ces comprimés. Ils contiennent du sulfate de zinc et m’ont causé des effets secondaires tels que des nausées et des maux d’estomac lorsque je les ai utilisés à jeun. Il est donc recommandé de les prendre après avoir mangé."
VITAL CALMOSS GORGE EUCALYPTUS 16 COMPRIMES,Calmoss,Articulations,,7.59,,Soulager les maux de gorge,,Complément alimentaire pour le bien-être.,Sucer les comprimés selon les besoins,,"Fer fumarate hautement assimilable, enrichi en spiruline, vitamines B6/B9/B12",Nécessite une cure de 3 mois minimum,"Excellent produit pour anémie et fatigue, très bien toléré",4.6,"[""Excellent"", ""nice product"", ""Je n\u2019ai pas aim\u00e9 ces comprim\u00e9s. Ils contiennent du sulfate de zinc et m\u2019ont caus\u00e9 des effets secondaires tels que des naus\u00e9es et des maux d\u2019estomac lorsque je les ai utilis\u00e9s \u00e0 jeun. Il est donc recommand\u00e9 de les prendre apr\u00e8s avoir mang\u00e9."", ""Tres bien"", ""Haja top""]",,,Croissance,"Produit: VITAL CALMOSS GORGE EUCALYPTUS 16 COMPRIMES
Gamme: Calmoss
Theme: Articulations
Indications: Soulager les maux de gorge
Composition: 
Points positifs: Fer fumarate hautement assimilable, enrichi en spiruline, vitamines B6/B9/B12
Verdict: Excellent produit pour anémie et fatigue, très bien toléré
Avis clients: Excellent | nice product | Je n’ai pas aimé ces comprimés. Ils contiennent du sulfate de zinc et m’ont causé des effets secondaires tels que des nausées et des maux d’estomac lorsque je les ai utilisés à jeun. Il est donc recommandé de les prendre après avoir mangé."
VITAL CALMOSS GORGE KIDS 16 COMPRIMES,Calmoss,Articulations,,7.59,,Soulager les maux de gorge,,Complément alimentaire pour le bien-être.,Sucer les comprimés selon les besoins,,"Fer fumarate hautement assimilable, enrichi en spiruline, vitamines B6/B9/B12",Nécessite une cure de 3 mois minimum,"Excellent produit pour anémie et fatigue, très bien toléré",4.6,"[""Excellent"", ""nice product"", ""Je n\u2019ai pas aim\u00e9 ces comprim\u00e9s. Ils contiennent du sulfate de zinc et m\u2019ont caus\u00e9 des effets secondaires tels que des naus\u00e9es et des maux d\u2019estomac lorsque je les ai utilis\u00e9s \u00e0 jeun. Il est donc recommand\u00e9 de les prendre apr\u00e8s avoir mang\u00e9."", ""Tres bien"", ""Haja top""]",,,Croissance,"Produit: VITAL CALMOSS GORGE KIDS 16 COMPRIMES
Gamme: Calmoss
Theme: Articulations
Indications: Soulager les maux de gorge
Composition: 
Points positifs: Fer fumarate hautement assimilable, enrichi en spiruline, vitamines B6/B9/B12
Verdict: Excellent produit pour anémie et fatigue, très bien toléré
Avis clients: Excellent | nice product | Je n’ai pas aimé ces comprimés. Ils contiennent du sulfate de zinc et m’ont causé des effets secondaires tels que des nausées et des maux d’estomac lorsque je les ai utilisés à jeun. Il est donc recommandé de les prendre après avoir mangé."
VITAL CALMOSS MULTIVITAMINE 16 COMPRIMES,Calmoss,Articulations,,8.96,,"Métabolisme énergétique normal, réduire la fatigue, fonctionnement normal du système immunitaire",11 vitamines et 1 minéral,Complément alimentaire pour le bien-être.,"3 comprimés par jour, à partir de 6 ans",,"Fer fumarate hautement assimilable, enrichi en spiruline, vitamines B6/B9/B12",Nécessite une cure de 3 mois minimum,"Excellent produit pour anémie et fatigue, très bien toléré",4.6,"[""Excellent"", ""nice product"", ""Je n\u2019ai pas aim\u00e9 ces comprim\u00e9s. Ils contiennent du sulfate de zinc et m\u2019ont caus\u00e9 des effets secondaires tels que des naus\u00e9es et des maux d\u2019estomac lorsque je les ai utilis\u00e9s \u00e0 jeun. Il est donc recommand\u00e9 de les prendre apr\u00e8s avoir mang\u00e9."", ""Tres bien"", ""Haja top""]",,,Croissance,"Produit: VITAL CALMOSS MULTIVITAMINE 16 COMPRIMES
Gamme: Calmoss
Theme: Articulations
Indications: Métabolisme énergétique normal, réduire la fatigue, fonctionnement normal du système immunitaire
Composition: 11 vitamines et 1 minéral
Points positifs: Fer fumarate hautement assimilable, enrichi en spiruline, vitamines B6/B9/B12
Verdict: Excellent produit pour anémie et fatigue, très bien toléré
Avis clients: Excellent | nice product | Je n’ai pas aimé ces comprimés. Ils contiennent du sulfate de zinc et m’ont causé des effets secondaires tels que des nausées et des maux d’estomac lorsque je les ai utilisés à jeun. Il est donc recommandé de les prendre après avoir mangé."
VITAL CALMOSS RHINO 16 COMPRIMES,Calmoss,Articulations,,7.59,,Soulager les symptômes du rhume,,Complément alimentaire pour le bien-être.,Selon les besoins,,"Fer fumarate hautement assimilable, enrichi en spiruline, vitamines B6/B9/B12",Nécessite une cure de 3 mois minimum,"Excellent produit pour anémie et fatigue, très bien toléré",4.6,"[""Excellent"", ""nice product"", ""Je n\u2019ai pas aim\u00e9 ces comprim\u00e9s. Ils contiennent du sulfate de zinc et m\u2019ont caus\u00e9 des effets secondaires tels que des naus\u00e9es et des maux d\u2019estomac lorsque je les ai utilis\u00e9s \u00e0 jeun. Il est donc recommand\u00e9 de les prendre apr\u00e8s avoir mang\u00e9."", ""Tres bien"", ""Haja top""]",,,Croissance,"Produit: VITAL CALMOSS RHINO 16 COMPRIMES
Gamme: Calmoss
Theme: Articulations
Indications: Soulager les symptômes du rhume
Composition: 
Points positifs: Fer fumarate hautement assimilable, enrichi en spiruline, vitamines B6/B9/B12
Verdict: Excellent produit pour anémie et fatigue, très bien toléré
Avis clients: Excellent | nice product | Je n’ai pas aimé ces comprimés. Ils contiennent du sulfate de zinc et m’ont causé des effets secondaires tels que des nausées et des maux d’estomac lorsque je les ai utilisés à jeun. Il est donc recommandé de les prendre après avoir mangé."
Vital Cheveux & Ongles Bt 30,Autres,Beauté/Peau,,11.797,,"Renforcer les cheveux et ongles, réduire la chute de cheveux, améliorer la brillance","Biotine (Vitamine B8), Zinc, Méthionine, Cystine, Vitamine E, Levure de bière",Complément alimentaire pour renforcer la fibre capillaire et améliorer la résistance des ongles.,"2 gélules par jour, de préférence le matin avec un verre d'eau",,"Fer fumarate hautement assimilable, enrichi en spiruline, vitamines B6/B9/B12",Nécessite une cure de 3 mois minimum,"Excellent produit pour anémie et fatigue, très bien toléré",4.6,"[""Excellent"", ""nice product"", ""Je n\u2019ai pas aim\u00e9 ces comprim\u00e9s. Ils contiennent du sulfate de zinc et m\u2019ont caus\u00e9 des effets secondaires tels que des naus\u00e9es et des maux d\u2019estomac lorsque je les ai utilis\u00e9s \u00e0 jeun. Il est donc recommand\u00e9 de les prendre apr\u00e8s avoir mang\u00e9."", ""Tres bien"", ""Haja top""]",,,Croissance/Promo,"Produit: Vital Cheveux & Ongles Bt 30
Gamme: Autres
Theme: Beauté/Peau
Indications: Renforcer les cheveux et ongles, réduire la chute de cheveux, améliorer la brillance
Composition: Biotine (Vitamine B8), Zinc, Méthionine, Cystine, Vitamine E, Levure de bière
Points positifs: Fer fumarate hautement assimilable, enrichi en spiruline, vitamines B6/B9/B12
Verdict: Excellent produit pour anémie et fatigue, très bien toléré
Avis clients: Excellent | nice product | Je n’ai pas aimé ces comprimés. Ils contiennent du sulfate de zinc et m’ont causé des effets secondaires tels que des nausées et des maux d’estomac lorsque je les ai utilisés à jeun. Il est donc recommandé de les prendre après avoir mangé."
Vital Cheveux & Ongles Bt 60,Autres,Beauté/Peau,,19.115,,"Renforcer les cheveux et ongles, réduire la chute de cheveux, améliorer la brillance","Biotine (Vitamine B8), Zinc, Méthionine, Cystine, Vitamine E, Levure de bière",Complément alimentaire pour renforcer la fibre capillaire et améliorer la résistance des ongles.,"2 gélules par jour, de préférence le matin avec un verre d'eau",,"Fer fumarate hautement assimilable, enrichi en spiruline, vitamines B6/B9/B12",Nécessite une cure de 3 mois minimum,"Excellent produit pour anémie et fatigue, très bien toléré",4.6,"[""Excellent"", ""nice product"", ""Je n\u2019ai pas aim\u00e9 ces comprim\u00e9s. Ils contiennent du sulfate de zinc et m\u2019ont caus\u00e9 des effets secondaires tels que des naus\u00e9es et des maux d\u2019estomac lorsque je les ai utilis\u00e9s \u00e0 jeun. Il est donc recommand\u00e9 de les prendre apr\u00e8s avoir mang\u00e9."", ""Tres bien"", ""Haja top""]",,,Croissance/Promo,"Produit: Vital Cheveux & Ongles Bt 60
Gamme: Autres
Theme: Beauté/Peau
Indications: Renforcer les cheveux et ongles, réduire la chute de cheveux, améliorer la brillance
Composition: Biotine (Vitamine B8), Zinc, Méthionine, Cystine, Vitamine E, Levure de bière
Points positifs: Fer fumarate hautement assimilable, enrichi en spiruline, vitamines B6/B9/B12
Verdict: Excellent produit pour anémie et fatigue, très bien toléré
Avis clients: Excellent | nice product | Je n’ai pas aimé ces comprimés. Ils contiennent du sulfate de zinc et m’ont causé des effets secondaires tels que des nausées et des maux d’estomac lorsque je les ai utilisés à jeun. Il est donc recommandé de les prendre après avoir mangé."
Vital Co Q10 300Mg Gelules B/30,Autres,Autre,,40.57,3.5,Protection et vitalité cellulaire,Coenzyme Q10,Complément alimentaire à base de coenzyme Q10 pour la vitalité cellulaire.,1 gélule par jour,,"Fer fumarate hautement assimilable, enrichi en spiruline, vitamines B6/B9/B12",Nécessite une cure de 3 mois minimum,"Excellent produit pour anémie et fatigue, très bien toléré",4.6,"[""Excellent"", ""nice product"", ""Je n\u2019ai pas aim\u00e9 ces comprim\u00e9s. Ils contiennent du sulfate de zinc et m\u2019ont caus\u00e9 des effets secondaires tels que des naus\u00e9es et des maux d\u2019estomac lorsque je les ai utilis\u00e9s \u00e0 jeun. Il est donc recommand\u00e9 de les prendre apr\u00e8s avoir mang\u00e9."", ""Tres bien"", ""Haja top""]",,,Croissance/Promo,"Produit: Vital Co Q10 300Mg Gelules B/30
Gamme: Autres
Theme: Autre
Indications: Protection et vitalité cellulaire
Composition: Coenzyme Q10
Points positifs: Fer fumarate hautement assimilable, enrichi en spiruline, vitamines B6/B9/B12
Verdict: Excellent produit pour anémie et fatigue, très bien toléré
Avis clients: Excellent | nice product | Je n’ai pas aimé ces comprimés. Ils contiennent du sulfate de zinc et m’ont causé des effets secondaires tels que des nausées et des maux d’estomac lorsque je les ai utilisés à jeun. Il est donc recommandé de les prendre après avoir mangé."
Vital Cosmopharma Dermacne Cr 45G,Derma,Articulations,,11.089,4.0,Purifier et traiter la peau acnéique,,Soin pour peaux à tendance acnéique.,Usage quotidien,,"Fer fumarate hautement assimilable, enrichi en spiruline, vitamines B6/B9/B12",Nécessite une cure de 3 mois minimum,"Excellent produit pour anémie et fatigue, très bien toléré",4.6,"[""Excellent"", ""nice product"", ""Je n\u2019ai pas aim\u00e9 ces comprim\u00e9s. Ils contiennent du sulfate de zinc et m\u2019ont caus\u00e9 des effets secondaires tels que des naus\u00e9es et des maux d\u2019estomac lorsque je les ai utilis\u00e9s \u00e0 jeun. Il est donc recommand\u00e9 de les prendre apr\u00e8s avoir mang\u00e9."", ""Tres bien"", ""Haja top""]",,,Croissance/Promo,"Produit: Vital Cosmopharma Dermacne Cr 45G
Gamme: Derma
Theme: Articulations
Indications: Purifier et traiter la peau acnéique
Composition: 
Points positifs: Fer fumarate hautement assimilable, enrichi en spiruline, vitamines B6/B9/B12
Verdict: Excellent produit pour anémie et fatigue, très bien toléré
Avis clients: Excellent | nice product | Je n’ai pas aimé ces comprimés. Ils contiennent du sulfate de zinc et m’ont causé des effets secondaires tels que des nausées et des maux d’estomac lorsque je les ai utilisés à jeun. Il est donc recommandé de les prendre après avoir mangé."
Vital Cosmopharma Vaseline Uree 20% 35Gr,Autres,Articulations,,8.0,,"Hydrater les zones sèches, adoucir les coudes, genoux et mains, protéger les lèvres","Vaseline, glycérine","Soin polyvalent qui agit comme hydratant et lubrifiant, idéal pour tous types de peaux.",Appliquer sur les zones sèches ou fragilisées et masser doucement jusqu'à absorption,,"Fer fumarate hautement assimilable, enrichi en spiruline, vitamines B6/B9/B12",Nécessite une cure de 3 mois minimum,"Excellent produit pour anémie et fatigue, très bien toléré",4.6,"[""Excellent"", ""nice product"", ""Je n\u2019ai pas aim\u00e9 ces comprim\u00e9s. Ils contiennent du sulfate de zinc et m\u2019ont caus\u00e9 des effets secondaires tels que des naus\u00e9es et des maux d\u2019estomac lorsque je les ai utilis\u00e9s \u00e0 jeun. Il est donc recommand\u00e9 de les prendre apr\u00e8s avoir mang\u00e9."", ""Tres bien"", ""Haja top""]",,,Croissance/Promo,"Produit: Vital Cosmopharma Vaseline Uree 20% 35Gr
Gamme: Autres
Theme: Articulations
Indications: Hydrater les zones sèches, adoucir les coudes, genoux et mains, protéger les lèvres
Composition: Vaseline, glycérine
Points positifs: Fer fumarate hautement assimilable, enrichi en spiruline, vitamines B6/B9/B12
Verdict: Excellent produit pour anémie et fatigue, très bien toléré
Avis clients: Excellent | nice product | Je n’ai pas aimé ces comprimés. Ils contiennent du sulfate de zinc et m’ont causé des effets secondaires tels que des nausées et des maux d’estomac lorsque je les ai utilisés à jeun. Il est donc recommandé de les prendre après avoir mangé."
Vital Creme Vitamine A 45G,Autres,Autre,,8.723,4.5,"Réduire les rides, traiter l'acné, réguler la pigmentation, prévenir les dommages cellulaires, stimuler la production de collagène","Vitamine A (135mg), Acide hyaluronique, Huile de jojoba, Beurre de karité, Extrait de thé vert","Crème anti-âge enrichie en vitamine A pour hydrater, réparer et protéger la peau.",Appliquer matin et/ou soir en effectuant de légers mouvements de massage,,"Fer fumarate hautement assimilable, enrichi en spiruline, vitamines B6/B9/B12",Nécessite une cure de 3 mois minimum,"Excellent produit pour anémie et fatigue, très bien toléré",4.6,"[""Excellent"", ""nice product"", ""Je n\u2019ai pas aim\u00e9 ces comprim\u00e9s. Ils contiennent du sulfate de zinc et m\u2019ont caus\u00e9 des effets secondaires tels que des naus\u00e9es et des maux d\u2019estomac lorsque je les ai utilis\u00e9s \u00e0 jeun. Il est donc recommand\u00e9 de les prendre apr\u00e8s avoir mang\u00e9."", ""Tres bien"", ""Haja top""]",,,Croissance/Promo,"Produit: Vital Creme Vitamine A 45G
Gamme: Autres
Theme: Autre
Indications: Réduire les rides, traiter l'acné, réguler la pigmentation, prévenir les dommages cellulaires, stimuler la production de collagène
Composition: Vitamine A (135mg), Acide hyaluronique, Huile de jojoba, Beurre de karité, Extrait de thé vert
Points positifs: Fer fumarate hautement assimilable, enrichi en spiruline, vitamines B6/B9/B12
Verdict: Excellent produit pour anémie et fatigue, très bien toléré
Avis clients: Excellent | nice product | Je n’ai pas aimé ces comprimés. Ils contiennent du sulfate de zinc et m’ont causé des effets secondaires tels que des nausées et des maux d’estomac lorsque je les ai utilisés à jeun. Il est donc recommandé de les prendre après avoir mangé."
Vital Cysprotect 12 Sachets,Autres,Autre,,31.149,4.0,"Protéger les voies urinaires sensibles, cystites récidivantes, complément d'une antibiothérapie","Extrait de la fleur d'Hibiscus, Extrait de Canneberge",Complément alimentaire pour protéger les voies urinaires sensibles.,1 sachet par jour,Aucune,"Fer fumarate hautement assimilable, enrichi en spiruline, vitamines B6/B9/B12",Nécessite une cure de 3 mois minimum,"Excellent produit pour anémie et fatigue, très bien toléré",4.6,"[""Excellent"", ""nice product"", ""Je n\u2019ai pas aim\u00e9 ces comprim\u00e9s. Ils contiennent du sulfate de zinc et m\u2019ont caus\u00e9 des effets secondaires tels que des naus\u00e9es et des maux d\u2019estomac lorsque je les ai utilis\u00e9s \u00e0 jeun. Il est donc recommand\u00e9 de les prendre apr\u00e8s avoir mang\u00e9."", ""Tres bien"", ""Haja top""]",,,Croissance/Promo,"Produit: Vital Cysprotect 12 Sachets
Gamme: Autres
Theme: Autre
Indications: Protéger les voies urinaires sensibles, cystites récidivantes, complément d'une antibiothérapie
Composition: Extrait de la fleur d'Hibiscus, Extrait de Canneberge
Points positifs: Fer fumarate hautement assimilable, enrichi en spiruline, vitamines B6/B9/B12
Verdict: Excellent produit pour anémie et fatigue, très bien toléré
Avis clients: Excellent | nice product | Je n’ai pas aimé ces comprimés. Ils contiennent du sulfate de zinc et m’ont causé des effets secondaires tels que des nausées et des maux d’estomac lorsque je les ai utilisés à jeun. Il est donc recommandé de les prendre après avoir mangé."
Vital Cysprotect 30 Gélules,Autres,Autre,,31.149,4.0,"Protéger les voies urinaires sensibles, cystites récidivantes, complément d'une antibiothérapie","Extrait de la fleur d'Hibiscus, Extrait de Canneberge",Complément alimentaire pour protéger les voies urinaires sensibles.,2 gélules par jour pendant au moins 6 mois,Aucune,"Fer fumarate hautement assimilable, enrichi en spiruline, vitamines B6/B9/B12",Nécessite une cure de 3 mois minimum,"Excellent produit pour anémie et fatigue, très bien toléré",4.6,"[""Excellent"", ""nice product"", ""Je n\u2019ai pas aim\u00e9 ces comprim\u00e9s. Ils contiennent du sulfate de zinc et m\u2019ont caus\u00e9 des effets secondaires tels que des naus\u00e9es et des maux d\u2019estomac lorsque je les ai utilis\u00e9s \u00e0 jeun. Il est donc recommand\u00e9 de les prendre apr\u00e8s avoir mang\u00e9."", ""Tres bien"", ""Haja top""]",,,Croissance/Promo,"Produit: Vital Cysprotect 30 Gélules
Gamme: Autres
Theme: Autre
Indications: Protéger les voies urinaires sensibles, cystites récidivantes, complément d'une antibiothérapie
Composition: Extrait de la fleur d'Hibiscus, Extrait de Canneberge
Points positifs: Fer fumarate hautement assimilable, enrichi en spiruline, vitamines B6/B9/B12
Verdict: Excellent produit pour anémie et fatigue, très bien toléré
Avis clients: Excellent | nice product | Je n’ai pas aimé ces comprimés. Ils contiennent du sulfate de zinc et m’ont causé des effets secondaires tels que des nausées et des maux d’estomac lorsque je les ai utilisés à jeun. Il est donc recommandé de les prendre après avoir mangé."
VITAL DERMACNE GEL NETTOYANT 200ML,Derma,Autre,,11.241,4.5,Purifier et traiter la peau acnéique,,Soin pour peaux à tendance acnéique.,Usage quotidien,,"Fer fumarate hautement assimilable, enrichi en spiruline, vitamines B6/B9/B12",Nécessite une cure de 3 mois minimum,"Excellent produit pour anémie et fatigue, très bien toléré",4.6,"[""Excellent"", ""nice product"", ""Je n\u2019ai pas aim\u00e9 ces comprim\u00e9s. Ils contiennent du sulfate de zinc et m\u2019ont caus\u00e9 des effets secondaires tels que des naus\u00e9es et des maux d\u2019estomac lorsque je les ai utilis\u00e9s \u00e0 jeun. Il est donc recommand\u00e9 de les prendre apr\u00e8s avoir mang\u00e9."", ""Tres bien"", ""Haja top""]",,,Croissance,"Produit: VITAL DERMACNE GEL NETTOYANT 200ML
Gamme: Derma
Theme: Autre
Indications: Purifier et traiter la peau acnéique
Composition: 
Points positifs: Fer fumarate hautement assimilable, enrichi en spiruline, vitamines B6/B9/B12
Verdict: Excellent produit pour anémie et fatigue, très bien toléré
Avis clients: Excellent | nice product | Je n’ai pas aimé ces comprimés. Ils contiennent du sulfate de zinc et m’ont causé des effets secondaires tels que des nausées et des maux d’estomac lorsque je les ai utilisés à jeun. Il est donc recommandé de les prendre après avoir mangé."
Vital Dermacne Savon 90gr,Derma,Autre,,7.62,5.0,Purifier et traiter la peau acnéique,,Soin pour peaux à tendance acnéique.,Usage quotidien,,"Fer fumarate hautement assimilable, enrichi en spiruline, vitamines B6/B9/B12",Nécessite une cure de 3 mois minimum,"Excellent produit pour anémie et fatigue, très bien toléré",4.6,"[""Excellent"", ""nice product"", ""Je n\u2019ai pas aim\u00e9 ces comprim\u00e9s. Ils contiennent du sulfate de zinc et m\u2019ont caus\u00e9 des effets secondaires tels que des naus\u00e9es et des maux d\u2019estomac lorsque je les ai utilis\u00e9s \u00e0 jeun. Il est donc recommand\u00e9 de les prendre apr\u00e8s avoir mang\u00e9."", ""Tres bien"", ""Haja top""]",,,Croissance,"Produit: Vital Dermacne Savon 90gr
Gamme: Derma
Theme: Autre
Indications: Purifier et traiter la peau acnéique
Composition: 
Points positifs: Fer fumarate hautement assimilable, enrichi en spiruline, vitamines B6/B9/B12
Verdict: Excellent produit pour anémie et fatigue, très bien toléré
Avis clients: Excellent | nice product | Je n’ai pas aimé ces comprimés. Ils contiennent du sulfate de zinc et m’ont causé des effets secondaires tels que des nausées et des maux d’estomac lorsque je les ai utilisés à jeun. Il est donc recommandé de les prendre après avoir mangé."
VITAL DERMACNE TROUSSE ACNE 5 PRODUITS,Derma,Autre,,50.908,,Purifier et traiter la peau acnéique,,Soin pour peaux à tendance acnéique.,Usage quotidien,,"Fer fumarate hautement assimilable, enrichi en spiruline, vitamines B6/B9/B12",Nécessite une cure de 3 mois minimum,"Excellent produit pour anémie et fatigue, très bien toléré",4.6,"[""Excellent"", ""nice product"", ""Je n\u2019ai pas aim\u00e9 ces comprim\u00e9s. Ils contiennent du sulfate de zinc et m\u2019ont caus\u00e9 des effets secondaires tels que des naus\u00e9es et des maux d\u2019estomac lorsque je les ai utilis\u00e9s \u00e0 jeun. Il est donc recommand\u00e9 de les prendre apr\u00e8s avoir mang\u00e9."", ""Tres bien"", ""Haja top""]",,,Croissance/Promo,"Produit: VITAL DERMACNE TROUSSE ACNE 5 PRODUITS
Gamme: Derma
Theme: Autre
Indications: Purifier et traiter la peau acnéique
Composition: 
Points positifs: Fer fumarate hautement assimilable, enrichi en spiruline, vitamines B6/B9/B12
Verdict: Excellent produit pour anémie et fatigue, très bien toléré
Avis clients: Excellent | nice product | Je n’ai pas aimé ces comprimés. Ils contiennent du sulfate de zinc et m’ont causé des effets secondaires tels que des nausées et des maux d’estomac lorsque je les ai utilisés à jeun. Il est donc recommandé de les prendre après avoir mangé."
VITAL DERMADOUCE 90 GR,Derma,Autre,,7.89,4.0,Apaiser et protéger les peaux sensibles,,Soin doux pour peaux sensibles.,Appliquer sur peau propre,,"Fer fumarate hautement assimilable, enrichi en spiruline, vitamines B6/B9/B12",Nécessite une cure de 3 mois minimum,"Excellent produit pour anémie et fatigue, très bien toléré",4.6,"[""Excellent"", ""nice product"", ""Je n\u2019ai pas aim\u00e9 ces comprim\u00e9s. Ils contiennent du sulfate de zinc et m\u2019ont caus\u00e9 des effets secondaires tels que des naus\u00e9es et des maux d\u2019estomac lorsque je les ai utilis\u00e9s \u00e0 jeun. Il est donc recommand\u00e9 de les prendre apr\u00e8s avoir mang\u00e9."", ""Tres bien"", ""Haja top""]",,,Croissance,"Produit: VITAL DERMADOUCE 90 GR
Gamme: Derma
Theme: Autre
Indications: Apaiser et protéger les peaux sensibles
Composition: 
Points positifs: Fer fumarate hautement assimilable, enrichi en spiruline, vitamines B6/B9/B12
Verdict: Excellent produit pour anémie et fatigue, très bien toléré
Avis clients: Excellent | nice product | Je n’ai pas aimé ces comprimés. Ils contiennent du sulfate de zinc et m’ont causé des effets secondaires tels que des nausées et des maux d’estomac lorsque je les ai utilisés à jeun. Il est donc recommandé de les prendre après avoir mangé."
Vital DERMAGYN Gel intime 200ml,Derma,Autre,,11.176,5.0,"Protéger et apaiser l'irritation, hygiène intime, fraîcheur et confort","Bardane, Aloe Vera, Huile d'Argan",Soin pour l'hygiène intime quotidienne.,1 à 4 applications par jour sans dilution,,"Fer fumarate hautement assimilable, enrichi en spiruline, vitamines B6/B9/B12",Nécessite une cure de 3 mois minimum,"Excellent produit pour anémie et fatigue, très bien toléré",4.6,"[""Excellent"", ""nice product"", ""Je n\u2019ai pas aim\u00e9 ces comprim\u00e9s. Ils contiennent du sulfate de zinc et m\u2019ont caus\u00e9 des effets secondaires tels que des naus\u00e9es et des maux d\u2019estomac lorsque je les ai utilis\u00e9s \u00e0 jeun. Il est donc recommand\u00e9 de les prendre apr\u00e8s avoir mang\u00e9."", ""Tres bien"", ""Haja top""]",,,Croissance,"Produit: Vital DERMAGYN Gel intime 200ml
Gamme: Derma
Theme: Autre
Indications: Protéger et apaiser l'irritation, hygiène intime, fraîcheur et confort
Composition: Bardane, Aloe Vera, Huile d'Argan
Points positifs: Fer fumarate hautement assimilable, enrichi en spiruline, vitamines B6/B9/B12
Verdict: Excellent produit pour anémie et fatigue, très bien toléré
Avis clients: Excellent | nice product | Je n’ai pas aimé ces comprimés. Ils contiennent du sulfate de zinc et m’ont causé des effets secondaires tels que des nausées et des maux d’estomac lorsque je les ai utilisés à jeun. Il est donc recommandé de les prendre après avoir mangé."
Vital Diabemin 30 Gélules,Autres,Autre,,15.251,4.0,"Réguler le taux de glucose dans le sang, traiter l'intolérance au glucose ou le diabète de type 2, diminuer le taux de cholestérol","Lupin, Chrome",Complément alimentaire pour réguler le taux de glucose dans le sang.,1 gélule 3 fois par jour avant les repas,Aucune,"Fer fumarate hautement assimilable, enrichi en spiruline, vitamines B6/B9/B12",Nécessite une cure de 3 mois minimum,"Excellent produit pour anémie et fatigue, très bien toléré",4.6,"[""Excellent"", ""nice product"", ""Je n\u2019ai pas aim\u00e9 ces comprim\u00e9s. Ils contiennent du sulfate de zinc et m\u2019ont caus\u00e9 des effets secondaires tels que des naus\u00e9es et des maux d\u2019estomac lorsque je les ai utilis\u00e9s \u00e0 jeun. Il est donc recommand\u00e9 de les prendre apr\u00e8s avoir mang\u00e9."", ""Tres bien"", ""Haja top""]",,,Croissance/Promo,"Produit: Vital Diabemin 30 Gélules
Gamme: Autres
Theme: Autre
Indications: Réguler le taux de glucose dans le sang, traiter l'intolérance au glucose ou le diabète de type 2, diminuer le taux de cholestérol
Composition: Lupin, Chrome
Points positifs: Fer fumarate hautement assimilable, enrichi en spiruline, vitamines B6/B9/B12
Verdict: Excellent produit pour anémie et fatigue, très bien toléré
Avis clients: Excellent | nice product | Je n’ai pas aimé ces comprimés. Ils contiennent du sulfate de zinc et m’ont causé des effets secondaires tels que des nausées et des maux d’estomac lorsque je les ai utilisés à jeun. Il est donc recommandé de les prendre après avoir mangé."
Vital Ferbiotic Sirop 150ml,Ferbiotic,Autre,,18.0,,"Combler les carences en fer, meilleure absorption, meilleure biodisponibilité","Fer hautement absorbable, Acides Aminés, Prébiotique, Probiotique, Vitamines",Complément alimentaire pour combler les carences en fer avec meilleure tolérance intestinale.,1 à 2 gélules par jour,,"Fer fumarate hautement assimilable, enrichi en spiruline, vitamines B6/B9/B12",Nécessite une cure de 3 mois minimum,"Excellent produit pour anémie et fatigue, très bien toléré",4.6,"[""Excellent"", ""nice product"", ""Je n\u2019ai pas aim\u00e9 ces comprim\u00e9s. Ils contiennent du sulfate de zinc et m\u2019ont caus\u00e9 des effets secondaires tels que des naus\u00e9es et des maux d\u2019estomac lorsque je les ai utilis\u00e9s \u00e0 jeun. Il est donc recommand\u00e9 de les prendre apr\u00e8s avoir mang\u00e9."", ""Tres bien"", ""Haja top""]",,,Croissance/Promo,"Produit: Vital Ferbiotic Sirop 150ml
Gamme: Ferbiotic
Theme: Autre
Indications: Combler les carences en fer, meilleure absorption, meilleure biodisponibilité
Composition: Fer hautement absorbable, Acides Aminés, Prébiotique, Probiotique, Vitamines
Points positifs: Fer fumarate hautement assimilable, enrichi en spiruline, vitamines B6/B9/B12
Verdict: Excellent produit pour anémie et fatigue, très bien toléré
Avis clients: Excellent | nice product | Je n’ai pas aimé ces comprimés. Ils contiennent du sulfate de zinc et m’ont causé des effets secondaires tels que des nausées et des maux d’estomac lorsque je les ai utilisés à jeun. Il est donc recommandé de les prendre après avoir mangé."
VITAL FERSANG 30 GELULES,Autres,Autre,,22.2,4.69,"Prévention de la carence martiale, traitement de l'anémie, fortifier le sang","Spiruline, Vitamine C, Fer (fumarate de fer), Vitamine B6, Vitamine B9, Vitamine B12",Complément alimentaire pour combattre les carences en fer et l'anémie.,1 à 2 gélules par jour pendant au moins un mois,,"Fer fumarate hautement assimilable, enrichi en spiruline, vitamines B6/B9/B12",Nécessite une cure de 3 mois minimum,"Excellent produit pour anémie et fatigue, très bien toléré",4.6,"[""Excellent"", ""nice product"", ""Je n\u2019ai pas aim\u00e9 ces comprim\u00e9s. Ils contiennent du sulfate de zinc et m\u2019ont caus\u00e9 des effets secondaires tels que des naus\u00e9es et des maux d\u2019estomac lorsque je les ai utilis\u00e9s \u00e0 jeun. Il est donc recommand\u00e9 de les prendre apr\u00e8s avoir mang\u00e9."", ""Tres bien"", ""Haja top""]",,,Croissance/Promo,"Produit: VITAL FERSANG 30 GELULES
Gamme: Autres
Theme: Autre
Indications: Prévention de la carence martiale, traitement de l'anémie, fortifier le sang
Composition: Spiruline, Vitamine C, Fer (fumarate de fer), Vitamine B6, Vitamine B9, Vitamine B12
Points positifs: Fer fumarate hautement assimilable, enrichi en spiruline, vitamines B6/B9/B12
Verdict: Excellent produit pour anémie et fatigue, très bien toléré
Avis clients: Excellent | nice product | Je n’ai pas aimé ces comprimés. Ils contiennent du sulfate de zinc et m’ont causé des effets secondaires tels que des nausées et des maux d’estomac lorsque je les ai utilisés à jeun. Il est donc recommandé de les prendre après avoir mangé."
Vital Fersang 60 Gélules,Autres,Autre,,22.2,4.7,"Prévention de la carence martiale, traitement de l'anémie, fortifier le sang","Spiruline, Vitamine C, Fer (fumarate de fer), Vitamine B6, Vitamine B9, Vitamine B12",Complément alimentaire pour combattre les carences en fer et l'anémie.,1 à 2 gélules par jour pendant au moins un mois,,"Fer fumarate hautement assimilable, enrichi en spiruline, vitamines B6/B9/B12",Nécessite une cure de 3 mois minimum,"Excellent produit pour anémie et fatigue, très bien toléré",4.6,"[""Excellent"", ""nice product"", ""Je n\u2019ai pas aim\u00e9 ces comprim\u00e9s. Ils contiennent du sulfate de zinc et m\u2019ont caus\u00e9 des effets secondaires tels que des naus\u00e9es et des maux d\u2019estomac lorsque je les ai utilis\u00e9s \u00e0 jeun. Il est donc recommand\u00e9 de les prendre apr\u00e8s avoir mang\u00e9."", ""Tres bien"", ""Haja top""]",https://vital.com.tn/cdn/shop/products/fersang-2.jpg,https://vital.com.tn/products/fersang-2/,Croissance/Promo,"Produit: Vital Fersang 60 Gélules
Gamme: Autres
Theme: Autre
Indications: Prévention de la carence martiale, traitement de l'anémie, fortifier le sang
Composition: Spiruline, Vitamine C, Fer (fumarate de fer), Vitamine B6, Vitamine B9, Vitamine B12
Points positifs: Fer fumarate hautement assimilable, enrichi en spiruline, vitamines B6/B9/B12
Verdict: Excellent produit pour anémie et fatigue, très bien toléré
Avis clients: Excellent | nice product | Je n’ai pas aimé ces comprimés. Ils contiennent du sulfate de zinc et m’ont causé des effets secondaires tels que des nausées et des maux d’estomac lorsque je les ai utilisés à jeun. Il est donc recommandé de les prendre après avoir mangé."
VITAL FERSANG 90 GELULES,Autres,Autre,,22.2,4.69,"Prévention de la carence martiale, traitement de l'anémie, fortifier le sang","Spiruline, Vitamine C, Fer (fumarate de fer), Vitamine B6, Vitamine B9, Vitamine B12",Complément alimentaire pour combattre les carences en fer et l'anémie.,1 à 2 gélules par jour pendant au moins un mois,,"Fer fumarate hautement assimilable, enrichi en spiruline, vitamines B6/B9/B12",Nécessite une cure de 3 mois minimum,"Excellent produit pour anémie et fatigue, très bien toléré",4.6,"[""Excellent"", ""nice product"", ""Je n\u2019ai pas aim\u00e9 ces comprim\u00e9s. Ils contiennent du sulfate de zinc et m\u2019ont caus\u00e9 des effets secondaires tels que des naus\u00e9es et des maux d\u2019estomac lorsque je les ai utilis\u00e9s \u00e0 jeun. Il est donc recommand\u00e9 de les prendre apr\u00e8s avoir mang\u00e9."", ""Tres bien"", ""Haja top""]",,,Maturité,"Produit: VITAL FERSANG 90 GELULES
Gamme: Autres
Theme: Autre
Indications: Prévention de la carence martiale, traitement de l'anémie, fortifier le sang
Composition: Spiruline, Vitamine C, Fer (fumarate de fer), Vitamine B6, Vitamine B9, Vitamine B12
Points positifs: Fer fumarate hautement assimilable, enrichi en spiruline, vitamines B6/B9/B12
Verdict: Excellent produit pour anémie et fatigue, très bien toléré
Avis clients: Excellent | nice product | Je n’ai pas aimé ces comprimés. Ils contiennent du sulfate de zinc et m’ont causé des effets secondaires tels que des nausées et des maux d’estomac lorsque je les ai utilisés à jeun. Il est donc recommandé de les prendre après avoir mangé."
Vital Fersang Bisglycinate 60 Gélules,Autres,Autre,,22.2,4.3,"Prévention de la carence martiale, traitement de l'anémie, fortifier le sang","Spiruline, Vitamine C, Fer (fumarate de fer), Vitamine B6, Vitamine B9, Vitamine B12",Complément alimentaire pour combattre les carences en fer et l'anémie.,1 à 2 gélules par jour pendant au moins un mois,,"Fer fumarate hautement assimilable, enrichi en spiruline, vitamines B6/B9/B12",Nécessite une cure de 3 mois minimum,"Excellent produit pour anémie et fatigue, très bien toléré",4.6,"[""Excellent"", ""nice product"", ""Je n\u2019ai pas aim\u00e9 ces comprim\u00e9s. Ils contiennent du sulfate de zinc et m\u2019ont caus\u00e9 des effets secondaires tels que des naus\u00e9es et des maux d\u2019estomac lorsque je les ai utilis\u00e9s \u00e0 jeun. Il est donc recommand\u00e9 de les prendre apr\u00e8s avoir mang\u00e9."", ""Tres bien"", ""Haja top""]",,,Croissance/Promo,"Produit: Vital Fersang Bisglycinate 60 Gélules
Gamme: Autres
Theme: Autre
Indications: Prévention de la carence martiale, traitement de l'anémie, fortifier le sang
Composition: Spiruline, Vitamine C, Fer (fumarate de fer), Vitamine B6, Vitamine B9, Vitamine B12
Points positifs: Fer fumarate hautement assimilable, enrichi en spiruline, vitamines B6/B9/B12
Verdict: Excellent produit pour anémie et fatigue, très bien toléré
Avis clients: Excellent | nice product | Je n’ai pas aimé ces comprimés. Ils contiennent du sulfate de zinc et m’ont causé des effets secondaires tels que des nausées et des maux d’estomac lorsque je les ai utilisés à jeun. Il est donc recommandé de les prendre après avoir mangé."
Vital Fersang Fortifiant Du Sang – 90 Gelules,Autres,Autre,,22.2,5.0,"Prévention de la carence martiale, traitement de l'anémie, fortifier le sang","Spiruline, Vitamine C, Fer (fumarate de fer), Vitamine B6, Vitamine B9, Vitamine B12",Complément alimentaire pour combattre les carences en fer et l'anémie.,1 à 2 gélules par jour pendant au moins un mois,,"Fer fumarate hautement assimilable, enrichi en spiruline, vitamines B6/B9/B12",Nécessite une cure de 3 mois minimum,"Excellent produit pour anémie et fatigue, très bien toléré",4.6,"[""Excellent"", ""nice product"", ""Je n\u2019ai pas aim\u00e9 ces comprim\u00e9s. Ils contiennent du sulfate de zinc et m\u2019ont caus\u00e9 des effets secondaires tels que des naus\u00e9es et des maux d\u2019estomac lorsque je les ai utilis\u00e9s \u00e0 jeun. Il est donc recommand\u00e9 de les prendre apr\u00e8s avoir mang\u00e9."", ""Tres bien"", ""Haja top""]",,,Croissance/Promo,"Produit: Vital Fersang Fortifiant Du Sang – 90 Gelules
Gamme: Autres
Theme: Autre
Indications: Prévention de la carence martiale, traitement de l'anémie, fortifier le sang
Composition: Spiruline, Vitamine C, Fer (fumarate de fer), Vitamine B6, Vitamine B9, Vitamine B12
Points positifs: Fer fumarate hautement assimilable, enrichi en spiruline, vitamines B6/B9/B12
Verdict: Excellent produit pour anémie et fatigue, très bien toléré
Avis clients: Excellent | nice product | Je n’ai pas aimé ces comprimés. Ils contiennent du sulfate de zinc et m’ont causé des effets secondaires tels que des nausées et des maux d’estomac lorsque je les ai utilisés à jeun. Il est donc recommandé de les prendre après avoir mangé."
Vital Fersang Sirop 150ml,Autres,Autre,,18.0,5.0,"Prévention de la carence martiale, traitement de l'anémie, fortifier le sang","Fer, Vitamines B1, B2, B5, B6, B8, B9, B12, A, C, Sélénium, Spiruline",Complément alimentaire pour combattre les carences en fer et l'anémie.,Selon l'âge et les besoins,,"Fer fumarate hautement assimilable, enrichi en spiruline, vitamines B6/B9/B12",Nécessite une cure de 3 mois minimum,"Excellent produit pour anémie et fatigue, très bien toléré",4.6,"[""Excellent"", ""nice product"", ""Je n\u2019ai pas aim\u00e9 ces comprim\u00e9s. Ils contiennent du sulfate de zinc et m\u2019ont caus\u00e9 des effets secondaires tels que des naus\u00e9es et des maux d\u2019estomac lorsque je les ai utilis\u00e9s \u00e0 jeun. Il est donc recommand\u00e9 de les prendre apr\u00e8s avoir mang\u00e9."", ""Tres bien"", ""Haja top""]",,,Croissance/Promo,"Produit: Vital Fersang Sirop 150ml
Gamme: Autres
Theme: Autre
Indications: Prévention de la carence martiale, traitement de l'anémie, fortifier le sang
Composition: Fer, Vitamines B1, B2, B5, B6, B8, B9, B12, A, C, Sélénium, Spiruline
Points positifs: Fer fumarate hautement assimilable, enrichi en spiruline, vitamines B6/B9/B12
Verdict: Excellent produit pour anémie et fatigue, très bien toléré
Avis clients: Excellent | nice product | Je n’ai pas aimé ces comprimés. Ils contiennent du sulfate de zinc et m’ont causé des effets secondaires tels que des nausées et des maux d’estomac lorsque je les ai utilisés à jeun. Il est donc recommandé de les prendre après avoir mangé."
Vital Galeo 20 Sachets,Autres,Autre,,31.9,,Bien-être général,,Complément alimentaire pour le bien-être.,1 sachet par jour,,"Fer fumarate hautement assimilable, enrichi en spiruline, vitamines B6/B9/B12",Nécessite une cure de 3 mois minimum,"Excellent produit pour anémie et fatigue, très bien toléré",4.6,"[""Excellent"", ""nice product"", ""Je n\u2019ai pas aim\u00e9 ces comprim\u00e9s. Ils contiennent du sulfate de zinc et m\u2019ont caus\u00e9 des effets secondaires tels que des naus\u00e9es et des maux d\u2019estomac lorsque je les ai utilis\u00e9s \u00e0 jeun. Il est donc recommand\u00e9 de les prendre apr\u00e8s avoir mang\u00e9."", ""Tres bien"", ""Haja top""]",,,Croissance/Promo,"Produit: Vital Galeo 20 Sachets
Gamme: Autres
Theme: Autre
Indications: Bien-être général
Composition: 
Points positifs: Fer fumarate hautement assimilable, enrichi en spiruline, vitamines B6/B9/B12
Verdict: Excellent produit pour anémie et fatigue, très bien toléré
Avis clients: Excellent | nice product | Je n’ai pas aimé ces comprimés. Ils contiennent du sulfate de zinc et m’ont causé des effets secondaires tels que des nausées et des maux d’estomac lorsque je les ai utilisés à jeun. Il est donc recommandé de les prendre après avoir mangé."
Vital Gastrocalm Gel B/30,Autres,Autre,,16.0,,"Neutraliser l'acidité gastrique, conserver l'équilibre acido-basique, faciliter le transit intestinal","Extrait sec de racine de réglisse, Extrait sec de racine de guimauve, Poudre de lithothamne",Complément alimentaire pour neutraliser l'acidité gastrique et améliorer la digestion.,2 gélules par jour,,"Fer fumarate hautement assimilable, enrichi en spiruline, vitamines B6/B9/B12",Nécessite une cure de 3 mois minimum,"Excellent produit pour anémie et fatigue, très bien toléré",4.6,"[""Excellent"", ""nice product"", ""Je n\u2019ai pas aim\u00e9 ces comprim\u00e9s. Ils contiennent du sulfate de zinc et m\u2019ont caus\u00e9 des effets secondaires tels que des naus\u00e9es et des maux d\u2019estomac lorsque je les ai utilis\u00e9s \u00e0 jeun. Il est donc recommand\u00e9 de les prendre apr\u00e8s avoir mang\u00e9."", ""Tres bien"", ""Haja top""]",,,Croissance/Promo,"Produit: Vital Gastrocalm Gel B/30
Gamme: Autres
Theme: Autre
Indications: Neutraliser l'acidité gastrique, conserver l'équilibre acido-basique, faciliter le transit intestinal
Composition: Extrait sec de racine de réglisse, Extrait sec de racine de guimauve, Poudre de lithothamne
Points positifs: Fer fumarate hautement assimilable, enrichi en spiruline, vitamines B6/B9/B12
Verdict: Excellent produit pour anémie et fatigue, très bien toléré
Avis clients: Excellent | nice product | Je n’ai pas aimé ces comprimés. Ils contiennent du sulfate de zinc et m’ont causé des effets secondaires tels que des nausées et des maux d’estomac lorsque je les ai utilisés à jeun. Il est donc recommandé de les prendre après avoir mangé."
Vital Ginko Extra 60 Gélules,Autres,Autre,,15.0,,"Améliorer la mémoire et la concentration, soutenir la circulation cérébrale","Extrait de Ginkgo Biloba, flavonoïdes, lactones terpéniques",Complément alimentaire pour la mémoire et la circulation cérébrale.,1 gélule par jour,,"Fer fumarate hautement assimilable, enrichi en spiruline, vitamines B6/B9/B12",Nécessite une cure de 3 mois minimum,"Excellent produit pour anémie et fatigue, très bien toléré",4.6,"[""Excellent"", ""nice product"", ""Je n\u2019ai pas aim\u00e9 ces comprim\u00e9s. Ils contiennent du sulfate de zinc et m\u2019ont caus\u00e9 des effets secondaires tels que des naus\u00e9es et des maux d\u2019estomac lorsque je les ai utilis\u00e9s \u00e0 jeun. Il est donc recommand\u00e9 de les prendre apr\u00e8s avoir mang\u00e9."", ""Tres bien"", ""Haja top""]",,,Croissance/Promo,"Produit: Vital Ginko Extra 60 Gélules
Gamme: Autres
Theme: Autre
Indications: Améliorer la mémoire et la concentration, soutenir la circulation cérébrale
Composition: Extrait de Ginkgo Biloba, flavonoïdes, lactones terpéniques
Points positifs: Fer fumarate hautement assimilable, enrichi en spiruline, vitamines B6/B9/B12
Verdict: Excellent produit pour anémie et fatigue, très bien toléré
Avis clients: Excellent | nice product | Je n’ai pas aimé ces comprimés. Ils contiennent du sulfate de zinc et m’ont causé des effets secondaires tels que des nausées et des maux d’estomac lorsque je les ai utilisés à jeun. Il est donc recommandé de les prendre après avoir mangé."
VITAL HEALTHCARE FERTICARE FEMME,Autres,Autre,Sachet,32.901,,"Favoriser la régulation de l'activité hormonale, contribuer à une fertilité et reproduction normale, optimiser les chances de gestation","Acide folique 400 µg, zinc 10 mg, vitamine D 5 µg, vitamine E 12 mg",Complément alimentaire pour la fertilité.,1 sachet par jour dissous dans un verre d'eau,,"Fer fumarate hautement assimilable, enrichi en spiruline, vitamines B6/B9/B12",Nécessite une cure de 3 mois minimum,"Excellent produit pour anémie et fatigue, très bien toléré",4.6,"[""Excellent"", ""nice product"", ""Je n\u2019ai pas aim\u00e9 ces comprim\u00e9s. Ils contiennent du sulfate de zinc et m\u2019ont caus\u00e9 des effets secondaires tels que des naus\u00e9es et des maux d\u2019estomac lorsque je les ai utilis\u00e9s \u00e0 jeun. Il est donc recommand\u00e9 de les prendre apr\u00e8s avoir mang\u00e9."", ""Tres bien"", ""Haja top""]",https://vital.com.tn/cdn/shop/products/vital-healthcare-ferticare-femme-2.jpg,https://vital.com.tn/products/vital-healthcare-ferticare-femme-2/,Croissance,"Produit: VITAL HEALTHCARE FERTICARE FEMME
Gamme: Autres
Theme: Autre
Indications: Favoriser la régulation de l'activité hormonale, contribuer à une fertilité et reproduction normale, optimiser les chances de gestation
Composition: Acide folique 400 µg, zinc 10 mg, vitamine D 5 µg, vitamine E 12 mg
Points positifs: Fer fumarate hautement assimilable, enrichi en spiruline, vitamines B6/B9/B12
Verdict: Excellent produit pour anémie et fatigue, très bien toléré
Avis clients: Excellent | nice product | Je n’ai pas aimé ces comprimés. Ils contiennent du sulfate de zinc et m’ont causé des effets secondaires tels que des nausées et des maux d’estomac lorsque je les ai utilisés à jeun. Il est donc recommandé de les prendre après avoir mangé."
Vital Healthcare Ferticare Femme Sachets B/30 5G,Autres,Autre,,32.901,,"Favoriser la régulation de l'activité hormonale, contribuer à une fertilité et reproduction normale, optimiser les chances de gestation","Acide folique 400 µg, zinc 10 mg, vitamine D 5 µg, vitamine E 12 mg",Complément alimentaire pour la fertilité.,1 sachet par jour dissous dans un verre d'eau,,"Fer fumarate hautement assimilable, enrichi en spiruline, vitamines B6/B9/B12",Nécessite une cure de 3 mois minimum,"Excellent produit pour anémie et fatigue, très bien toléré",4.6,"[""Excellent"", ""nice product"", ""Je n\u2019ai pas aim\u00e9 ces comprim\u00e9s. Ils contiennent du sulfate de zinc et m\u2019ont caus\u00e9 des effets secondaires tels que des naus\u00e9es et des maux d\u2019estomac lorsque je les ai utilis\u00e9s \u00e0 jeun. Il est donc recommand\u00e9 de les prendre apr\u00e8s avoir mang\u00e9."", ""Tres bien"", ""Haja top""]",https://vital.com.tn/cdn/shop/products/vital-healthcare-ferticare-femme-2.jpg,https://vital.com.tn/products/vital-healthcare-ferticare-femme-2/,Croissance/Promo,"Produit: Vital Healthcare Ferticare Femme Sachets B/30 5G
Gamme: Autres
Theme: Autre
Indications: Favoriser la régulation de l'activité hormonale, contribuer à une fertilité et reproduction normale, optimiser les chances de gestation
Composition: Acide folique 400 µg, zinc 10 mg, vitamine D 5 µg, vitamine E 12 mg
Points positifs: Fer fumarate hautement assimilable, enrichi en spiruline, vitamines B6/B9/B12
Verdict: Excellent produit pour anémie et fatigue, très bien toléré
Avis clients: Excellent | nice product | Je n’ai pas aimé ces comprimés. Ils contiennent du sulfate de zinc et m’ont causé des effets secondaires tels que des nausées et des maux d’estomac lorsque je les ai utilisés à jeun. Il est donc recommandé de les prendre après avoir mangé."
Vital Healthcare Ferticare Fertilite Masculine Sachet B/30,Autres,Autre,,119.408,,Soutenir la fertilité masculine,Nutriments pour la fertilité masculine,Complément alimentaire pour la fertilité.,1 sachet par jour,,"Fer fumarate hautement assimilable, enrichi en spiruline, vitamines B6/B9/B12",Nécessite une cure de 3 mois minimum,"Excellent produit pour anémie et fatigue, très bien toléré",4.6,"[""Excellent"", ""nice product"", ""Je n\u2019ai pas aim\u00e9 ces comprim\u00e9s. Ils contiennent du sulfate de zinc et m\u2019ont caus\u00e9 des effets secondaires tels que des naus\u00e9es et des maux d\u2019estomac lorsque je les ai utilis\u00e9s \u00e0 jeun. Il est donc recommand\u00e9 de les prendre apr\u00e8s avoir mang\u00e9."", ""Tres bien"", ""Haja top""]",,,Croissance/Promo,"Produit: Vital Healthcare Ferticare Fertilite Masculine Sachet B/30
Gamme: Autres
Theme: Autre
Indications: Soutenir la fertilité masculine
Composition: Nutriments pour la fertilité masculine
Points positifs: Fer fumarate hautement assimilable, enrichi en spiruline, vitamines B6/B9/B12
Verdict: Excellent produit pour anémie et fatigue, très bien toléré
Avis clients: Excellent | nice product | Je n’ai pas aimé ces comprimés. Ils contiennent du sulfate de zinc et m’ont causé des effets secondaires tels que des nausées et des maux d’estomac lorsque je les ai utilisés à jeun. Il est donc recommandé de les prendre après avoir mangé."
Vital Healthcare Skincare Anti-Age 60 Capsules,Autres,Autre,,38.247,4.0,"Hydratation et nutrition de la peau, rajeunissement de la peau, effet anti-âge et antioxydant","Huile de bourrache, Huile d'onagre, Vitamine E",Complément alimentaire pour l'hydratation et le rajeunissement de la peau.,"2 capsules par jour, cure minimale de 3 mois",,"Fer fumarate hautement assimilable, enrichi en spiruline, vitamines B6/B9/B12",Nécessite une cure de 3 mois minimum,"Excellent produit pour anémie et fatigue, très bien toléré",4.6,"[""Excellent"", ""nice product"", ""Je n\u2019ai pas aim\u00e9 ces comprim\u00e9s. Ils contiennent du sulfate de zinc et m\u2019ont caus\u00e9 des effets secondaires tels que des naus\u00e9es et des maux d\u2019estomac lorsque je les ai utilis\u00e9s \u00e0 jeun. Il est donc recommand\u00e9 de les prendre apr\u00e8s avoir mang\u00e9."", ""Tres bien"", ""Haja top""]",https://vital.com.tn/cdn/shop/products/vital-healthcare-skincare-anti-age-intensif-2.jpg,https://vital.com.tn/products/vital-healthcare-skincare-anti-age-intensif-2/,Croissance/Promo,"Produit: Vital Healthcare Skincare Anti-Age 60 Capsules
Gamme: Autres
Theme: Autre
Indications: Hydratation et nutrition de la peau, rajeunissement de la peau, effet anti-âge et antioxydant
Composition: Huile de bourrache, Huile d'onagre, Vitamine E
Points positifs: Fer fumarate hautement assimilable, enrichi en spiruline, vitamines B6/B9/B12
Verdict: Excellent produit pour anémie et fatigue, très bien toléré
Avis clients: Excellent | nice product | Je n’ai pas aimé ces comprimés. Ils contiennent du sulfate de zinc et m’ont causé des effets secondaires tels que des nausées et des maux d’estomac lorsque je les ai utilisés à jeun. Il est donc recommandé de les prendre après avoir mangé."
VITAL HEALTHCARE SKINCARE Anti-âge intensif,Autres,Beauté/Peau,Gélule,38.247,,"Hydratation et nutrition de la peau, rajeunissement de la peau, effet anti-âge et antioxydant","Huile de bourrache, Huile d'onagre, Vitamine E",Complément alimentaire pour l'hydratation et le rajeunissement de la peau.,"2 capsules par jour, cure minimale de 3 mois",,"Fer fumarate hautement assimilable, enrichi en spiruline, vitamines B6/B9/B12",Nécessite une cure de 3 mois minimum,"Excellent produit pour anémie et fatigue, très bien toléré",4.6,"[""Excellent"", ""nice product"", ""Je n\u2019ai pas aim\u00e9 ces comprim\u00e9s. Ils contiennent du sulfate de zinc et m\u2019ont caus\u00e9 des effets secondaires tels que des naus\u00e9es et des maux d\u2019estomac lorsque je les ai utilis\u00e9s \u00e0 jeun. Il est donc recommand\u00e9 de les prendre apr\u00e8s avoir mang\u00e9."", ""Tres bien"", ""Haja top""]",https://vital.com.tn/cdn/shop/products/vital-healthcare-skincare-anti-age-intensif-2.jpg,https://vital.com.tn/products/vital-healthcare-skincare-anti-age-intensif-2/,Croissance,"Produit: VITAL HEALTHCARE SKINCARE Anti-âge intensif
Gamme: Autres
Theme: Beauté/Peau
Indications: Hydratation et nutrition de la peau, rajeunissement de la peau, effet anti-âge et antioxydant
Composition: Huile de bourrache, Huile d'onagre, Vitamine E
Points positifs: Fer fumarate hautement assimilable, enrichi en spiruline, vitamines B6/B9/B12
Verdict: Excellent produit pour anémie et fatigue, très bien toléré
Avis clients: Excellent | nice product | Je n’ai pas aimé ces comprimés. Ils contiennent du sulfate de zinc et m’ont causé des effets secondaires tels que des nausées et des maux d’estomac lorsque je les ai utilisés à jeun. Il est donc recommandé de les prendre après avoir mangé."
Vital Hydra Eau Micellaire Peau Grasse 250ml,Hydra,Beauté/Peau,,11.9,4.67,Hydrater et nettoyer la peau,,Soin hydratant pour la peau.,Appliquer sur un coton et nettoyer le visage,,"Fer fumarate hautement assimilable, enrichi en spiruline, vitamines B6/B9/B12",Nécessite une cure de 3 mois minimum,"Excellent produit pour anémie et fatigue, très bien toléré",4.6,"[""Excellent"", ""nice product"", ""Je n\u2019ai pas aim\u00e9 ces comprim\u00e9s. Ils contiennent du sulfate de zinc et m\u2019ont caus\u00e9 des effets secondaires tels que des naus\u00e9es et des maux d\u2019estomac lorsque je les ai utilis\u00e9s \u00e0 jeun. Il est donc recommand\u00e9 de les prendre apr\u00e8s avoir mang\u00e9."", ""Tres bien"", ""Haja top""]",,,Croissance/Promo,"Produit: Vital Hydra Eau Micellaire Peau Grasse 250ml
Gamme: Hydra
Theme: Beauté/Peau
Indications: Hydrater et nettoyer la peau
Composition: 
Points positifs: Fer fumarate hautement assimilable, enrichi en spiruline, vitamines B6/B9/B12
Verdict: Excellent produit pour anémie et fatigue, très bien toléré
Avis clients: Excellent | nice product | Je n’ai pas aimé ces comprimés. Ils contiennent du sulfate de zinc et m’ont causé des effets secondaires tels que des nausées et des maux d’estomac lorsque je les ai utilisés à jeun. Il est donc recommandé de les prendre après avoir mangé."
Vital Hydrafine Creme Apres Epilation 90G,Hydra,Autre,,10.0,,"Atténuer les brûlures superficielles, favoriser la cicatrisation, apaiser les piqûres",,Soin pour atténuer les brûlures superficielles et favoriser la cicatrisation.,Appliquer en couche épaisse 2 à 3 fois par jour,,"Fer fumarate hautement assimilable, enrichi en spiruline, vitamines B6/B9/B12",Nécessite une cure de 3 mois minimum,"Excellent produit pour anémie et fatigue, très bien toléré",4.6,"[""Excellent"", ""nice product"", ""Je n\u2019ai pas aim\u00e9 ces comprim\u00e9s. Ils contiennent du sulfate de zinc et m\u2019ont caus\u00e9 des effets secondaires tels que des naus\u00e9es et des maux d\u2019estomac lorsque je les ai utilis\u00e9s \u00e0 jeun. Il est donc recommand\u00e9 de les prendre apr\u00e8s avoir mang\u00e9."", ""Tres bien"", ""Haja top""]",,,Croissance/Promo,"Produit: Vital Hydrafine Creme Apres Epilation 90G
Gamme: Hydra
Theme: Autre
Indications: Atténuer les brûlures superficielles, favoriser la cicatrisation, apaiser les piqûres
Composition: 
Points positifs: Fer fumarate hautement assimilable, enrichi en spiruline, vitamines B6/B9/B12
Verdict: Excellent produit pour anémie et fatigue, très bien toléré
Avis clients: Excellent | nice product | Je n’ai pas aimé ces comprimés. Ils contiennent du sulfate de zinc et m’ont causé des effets secondaires tels que des nausées et des maux d’estomac lorsque je les ai utilisés à jeun. Il est donc recommandé de les prendre après avoir mangé."
Vital Hydrascreen Invisible Spf 50,Hydra,Autre,,39.9,4.0,"Protéger, apaiser, hydrater",,Protection solaire pour la peau.,Appliquer généreusement avant l'exposition au soleil,,"Fer fumarate hautement assimilable, enrichi en spiruline, vitamines B6/B9/B12",Nécessite une cure de 3 mois minimum,"Excellent produit pour anémie et fatigue, très bien toléré",4.6,"[""Excellent"", ""nice product"", ""Je n\u2019ai pas aim\u00e9 ces comprim\u00e9s. Ils contiennent du sulfate de zinc et m\u2019ont caus\u00e9 des effets secondaires tels que des naus\u00e9es et des maux d\u2019estomac lorsque je les ai utilis\u00e9s \u00e0 jeun. Il est donc recommand\u00e9 de les prendre apr\u00e8s avoir mang\u00e9."", ""Tres bien"", ""Haja top""]",https://vital.com.tn/cdn/shop/products/hydrascreen-invisible.jpg,https://vital.com.tn/products/hydrascreen-invisible/,Croissance/Promo,"Produit: Vital Hydrascreen Invisible Spf 50
Gamme: Hydra
Theme: Autre
Indications: Protéger, apaiser, hydrater
Composition: 
Points positifs: Fer fumarate hautement assimilable, enrichi en spiruline, vitamines B6/B9/B12
Verdict: Excellent produit pour anémie et fatigue, très bien toléré
Avis clients: Excellent | nice product | Je n’ai pas aimé ces comprimés. Ils contiennent du sulfate de zinc et m’ont causé des effets secondaires tels que des nausées et des maux d’estomac lorsque je les ai utilisés à jeun. Il est donc recommandé de les prendre après avoir mangé."
Vital Lanorose 30 Gr,Autres,Articulations,,23.511,4.6,"Protéger l'aréole mammaire, soulager les mamelons douloureux pendant la période d'allaitement, prévenir les crevasses","Lanoline extra pure, Miel, Huile d'olive, Eau de fleur d'oranger",Crème pour protéger l'aréole mammaire et soulager les mamelons douloureux pendant l'allaitement.,"Appliquer plusieurs fois par jour sur les mamelons irrités, avant et après l'allaitement, sans rinçage",Aucune,"Fer fumarate hautement assimilable, enrichi en spiruline, vitamines B6/B9/B12",Nécessite une cure de 3 mois minimum,"Excellent produit pour anémie et fatigue, très bien toléré",4.6,"[""Excellent"", ""nice product"", ""Je n\u2019ai pas aim\u00e9 ces comprim\u00e9s. Ils contiennent du sulfate de zinc et m\u2019ont caus\u00e9 des effets secondaires tels que des naus\u00e9es et des maux d\u2019estomac lorsque je les ai utilis\u00e9s \u00e0 jeun. Il est donc recommand\u00e9 de les prendre apr\u00e8s avoir mang\u00e9."", ""Tres bien"", ""Haja top""]",,,Croissance/Promo,"Produit: Vital Lanorose 30 Gr
Gamme: Autres
Theme: Articulations
Indications: Protéger l'aréole mammaire, soulager les mamelons douloureux pendant la période d'allaitement, prévenir les crevasses
Composition: Lanoline extra pure, Miel, Huile d'olive, Eau de fleur d'oranger
Points positifs: Fer fumarate hautement assimilable, enrichi en spiruline, vitamines B6/B9/B12
Verdict: Excellent produit pour anémie et fatigue, très bien toléré
Avis clients: Excellent | nice product | Je n’ai pas aimé ces comprimés. Ils contiennent du sulfate de zinc et m’ont causé des effets secondaires tels que des nausées et des maux d’estomac lorsque je les ai utilisés à jeun. Il est donc recommandé de les prendre après avoir mangé."
Vital Melatonuit 30 Gélules,Autres,Autre,,17.463,5.0,"Aider à s'endormir plus rapidement, atténuer les effets du décalage horaire, réguler le cycle veille-sommeil",Mélatonine,Complément alimentaire à base de mélatonine pour favoriser l'endormissement.,1 gélule avant le coucher,,"Fer fumarate hautement assimilable, enrichi en spiruline, vitamines B6/B9/B12",Nécessite une cure de 3 mois minimum,"Excellent produit pour anémie et fatigue, très bien toléré",4.6,"[""Excellent"", ""nice product"", ""Je n\u2019ai pas aim\u00e9 ces comprim\u00e9s. Ils contiennent du sulfate de zinc et m\u2019ont caus\u00e9 des effets secondaires tels que des naus\u00e9es et des maux d\u2019estomac lorsque je les ai utilis\u00e9s \u00e0 jeun. Il est donc recommand\u00e9 de les prendre apr\u00e8s avoir mang\u00e9."", ""Tres bien"", ""Haja top""]",,,Croissance/Promo,"Produit: Vital Melatonuit 30 Gélules
Gamme: Autres
Theme: Autre
Indications: Aider à s'endormir plus rapidement, atténuer les effets du décalage horaire, réguler le cycle veille-sommeil
Composition: Mélatonine
Points positifs: Fer fumarate hautement assimilable, enrichi en spiruline, vitamines B6/B9/B12
Verdict: Excellent produit pour anémie et fatigue, très bien toléré
Avis clients: Excellent | nice product | Je n’ai pas aimé ces comprimés. Ils contiennent du sulfate de zinc et m’ont causé des effets secondaires tels que des nausées et des maux d’estomac lorsque je les ai utilisés à jeun. Il est donc recommandé de les prendre après avoir mangé."
Vital Migrainal 30 Gélules,Autres,Autre,,20.563,4.0,"Soulager et prévenir les maux de tête et les migraines, réduire l'intensité des douleurs, apaiser la tension nerveuse","Grande Camomille, Saule Blanc, Mélisse",Complément alimentaire naturel pour le soulagement et la prévention des maux de tête et des migraines.,2 gélules par jour,,"Fer fumarate hautement assimilable, enrichi en spiruline, vitamines B6/B9/B12",Nécessite une cure de 3 mois minimum,"Excellent produit pour anémie et fatigue, très bien toléré",4.6,"[""Excellent"", ""nice product"", ""Je n\u2019ai pas aim\u00e9 ces comprim\u00e9s. Ils contiennent du sulfate de zinc et m\u2019ont caus\u00e9 des effets secondaires tels que des naus\u00e9es et des maux d\u2019estomac lorsque je les ai utilis\u00e9s \u00e0 jeun. Il est donc recommand\u00e9 de les prendre apr\u00e8s avoir mang\u00e9."", ""Tres bien"", ""Haja top""]",,,Croissance/Promo,"Produit: Vital Migrainal 30 Gélules
Gamme: Autres
Theme: Autre
Indications: Soulager et prévenir les maux de tête et les migraines, réduire l'intensité des douleurs, apaiser la tension nerveuse
Composition: Grande Camomille, Saule Blanc, Mélisse
Points positifs: Fer fumarate hautement assimilable, enrichi en spiruline, vitamines B6/B9/B12
Verdict: Excellent produit pour anémie et fatigue, très bien toléré
Avis clients: Excellent | nice product | Je n’ai pas aimé ces comprimés. Ils contiennent du sulfate de zinc et m’ont causé des effets secondaires tels que des nausées et des maux d’estomac lorsque je les ai utilisés à jeun. Il est donc recommandé de les prendre après avoir mangé."
VITAL MINCI LIGNE COUPE...,Autres,Autre,,24.412,,,,"Laboratoires VITAL VITAL MINCI LIGNE COUPE... Prix 24,412 TND 5 5 5 5 Ajouter au panier",,,"Fer fumarate hautement assimilable, enrichi en spiruline, vitamines B6/B9/B12",Nécessite une cure de 3 mois minimum,"Excellent produit pour anémie et fatigue, très bien toléré",4.6,"[""Excellent"", ""nice product"", ""Je n\u2019ai pas aim\u00e9 ces comprim\u00e9s. Ils contiennent du sulfate de zinc et m\u2019ont caus\u00e9 des effets secondaires tels que des naus\u00e9es et des maux d\u2019estomac lorsque je les ai utilis\u00e9s \u00e0 jeun. Il est donc recommand\u00e9 de les prendre apr\u00e8s avoir mang\u00e9."", ""Tres bien"", ""Haja top""]",,,Croissance,"Produit: VITAL MINCI LIGNE COUPE...
Gamme: Autres
Theme: Autre
Indications: 
Composition: 
Points positifs: Fer fumarate hautement assimilable, enrichi en spiruline, vitamines B6/B9/B12
Verdict: Excellent produit pour anémie et fatigue, très bien toléré
Avis clients: Excellent | nice product | Je n’ai pas aimé ces comprimés. Ils contiennent du sulfate de zinc et m’ont causé des effets secondaires tels que des nausées et des maux d’estomac lorsque je les ai utilisés à jeun. Il est donc recommandé de les prendre après avoir mangé."
VITAL MINCI LIGNE COUPE FAIM 30 GELULES,Autres,Autre,,24.412,,"Coupe-faim, sensation de satiété",,Complément alimentaire pour la minceur.,2 gélules par jour,,"Fer fumarate hautement assimilable, enrichi en spiruline, vitamines B6/B9/B12",Nécessite une cure de 3 mois minimum,"Excellent produit pour anémie et fatigue, très bien toléré",4.6,"[""Excellent"", ""nice product"", ""Je n\u2019ai pas aim\u00e9 ces comprim\u00e9s. Ils contiennent du sulfate de zinc et m\u2019ont caus\u00e9 des effets secondaires tels que des naus\u00e9es et des maux d\u2019estomac lorsque je les ai utilis\u00e9s \u00e0 jeun. Il est donc recommand\u00e9 de les prendre apr\u00e8s avoir mang\u00e9."", ""Tres bien"", ""Haja top""]",,,Croissance,"Produit: VITAL MINCI LIGNE COUPE FAIM 30 GELULES
Gamme: Autres
Theme: Autre
Indications: Coupe-faim, sensation de satiété
Composition: 
Points positifs: Fer fumarate hautement assimilable, enrichi en spiruline, vitamines B6/B9/B12
Verdict: Excellent produit pour anémie et fatigue, très bien toléré
Avis clients: Excellent | nice product | Je n’ai pas aimé ces comprimés. Ils contiennent du sulfate de zinc et m’ont causé des effets secondaires tels que des nausées et des maux d’estomac lorsque je les ai utilisés à jeun. Il est donc recommandé de les prendre après avoir mangé."
Vital Mincicare 4 Actions – 450 ml,Autres,Autre,,29.885,4.3,"Draineur, brûleur de graisses, détoxifiant, coupe-faim","Artichaut, L-Carnitine, Piloselle, Thé vert, Cassis, Chiendent, Baradane, Spiruline, Zinc, Pensée sauvage, Orthosiphon, Reine de prés, Chicorée",Complément alimentaire pour la perte de poids et le drainage.,"Diluer une dose de 20 ml dans 1,5 litre d'eau à boire le long de la journée",,"Fer fumarate hautement assimilable, enrichi en spiruline, vitamines B6/B9/B12",Nécessite une cure de 3 mois minimum,"Excellent produit pour anémie et fatigue, très bien toléré",4.6,"[""Excellent"", ""nice product"", ""Je n\u2019ai pas aim\u00e9 ces comprim\u00e9s. Ils contiennent du sulfate de zinc et m\u2019ont caus\u00e9 des effets secondaires tels que des naus\u00e9es et des maux d\u2019estomac lorsque je les ai utilis\u00e9s \u00e0 jeun. Il est donc recommand\u00e9 de les prendre apr\u00e8s avoir mang\u00e9."", ""Tres bien"", ""Haja top""]",,,Croissance/Promo,"Produit: Vital Mincicare 4 Actions – 450 ml
Gamme: Autres
Theme: Autre
Indications: Draineur, brûleur de graisses, détoxifiant, coupe-faim
Composition: Artichaut, L-Carnitine, Piloselle, Thé vert, Cassis, Chiendent, Baradane, Spiruline, Zinc, Pensée sauvage, Orthosiphon, Reine de prés, Chicorée
Points positifs: Fer fumarate hautement assimilable, enrichi en spiruline, vitamines B6/B9/B12
Verdict: Excellent produit pour anémie et fatigue, très bien toléré
Avis clients: Excellent | nice product | Je n’ai pas aimé ces comprimés. Ils contiennent du sulfate de zinc et m’ont causé des effets secondaires tels que des nausées et des maux d’estomac lorsque je les ai utilisés à jeun. Il est donc recommandé de les prendre après avoir mangé."
Vital Mincicare Boite De 60 Gelules,Autres,Autre,,29.885,4.0,"Faciliter la perte de poids, stimuler l'élimination urinaire",Extraits végétaux drainants,Complément alimentaire pour la perte de poids et le drainage.,2 gélules par jour,,"Fer fumarate hautement assimilable, enrichi en spiruline, vitamines B6/B9/B12",Nécessite une cure de 3 mois minimum,"Excellent produit pour anémie et fatigue, très bien toléré",4.6,"[""Excellent"", ""nice product"", ""Je n\u2019ai pas aim\u00e9 ces comprim\u00e9s. Ils contiennent du sulfate de zinc et m\u2019ont caus\u00e9 des effets secondaires tels que des naus\u00e9es et des maux d\u2019estomac lorsque je les ai utilis\u00e9s \u00e0 jeun. Il est donc recommand\u00e9 de les prendre apr\u00e8s avoir mang\u00e9."", ""Tres bien"", ""Haja top""]",,,Croissance/Promo,"Produit: Vital Mincicare Boite De 60 Gelules
Gamme: Autres
Theme: Autre
Indications: Faciliter la perte de poids, stimuler l'élimination urinaire
Composition: Extraits végétaux drainants
Points positifs: Fer fumarate hautement assimilable, enrichi en spiruline, vitamines B6/B9/B12
Verdict: Excellent produit pour anémie et fatigue, très bien toléré
Avis clients: Excellent | nice product | Je n’ai pas aimé ces comprimés. Ils contiennent du sulfate de zinc et m’ont causé des effets secondaires tels que des nausées et des maux d’estomac lorsque je les ai utilisés à jeun. Il est donc recommandé de les prendre après avoir mangé."
Vital Mincicvit Lait Anti Vergetures 250 ml,Autres,Autre,,20.878,,Prévention des vergetures,,Soin pour la minceur et la peau.,Appliquer sur les zones concernées,,"Fer fumarate hautement assimilable, enrichi en spiruline, vitamines B6/B9/B12",Nécessite une cure de 3 mois minimum,"Excellent produit pour anémie et fatigue, très bien toléré",4.6,"[""Excellent"", ""nice product"", ""Je n\u2019ai pas aim\u00e9 ces comprim\u00e9s. Ils contiennent du sulfate de zinc et m\u2019ont caus\u00e9 des effets secondaires tels que des naus\u00e9es et des maux d\u2019estomac lorsque je les ai utilis\u00e9s \u00e0 jeun. Il est donc recommand\u00e9 de les prendre apr\u00e8s avoir mang\u00e9."", ""Tres bien"", ""Haja top""]",https://vital.com.tn/cdn/shop/products/mincivit-lait-anti-vergetures.jpg,https://vital.com.tn/products/mincivit-lait-anti-vergetures/,Croissance/Promo,"Produit: Vital Mincicvit Lait Anti Vergetures 250 ml
Gamme: Autres
Theme: Autre
Indications: Prévention des vergetures
Composition: 
Points positifs: Fer fumarate hautement assimilable, enrichi en spiruline, vitamines B6/B9/B12
Verdict: Excellent produit pour anémie et fatigue, très bien toléré
Avis clients: Excellent | nice product | Je n’ai pas aimé ces comprimés. Ils contiennent du sulfate de zinc et m’ont causé des effets secondaires tels que des nausées et des maux d’estomac lorsque je les ai utilisés à jeun. Il est donc recommandé de les prendre après avoir mangé."
Vital Minciligne Draineur B/30,Mincivit/Minciligne,Autre,,20.203,5.0,"Détoxification du foie, favoriser l'élimination rénale, stimuler la combustion des graisses","Chiendent, Pissenlit, Romarin, Piloselle, Konjac",Complément alimentaire pour la minceur et le drainage.,2 gélules par jour,,"Fer fumarate hautement assimilable, enrichi en spiruline, vitamines B6/B9/B12",Nécessite une cure de 3 mois minimum,"Excellent produit pour anémie et fatigue, très bien toléré",4.6,"[""Excellent"", ""nice product"", ""Je n\u2019ai pas aim\u00e9 ces comprim\u00e9s. Ils contiennent du sulfate de zinc et m\u2019ont caus\u00e9 des effets secondaires tels que des naus\u00e9es et des maux d\u2019estomac lorsque je les ai utilis\u00e9s \u00e0 jeun. Il est donc recommand\u00e9 de les prendre apr\u00e8s avoir mang\u00e9."", ""Tres bien"", ""Haja top""]",https://vital.com.tn/cdn/shop/products/minciligne-draineur-2.jpg,https://vital.com.tn/products/minciligne-draineur-2/,Croissance,"Produit: Vital Minciligne Draineur B/30
Gamme: Mincivit/Minciligne
Theme: Autre
Indications: Détoxification du foie, favoriser l'élimination rénale, stimuler la combustion des graisses
Composition: Chiendent, Pissenlit, Romarin, Piloselle, Konjac
Points positifs: Fer fumarate hautement assimilable, enrichi en spiruline, vitamines B6/B9/B12
Verdict: Excellent produit pour anémie et fatigue, très bien toléré
Avis clients: Excellent | nice product | Je n’ai pas aimé ces comprimés. Ils contiennent du sulfate de zinc et m’ont causé des effets secondaires tels que des nausées et des maux d’estomac lorsque je les ai utilisés à jeun. Il est donc recommandé de les prendre après avoir mangé."
Vital Minciligne Draineur Boite De 30,Mincivit/Minciligne,Autre,,20.203,5.0,"Détoxification du foie, favoriser l'élimination rénale, stimuler la combustion des graisses","Chiendent, Pissenlit, Romarin, Piloselle, Konjac",Complément alimentaire pour la minceur et le drainage.,2 gélules par jour,,"Fer fumarate hautement assimilable, enrichi en spiruline, vitamines B6/B9/B12",Nécessite une cure de 3 mois minimum,"Excellent produit pour anémie et fatigue, très bien toléré",4.6,"[""Excellent"", ""nice product"", ""Je n\u2019ai pas aim\u00e9 ces comprim\u00e9s. Ils contiennent du sulfate de zinc et m\u2019ont caus\u00e9 des effets secondaires tels que des naus\u00e9es et des maux d\u2019estomac lorsque je les ai utilis\u00e9s \u00e0 jeun. Il est donc recommand\u00e9 de les prendre apr\u00e8s avoir mang\u00e9."", ""Tres bien"", ""Haja top""]",,,Croissance/Promo,"Produit: Vital Minciligne Draineur Boite De 30
Gamme: Mincivit/Minciligne
Theme: Autre
Indications: Détoxification du foie, favoriser l'élimination rénale, stimuler la combustion des graisses
Composition: Chiendent, Pissenlit, Romarin, Piloselle, Konjac
Points positifs: Fer fumarate hautement assimilable, enrichi en spiruline, vitamines B6/B9/B12
Verdict: Excellent produit pour anémie et fatigue, très bien toléré
Avis clients: Excellent | nice product | Je n’ai pas aimé ces comprimés. Ils contiennent du sulfate de zinc et m’ont causé des effets secondaires tels que des nausées et des maux d’estomac lorsque je les ai utilisés à jeun. Il est donc recommandé de les prendre après avoir mangé."
Vital Minciligne Homme 20 Sachets,Mincivit/Minciligne,Autre,,24.0,5.0,"Drainer, brûler les graisses, détoxifier","Thé vierge, Ginseng, Fenouil, Chiendent, Ananas, Maté, Guarana, Psyllium, L-Carnitine",Complément alimentaire pour la minceur et le drainage.,"1 sachet par jour le matin, pur ou dilué dans 1,5 litre d'eau",,"Fer fumarate hautement assimilable, enrichi en spiruline, vitamines B6/B9/B12",Nécessite une cure de 3 mois minimum,"Excellent produit pour anémie et fatigue, très bien toléré",4.6,"[""Excellent"", ""nice product"", ""Je n\u2019ai pas aim\u00e9 ces comprim\u00e9s. Ils contiennent du sulfate de zinc et m\u2019ont caus\u00e9 des effets secondaires tels que des naus\u00e9es et des maux d\u2019estomac lorsque je les ai utilis\u00e9s \u00e0 jeun. Il est donc recommand\u00e9 de les prendre apr\u00e8s avoir mang\u00e9."", ""Tres bien"", ""Haja top""]",,,Croissance,"Produit: Vital Minciligne Homme 20 Sachets
Gamme: Mincivit/Minciligne
Theme: Autre
Indications: Drainer, brûler les graisses, détoxifier
Composition: Thé vierge, Ginseng, Fenouil, Chiendent, Ananas, Maté, Guarana, Psyllium, L-Carnitine
Points positifs: Fer fumarate hautement assimilable, enrichi en spiruline, vitamines B6/B9/B12
Verdict: Excellent produit pour anémie et fatigue, très bien toléré
Avis clients: Excellent | nice product | Je n’ai pas aimé ces comprimés. Ils contiennent du sulfate de zinc et m’ont causé des effets secondaires tels que des nausées et des maux d’estomac lorsque je les ai utilisés à jeun. Il est donc recommandé de les prendre après avoir mangé."
VITAL MINCILIGNE POSTNATALE 275ML,Mincivit/Minciligne,Articulations,,22.0,,Aider les jeunes mamans à retrouver leur silhouette après la grossesse,,Complément alimentaire pour la minceur et le drainage.,1 dose par jour,,"Fer fumarate hautement assimilable, enrichi en spiruline, vitamines B6/B9/B12",Nécessite une cure de 3 mois minimum,"Excellent produit pour anémie et fatigue, très bien toléré",4.6,"[""Excellent"", ""nice product"", ""Je n\u2019ai pas aim\u00e9 ces comprim\u00e9s. Ils contiennent du sulfate de zinc et m\u2019ont caus\u00e9 des effets secondaires tels que des naus\u00e9es et des maux d\u2019estomac lorsque je les ai utilis\u00e9s \u00e0 jeun. Il est donc recommand\u00e9 de les prendre apr\u00e8s avoir mang\u00e9."", ""Tres bien"", ""Haja top""]",https://vital.com.tn/cdn/shop/products/minciligne-postnatale.jpg,https://vital.com.tn/products/minciligne-postnatale/,Croissance/Promo,"Produit: VITAL MINCILIGNE POSTNATALE 275ML
Gamme: Mincivit/Minciligne
Theme: Articulations
Indications: Aider les jeunes mamans à retrouver leur silhouette après la grossesse
Composition: 
Points positifs: Fer fumarate hautement assimilable, enrichi en spiruline, vitamines B6/B9/B12
Verdict: Excellent produit pour anémie et fatigue, très bien toléré
Avis clients: Excellent | nice product | Je n’ai pas aimé ces comprimés. Ils contiennent du sulfate de zinc et m’ont causé des effets secondaires tels que des nausées et des maux d’estomac lorsque je les ai utilisés à jeun. Il est donc recommandé de les prendre après avoir mangé."
Vital Minciligne Vitamine 20 Sachets,Mincivit/Minciligne,Autre,,20.0,,"Drainer, brûler les graisses, détoxifier","Thé vierge, Ginseng, Fenouil, Chiendent, Ananas, Maté, Guarana, Psyllium, L-Carnitine",Complément alimentaire pour la minceur et le drainage.,"1 sachet par jour le matin, pur ou dilué dans 1,5 litre d'eau",,"Fer fumarate hautement assimilable, enrichi en spiruline, vitamines B6/B9/B12",Nécessite une cure de 3 mois minimum,"Excellent produit pour anémie et fatigue, très bien toléré",4.6,"[""Excellent"", ""nice product"", ""Je n\u2019ai pas aim\u00e9 ces comprim\u00e9s. Ils contiennent du sulfate de zinc et m\u2019ont caus\u00e9 des effets secondaires tels que des naus\u00e9es et des maux d\u2019estomac lorsque je les ai utilis\u00e9s \u00e0 jeun. Il est donc recommand\u00e9 de les prendre apr\u00e8s avoir mang\u00e9."", ""Tres bien"", ""Haja top""]",,,Croissance,"Produit: Vital Minciligne Vitamine 20 Sachets
Gamme: Mincivit/Minciligne
Theme: Autre
Indications: Drainer, brûler les graisses, détoxifier
Composition: Thé vierge, Ginseng, Fenouil, Chiendent, Ananas, Maté, Guarana, Psyllium, L-Carnitine
Points positifs: Fer fumarate hautement assimilable, enrichi en spiruline, vitamines B6/B9/B12
Verdict: Excellent produit pour anémie et fatigue, très bien toléré
Avis clients: Excellent | nice product | Je n’ai pas aimé ces comprimés. Ils contiennent du sulfate de zinc et m’ont causé des effets secondaires tels que des nausées et des maux d’estomac lorsque je les ai utilisés à jeun. Il est donc recommandé de les prendre après avoir mangé."
Vital No Stress 30 Gelules,Autres,Sommeil,,19.514,4.0,"Réduire le stress, favoriser la relaxation",,Complément alimentaire pour la relaxation et le bien-être.,2 gélules par jour,,"Fer fumarate hautement assimilable, enrichi en spiruline, vitamines B6/B9/B12",Nécessite une cure de 3 mois minimum,"Excellent produit pour anémie et fatigue, très bien toléré",4.6,"[""Excellent"", ""nice product"", ""Je n\u2019ai pas aim\u00e9 ces comprim\u00e9s. Ils contiennent du sulfate de zinc et m\u2019ont caus\u00e9 des effets secondaires tels que des naus\u00e9es et des maux d\u2019estomac lorsque je les ai utilis\u00e9s \u00e0 jeun. Il est donc recommand\u00e9 de les prendre apr\u00e8s avoir mang\u00e9."", ""Tres bien"", ""Haja top""]",,,Croissance/Promo,"Produit: Vital No Stress 30 Gelules
Gamme: Autres
Theme: Sommeil
Indications: Réduire le stress, favoriser la relaxation
Composition: 
Points positifs: Fer fumarate hautement assimilable, enrichi en spiruline, vitamines B6/B9/B12
Verdict: Excellent produit pour anémie et fatigue, très bien toléré
Avis clients: Excellent | nice product | Je n’ai pas aimé ces comprimés. Ils contiennent du sulfate de zinc et m’ont causé des effets secondaires tels que des nausées et des maux d’estomac lorsque je les ai utilisés à jeun. Il est donc recommandé de les prendre après avoir mangé."
Vital Normaprost 60 Gélules,Autres,Articulations,,47.754,4.67,Soutenir la santé de la prostate,,Complément alimentaire pour la santé masculine.,2 gélules par jour,,"Fer fumarate hautement assimilable, enrichi en spiruline, vitamines B6/B9/B12",Nécessite une cure de 3 mois minimum,"Excellent produit pour anémie et fatigue, très bien toléré",4.6,"[""Excellent"", ""nice product"", ""Je n\u2019ai pas aim\u00e9 ces comprim\u00e9s. Ils contiennent du sulfate de zinc et m\u2019ont caus\u00e9 des effets secondaires tels que des naus\u00e9es et des maux d\u2019estomac lorsque je les ai utilis\u00e9s \u00e0 jeun. Il est donc recommand\u00e9 de les prendre apr\u00e8s avoir mang\u00e9."", ""Tres bien"", ""Haja top""]",,,Croissance/Promo,"Produit: Vital Normaprost 60 Gélules
Gamme: Autres
Theme: Articulations
Indications: Soutenir la santé de la prostate
Composition: 
Points positifs: Fer fumarate hautement assimilable, enrichi en spiruline, vitamines B6/B9/B12
Verdict: Excellent produit pour anémie et fatigue, très bien toléré
Avis clients: Excellent | nice product | Je n’ai pas aimé ces comprimés. Ils contiennent du sulfate de zinc et m’ont causé des effets secondaires tels que des nausées et des maux d’estomac lorsque je les ai utilisés à jeun. Il est donc recommandé de les prendre après avoir mangé."
VITAL OLIGOVIT D3 BT 15,Oligovit,Autre,,9.0,,Renforcer l'immunité,,Complément alimentaire pour renforcer l'immunité et combler les carences.,1 gélule par jour,,"Fer fumarate hautement assimilable, enrichi en spiruline, vitamines B6/B9/B12",Nécessite une cure de 3 mois minimum,"Excellent produit pour anémie et fatigue, très bien toléré",4.6,"[""Excellent"", ""nice product"", ""Je n\u2019ai pas aim\u00e9 ces comprim\u00e9s. Ils contiennent du sulfate de zinc et m\u2019ont caus\u00e9 des effets secondaires tels que des naus\u00e9es et des maux d\u2019estomac lorsque je les ai utilis\u00e9s \u00e0 jeun. Il est donc recommand\u00e9 de les prendre apr\u00e8s avoir mang\u00e9."", ""Tres bien"", ""Haja top""]",,,Croissance,"Produit: VITAL OLIGOVIT D3 BT 15
Gamme: Oligovit
Theme: Autre
Indications: Renforcer l'immunité
Composition: 
Points positifs: Fer fumarate hautement assimilable, enrichi en spiruline, vitamines B6/B9/B12
Verdict: Excellent produit pour anémie et fatigue, très bien toléré
Avis clients: Excellent | nice product | Je n’ai pas aimé ces comprimés. Ils contiennent du sulfate de zinc et m’ont causé des effets secondaires tels que des nausées et des maux d’estomac lorsque je les ai utilisés à jeun. Il est donc recommandé de les prendre après avoir mangé."
"Vital Oligovit L-Carnitine 1000Mg,20 Sachets",Oligovit,Autre,,18.0,4.0,"Brûler les graisses, booster l'énergie",L-Carnitine,Complément alimentaire pour renforcer l'immunité et combler les carences.,1 sachet par jour,,"Fer fumarate hautement assimilable, enrichi en spiruline, vitamines B6/B9/B12",Nécessite une cure de 3 mois minimum,"Excellent produit pour anémie et fatigue, très bien toléré",4.6,"[""Excellent"", ""nice product"", ""Je n\u2019ai pas aim\u00e9 ces comprim\u00e9s. Ils contiennent du sulfate de zinc et m\u2019ont caus\u00e9 des effets secondaires tels que des naus\u00e9es et des maux d\u2019estomac lorsque je les ai utilis\u00e9s \u00e0 jeun. Il est donc recommand\u00e9 de les prendre apr\u00e8s avoir mang\u00e9."", ""Tres bien"", ""Haja top""]",https://vital.com.tn/cdn/shop/products/oligovit-l-carnitine-1000mg.jpg,https://vital.com.tn/products/oligovit-l-carnitine-1000mg/,Croissance/Promo,"Produit: Vital Oligovit L-Carnitine 1000Mg,20 Sachets
Gamme: Oligovit
Theme: Autre
Indications: Brûler les graisses, booster l'énergie
Composition: L-Carnitine
Points positifs: Fer fumarate hautement assimilable, enrichi en spiruline, vitamines B6/B9/B12
Verdict: Excellent produit pour anémie et fatigue, très bien toléré
Avis clients: Excellent | nice product | Je n’ai pas aimé ces comprimés. Ils contiennent du sulfate de zinc et m’ont causé des effets secondaires tels que des nausées et des maux d’estomac lorsque je les ai utilisés à jeun. Il est donc recommandé de les prendre après avoir mangé."
Vital Oligovit Magnesium 30 Gelules,Oligovit,Autre,,15.354,4.0,"Réduire la fatigue, équilibre nerveux et musculaire",Magnésium,Complément alimentaire pour renforcer l'immunité et combler les carences.,1 à 2 gélules par jour,,"Fer fumarate hautement assimilable, enrichi en spiruline, vitamines B6/B9/B12",Nécessite une cure de 3 mois minimum,"Excellent produit pour anémie et fatigue, très bien toléré",4.6,"[""Excellent"", ""nice product"", ""Je n\u2019ai pas aim\u00e9 ces comprim\u00e9s. Ils contiennent du sulfate de zinc et m\u2019ont caus\u00e9 des effets secondaires tels que des naus\u00e9es et des maux d\u2019estomac lorsque je les ai utilis\u00e9s \u00e0 jeun. Il est donc recommand\u00e9 de les prendre apr\u00e8s avoir mang\u00e9."", ""Tres bien"", ""Haja top""]",,,Croissance/Promo,"Produit: Vital Oligovit Magnesium 30 Gelules
Gamme: Oligovit
Theme: Autre
Indications: Réduire la fatigue, équilibre nerveux et musculaire
Composition: Magnésium
Points positifs: Fer fumarate hautement assimilable, enrichi en spiruline, vitamines B6/B9/B12
Verdict: Excellent produit pour anémie et fatigue, très bien toléré
Avis clients: Excellent | nice product | Je n’ai pas aimé ces comprimés. Ils contiennent du sulfate de zinc et m’ont causé des effets secondaires tels que des nausées et des maux d’estomac lorsque je les ai utilisés à jeun. Il est donc recommandé de les prendre après avoir mangé."
VITAL OLIGOVIT MELATONINE 15 Gelules,Oligovit,Autre,,12.0,,Troubles du sommeil,Mélatonine,Complément alimentaire pour renforcer l'immunité et combler les carences.,1 gélule avant le coucher,,"Fer fumarate hautement assimilable, enrichi en spiruline, vitamines B6/B9/B12",Nécessite une cure de 3 mois minimum,"Excellent produit pour anémie et fatigue, très bien toléré",4.6,"[""Excellent"", ""nice product"", ""Je n\u2019ai pas aim\u00e9 ces comprim\u00e9s. Ils contiennent du sulfate de zinc et m\u2019ont caus\u00e9 des effets secondaires tels que des naus\u00e9es et des maux d\u2019estomac lorsque je les ai utilis\u00e9s \u00e0 jeun. Il est donc recommand\u00e9 de les prendre apr\u00e8s avoir mang\u00e9."", ""Tres bien"", ""Haja top""]",,,Croissance,"Produit: VITAL OLIGOVIT MELATONINE 15 Gelules
Gamme: Oligovit
Theme: Autre
Indications: Troubles du sommeil
Composition: Mélatonine
Points positifs: Fer fumarate hautement assimilable, enrichi en spiruline, vitamines B6/B9/B12
Verdict: Excellent produit pour anémie et fatigue, très bien toléré
Avis clients: Excellent | nice product | Je n’ai pas aimé ces comprimés. Ils contiennent du sulfate de zinc et m’ont causé des effets secondaires tels que des nausées et des maux d’estomac lorsque je les ai utilisés à jeun. Il est donc recommandé de les prendre après avoir mangé."
Vital Oligovit Sélénium 15 Gélules,Oligovit,Autre,,31.667,4.0,"Antioxydant, protection cellulaire",Sélénium,Complément alimentaire pour renforcer l'immunité et combler les carences.,1 gélule par jour,,"Fer fumarate hautement assimilable, enrichi en spiruline, vitamines B6/B9/B12",Nécessite une cure de 3 mois minimum,"Excellent produit pour anémie et fatigue, très bien toléré",4.6,"[""Excellent"", ""nice product"", ""Je n\u2019ai pas aim\u00e9 ces comprim\u00e9s. Ils contiennent du sulfate de zinc et m\u2019ont caus\u00e9 des effets secondaires tels que des naus\u00e9es et des maux d\u2019estomac lorsque je les ai utilis\u00e9s \u00e0 jeun. Il est donc recommand\u00e9 de les prendre apr\u00e8s avoir mang\u00e9."", ""Tres bien"", ""Haja top""]",,,Croissance/Promo,"Produit: Vital Oligovit Sélénium 15 Gélules
Gamme: Oligovit
Theme: Autre
Indications: Antioxydant, protection cellulaire
Composition: Sélénium
Points positifs: Fer fumarate hautement assimilable, enrichi en spiruline, vitamines B6/B9/B12
Verdict: Excellent produit pour anémie et fatigue, très bien toléré
Avis clients: Excellent | nice product | Je n’ai pas aimé ces comprimés. Ils contiennent du sulfate de zinc et m’ont causé des effets secondaires tels que des nausées et des maux d’estomac lorsque je les ai utilisés à jeun. Il est donc recommandé de les prendre après avoir mangé."
Vital Oligovit Trio Vit.C Vit.D -Zinc Bt/30 Gellules,Oligovit,Autre,,18.0,2.0,"Défenses immunitaires, santé de la peau",Zinc,Complément alimentaire pour renforcer l'immunité et combler les carences.,1 gélule par jour,,"Fer fumarate hautement assimilable, enrichi en spiruline, vitamines B6/B9/B12",Nécessite une cure de 3 mois minimum,"Excellent produit pour anémie et fatigue, très bien toléré",4.6,"[""Excellent"", ""nice product"", ""Je n\u2019ai pas aim\u00e9 ces comprim\u00e9s. Ils contiennent du sulfate de zinc et m\u2019ont caus\u00e9 des effets secondaires tels que des naus\u00e9es et des maux d\u2019estomac lorsque je les ai utilis\u00e9s \u00e0 jeun. Il est donc recommand\u00e9 de les prendre apr\u00e8s avoir mang\u00e9."", ""Tres bien"", ""Haja top""]",,,Croissance/Promo,"Produit: Vital Oligovit Trio Vit.C Vit.D -Zinc Bt/30 Gellules
Gamme: Oligovit
Theme: Autre
Indications: Défenses immunitaires, santé de la peau
Composition: Zinc
Points positifs: Fer fumarate hautement assimilable, enrichi en spiruline, vitamines B6/B9/B12
Verdict: Excellent produit pour anémie et fatigue, très bien toléré
Avis clients: Excellent | nice product | Je n’ai pas aimé ces comprimés. Ils contiennent du sulfate de zinc et m’ont causé des effets secondaires tels que des nausées et des maux d’estomac lorsque je les ai utilisés à jeun. Il est donc recommandé de les prendre après avoir mangé."
VITAL OLIGOVIT VITAMINE B12 BT15,Oligovit,Autre,,10.0,,"Formation des globules rouges, fonctionnement du système nerveux",Vitamine B12,Complément alimentaire pour renforcer l'immunité et combler les carences.,1 gélule par jour,,"Fer fumarate hautement assimilable, enrichi en spiruline, vitamines B6/B9/B12",Nécessite une cure de 3 mois minimum,"Excellent produit pour anémie et fatigue, très bien toléré",4.6,"[""Excellent"", ""nice product"", ""Je n\u2019ai pas aim\u00e9 ces comprim\u00e9s. Ils contiennent du sulfate de zinc et m\u2019ont caus\u00e9 des effets secondaires tels que des naus\u00e9es et des maux d\u2019estomac lorsque je les ai utilis\u00e9s \u00e0 jeun. Il est donc recommand\u00e9 de les prendre apr\u00e8s avoir mang\u00e9."", ""Tres bien"", ""Haja top""]",,,Croissance,"Produit: VITAL OLIGOVIT VITAMINE B12 BT15
Gamme: Oligovit
Theme: Autre
Indications: Formation des globules rouges, fonctionnement du système nerveux
Composition: Vitamine B12
Points positifs: Fer fumarate hautement assimilable, enrichi en spiruline, vitamines B6/B9/B12
Verdict: Excellent produit pour anémie et fatigue, très bien toléré
Avis clients: Excellent | nice product | Je n’ai pas aimé ces comprimés. Ils contiennent du sulfate de zinc et m’ont causé des effets secondaires tels que des nausées et des maux d’estomac lorsque je les ai utilisés à jeun. Il est donc recommandé de les prendre après avoir mangé."
Vital Oligovit Vitamine C Bt/30,Oligovit,Autre,,5.346,4.6,"Renforcer le système immunitaire, réduire la fatigue, antioxydant, formation du collagène",Vitamine C,Complément alimentaire pour renforcer l'immunité et combler les carences.,1 gélule par jour,,"Fer fumarate hautement assimilable, enrichi en spiruline, vitamines B6/B9/B12",Nécessite une cure de 3 mois minimum,"Excellent produit pour anémie et fatigue, très bien toléré",4.6,"[""Excellent"", ""nice product"", ""Je n\u2019ai pas aim\u00e9 ces comprim\u00e9s. Ils contiennent du sulfate de zinc et m\u2019ont caus\u00e9 des effets secondaires tels que des naus\u00e9es et des maux d\u2019estomac lorsque je les ai utilis\u00e9s \u00e0 jeun. Il est donc recommand\u00e9 de les prendre apr\u00e8s avoir mang\u00e9."", ""Tres bien"", ""Haja top""]",https://vital.com.tn/cdn/shop/products/oligovitvitaminec.jpg,https://vital.com.tn/products/oligovitvitaminec/,Croissance/Promo,"Produit: Vital Oligovit Vitamine C Bt/30
Gamme: Oligovit
Theme: Autre
Indications: Renforcer le système immunitaire, réduire la fatigue, antioxydant, formation du collagène
Composition: Vitamine C
Points positifs: Fer fumarate hautement assimilable, enrichi en spiruline, vitamines B6/B9/B12
Verdict: Excellent produit pour anémie et fatigue, très bien toléré
Avis clients: Excellent | nice product | Je n’ai pas aimé ces comprimés. Ils contiennent du sulfate de zinc et m’ont causé des effets secondaires tels que des nausées et des maux d’estomac lorsque je les ai utilisés à jeun. Il est donc recommandé de les prendre après avoir mangé."
Vital Oligovit Vitamine D3 Gouttes,Oligovit,Autre,,12.0,4.0,"Santé osseuse, fonctionnement du système immunitaire",Vitamine D3,Complément alimentaire pour renforcer l'immunité et combler les carences.,1 gélule par jour,,"Fer fumarate hautement assimilable, enrichi en spiruline, vitamines B6/B9/B12",Nécessite une cure de 3 mois minimum,"Excellent produit pour anémie et fatigue, très bien toléré",4.6,"[""Excellent"", ""nice product"", ""Je n\u2019ai pas aim\u00e9 ces comprim\u00e9s. Ils contiennent du sulfate de zinc et m\u2019ont caus\u00e9 des effets secondaires tels que des naus\u00e9es et des maux d\u2019estomac lorsque je les ai utilis\u00e9s \u00e0 jeun. Il est donc recommand\u00e9 de les prendre apr\u00e8s avoir mang\u00e9."", ""Tres bien"", ""Haja top""]",,,Croissance/Promo,"Produit: Vital Oligovit Vitamine D3 Gouttes
Gamme: Oligovit
Theme: Autre
Indications: Santé osseuse, fonctionnement du système immunitaire
Composition: Vitamine D3
Points positifs: Fer fumarate hautement assimilable, enrichi en spiruline, vitamines B6/B9/B12
Verdict: Excellent produit pour anémie et fatigue, très bien toléré
Avis clients: Excellent | nice product | Je n’ai pas aimé ces comprimés. Ils contiennent du sulfate de zinc et m’ont causé des effets secondaires tels que des nausées et des maux d’estomac lorsque je les ai utilisés à jeun. Il est donc recommandé de les prendre après avoir mangé."
Vital Oligovit Vitamine E 100Mg – 30 Gelules,Oligovit,Autre,,12.0,3.83,"Antioxydant, protection cellulaire",Vitamine E,Complément alimentaire pour renforcer l'immunité et combler les carences.,1 gélule par jour,,"Fer fumarate hautement assimilable, enrichi en spiruline, vitamines B6/B9/B12",Nécessite une cure de 3 mois minimum,"Excellent produit pour anémie et fatigue, très bien toléré",4.6,"[""Excellent"", ""nice product"", ""Je n\u2019ai pas aim\u00e9 ces comprim\u00e9s. Ils contiennent du sulfate de zinc et m\u2019ont caus\u00e9 des effets secondaires tels que des naus\u00e9es et des maux d\u2019estomac lorsque je les ai utilis\u00e9s \u00e0 jeun. Il est donc recommand\u00e9 de les prendre apr\u00e8s avoir mang\u00e9."", ""Tres bien"", ""Haja top""]",,,Croissance/Promo,"Produit: Vital Oligovit Vitamine E 100Mg – 30 Gelules
Gamme: Oligovit
Theme: Autre
Indications: Antioxydant, protection cellulaire
Composition: Vitamine E
Points positifs: Fer fumarate hautement assimilable, enrichi en spiruline, vitamines B6/B9/B12
Verdict: Excellent produit pour anémie et fatigue, très bien toléré
Avis clients: Excellent | nice product | Je n’ai pas aimé ces comprimés. Ils contiennent du sulfate de zinc et m’ont causé des effets secondaires tels que des nausées et des maux d’estomac lorsque je les ai utilisés à jeun. Il est donc recommandé de les prendre après avoir mangé."
Vital Oligovit Vitamine E 200 30 Gélules,Oligovit,Autre,,16.379,3.83,"Antioxydant, protection cellulaire",Vitamine E,Complément alimentaire pour renforcer l'immunité et combler les carences.,1 gélule par jour,,"Fer fumarate hautement assimilable, enrichi en spiruline, vitamines B6/B9/B12",Nécessite une cure de 3 mois minimum,"Excellent produit pour anémie et fatigue, très bien toléré",4.6,"[""Excellent"", ""nice product"", ""Je n\u2019ai pas aim\u00e9 ces comprim\u00e9s. Ils contiennent du sulfate de zinc et m\u2019ont caus\u00e9 des effets secondaires tels que des naus\u00e9es et des maux d\u2019estomac lorsque je les ai utilis\u00e9s \u00e0 jeun. Il est donc recommand\u00e9 de les prendre apr\u00e8s avoir mang\u00e9."", ""Tres bien"", ""Haja top""]",,,Croissance/Promo,"Produit: Vital Oligovit Vitamine E 200 30 Gélules
Gamme: Oligovit
Theme: Autre
Indications: Antioxydant, protection cellulaire
Composition: Vitamine E
Points positifs: Fer fumarate hautement assimilable, enrichi en spiruline, vitamines B6/B9/B12
Verdict: Excellent produit pour anémie et fatigue, très bien toléré
Avis clients: Excellent | nice product | Je n’ai pas aimé ces comprimés. Ils contiennent du sulfate de zinc et m’ont causé des effets secondaires tels que des nausées et des maux d’estomac lorsque je les ai utilisés à jeun. Il est donc recommandé de les prendre après avoir mangé."
Vital Oligovit Vit.B12 Boite De 15 Gélules,Oligovit,Autre,,10.0,4.0,Renforcer l'immunité,,Complément alimentaire pour renforcer l'immunité et combler les carences.,1 gélule par jour,,"Fer fumarate hautement assimilable, enrichi en spiruline, vitamines B6/B9/B12",Nécessite une cure de 3 mois minimum,"Excellent produit pour anémie et fatigue, très bien toléré",4.6,"[""Excellent"", ""nice product"", ""Je n\u2019ai pas aim\u00e9 ces comprim\u00e9s. Ils contiennent du sulfate de zinc et m\u2019ont caus\u00e9 des effets secondaires tels que des naus\u00e9es et des maux d\u2019estomac lorsque je les ai utilis\u00e9s \u00e0 jeun. Il est donc recommand\u00e9 de les prendre apr\u00e8s avoir mang\u00e9."", ""Tres bien"", ""Haja top""]",,,Croissance/Promo,"Produit: Vital Oligovit Vit.B12 Boite De 15 Gélules
Gamme: Oligovit
Theme: Autre
Indications: Renforcer l'immunité
Composition: 
Points positifs: Fer fumarate hautement assimilable, enrichi en spiruline, vitamines B6/B9/B12
Verdict: Excellent produit pour anémie et fatigue, très bien toléré
Avis clients: Excellent | nice product | Je n’ai pas aimé ces comprimés. Ils contiennent du sulfate de zinc et m’ont causé des effets secondaires tels que des nausées et des maux d’estomac lorsque je les ai utilisés à jeun. Il est donc recommandé de les prendre après avoir mangé."
Vital Oligovit Zinc Bt/15 Gelules,Oligovit,Autre,,5.597,4.4,"Défenses immunitaires, santé de la peau",Zinc,Complément alimentaire pour renforcer l'immunité et combler les carences.,1 gélule par jour,,"Fer fumarate hautement assimilable, enrichi en spiruline, vitamines B6/B9/B12",Nécessite une cure de 3 mois minimum,"Excellent produit pour anémie et fatigue, très bien toléré",4.6,"[""Excellent"", ""nice product"", ""Je n\u2019ai pas aim\u00e9 ces comprim\u00e9s. Ils contiennent du sulfate de zinc et m\u2019ont caus\u00e9 des effets secondaires tels que des naus\u00e9es et des maux d\u2019estomac lorsque je les ai utilis\u00e9s \u00e0 jeun. Il est donc recommand\u00e9 de les prendre apr\u00e8s avoir mang\u00e9."", ""Tres bien"", ""Haja top""]",,,Croissance/Promo,"Produit: Vital Oligovit Zinc Bt/15 Gelules
Gamme: Oligovit
Theme: Autre
Indications: Défenses immunitaires, santé de la peau
Composition: Zinc
Points positifs: Fer fumarate hautement assimilable, enrichi en spiruline, vitamines B6/B9/B12
Verdict: Excellent produit pour anémie et fatigue, très bien toléré
Avis clients: Excellent | nice product | Je n’ai pas aimé ces comprimés. Ils contiennent du sulfate de zinc et m’ont causé des effets secondaires tels que des nausées et des maux d’estomac lorsque je les ai utilisés à jeun. Il est donc recommandé de les prendre après avoir mangé."
Vital Omevie Articulation 900 - 30 Gelules,Omevie,Articulations,,28.788,3.0,"Confort articulaire, articulation souple et confortable, soulager les douleurs arthrosiques","Oméga-3, huile essentielle de lavande, vitamine E, huile essentielle de curcuma",Complément alimentaire pour le confort articulaire à base d'oméga-3.,1 capsule par jour,,"Fer fumarate hautement assimilable, enrichi en spiruline, vitamines B6/B9/B12",Nécessite une cure de 3 mois minimum,"Excellent produit pour anémie et fatigue, très bien toléré",4.6,"[""Excellent"", ""nice product"", ""Je n\u2019ai pas aim\u00e9 ces comprim\u00e9s. Ils contiennent du sulfate de zinc et m\u2019ont caus\u00e9 des effets secondaires tels que des naus\u00e9es et des maux d\u2019estomac lorsque je les ai utilis\u00e9s \u00e0 jeun. Il est donc recommand\u00e9 de les prendre apr\u00e8s avoir mang\u00e9."", ""Tres bien"", ""Haja top""]",,,Croissance,"Produit: Vital Omevie Articulation 900 - 30 Gelules
Gamme: Omevie
Theme: Articulations
Indications: Confort articulaire, articulation souple et confortable, soulager les douleurs arthrosiques
Composition: Oméga-3, huile essentielle de lavande, vitamine E, huile essentielle de curcuma
Points positifs: Fer fumarate hautement assimilable, enrichi en spiruline, vitamines B6/B9/B12
Verdict: Excellent produit pour anémie et fatigue, très bien toléré
Avis clients: Excellent | nice product | Je n’ai pas aimé ces comprimés. Ils contiennent du sulfate de zinc et m’ont causé des effets secondaires tels que des nausées et des maux d’estomac lorsque je les ai utilisés à jeun. Il est donc recommandé de les prendre après avoir mangé."
Vital Omevie Cardio 900 - 30 Capsules,Omevie,Autre,,28.0,4.0,"Soutenir la santé cardiovasculaire, réguler le cholestérol, maintenir une tension artérielle normale","Oméga-3 (EPA, DHA), huiles essentielles de moutarde et romarin",Complément alimentaire pour la santé cardiovasculaire à base d'oméga-3 (EPA et DHA).,"1 capsule par jour avec un grand verre d'eau, de préférence au cours d'un repas",Respecter les recommandations d'un professionnel de santé en cas de suivi médical,"Fer fumarate hautement assimilable, enrichi en spiruline, vitamines B6/B9/B12",Nécessite une cure de 3 mois minimum,"Excellent produit pour anémie et fatigue, très bien toléré",4.6,"[""Excellent"", ""nice product"", ""Je n\u2019ai pas aim\u00e9 ces comprim\u00e9s. Ils contiennent du sulfate de zinc et m\u2019ont caus\u00e9 des effets secondaires tels que des naus\u00e9es et des maux d\u2019estomac lorsque je les ai utilis\u00e9s \u00e0 jeun. Il est donc recommand\u00e9 de les prendre apr\u00e8s avoir mang\u00e9."", ""Tres bien"", ""Haja top""]",,,Croissance,"Produit: Vital Omevie Cardio 900 - 30 Capsules
Gamme: Omevie
Theme: Autre
Indications: Soutenir la santé cardiovasculaire, réguler le cholestérol, maintenir une tension artérielle normale
Composition: Oméga-3 (EPA, DHA), huiles essentielles de moutarde et romarin
Points positifs: Fer fumarate hautement assimilable, enrichi en spiruline, vitamines B6/B9/B12
Verdict: Excellent produit pour anémie et fatigue, très bien toléré
Avis clients: Excellent | nice product | Je n’ai pas aimé ces comprimés. Ils contiennent du sulfate de zinc et m’ont causé des effets secondaires tels que des nausées et des maux d’estomac lorsque je les ai utilisés à jeun. Il est donc recommandé de les prendre après avoir mangé."
Vital Omevie Emotion 900 – 30 Capsules,Omevie,Autre,,35.0,5.0,"Équilibre émotionnel, bien-être","Oméga-3, vitamine E",Complément alimentaire riche en oméga-3.,1 capsule par jour,,"Fer fumarate hautement assimilable, enrichi en spiruline, vitamines B6/B9/B12",Nécessite une cure de 3 mois minimum,"Excellent produit pour anémie et fatigue, très bien toléré",4.6,"[""Excellent"", ""nice product"", ""Je n\u2019ai pas aim\u00e9 ces comprim\u00e9s. Ils contiennent du sulfate de zinc et m\u2019ont caus\u00e9 des effets secondaires tels que des naus\u00e9es et des maux d\u2019estomac lorsque je les ai utilis\u00e9s \u00e0 jeun. Il est donc recommand\u00e9 de les prendre apr\u00e8s avoir mang\u00e9."", ""Tres bien"", ""Haja top""]",,,Croissance,"Produit: Vital Omevie Emotion 900 – 30 Capsules
Gamme: Omevie
Theme: Autre
Indications: Équilibre émotionnel, bien-être
Composition: Oméga-3, vitamine E
Points positifs: Fer fumarate hautement assimilable, enrichi en spiruline, vitamines B6/B9/B12
Verdict: Excellent produit pour anémie et fatigue, très bien toléré
Avis clients: Excellent | nice product | Je n’ai pas aimé ces comprimés. Ils contiennent du sulfate de zinc et m’ont causé des effets secondaires tels que des nausées et des maux d’estomac lorsque je les ai utilisés à jeun. Il est donc recommandé de les prendre après avoir mangé."
Vital Omevie Emotion 900-30 Capsules,Omevie,Autre,,35.0,5.0,"Équilibre émotionnel, bien-être","Oméga-3, vitamine E",Complément alimentaire riche en oméga-3.,1 capsule par jour,,"Fer fumarate hautement assimilable, enrichi en spiruline, vitamines B6/B9/B12",Nécessite une cure de 3 mois minimum,"Excellent produit pour anémie et fatigue, très bien toléré",4.6,"[""Excellent"", ""nice product"", ""Je n\u2019ai pas aim\u00e9 ces comprim\u00e9s. Ils contiennent du sulfate de zinc et m\u2019ont caus\u00e9 des effets secondaires tels que des naus\u00e9es et des maux d\u2019estomac lorsque je les ai utilis\u00e9s \u00e0 jeun. Il est donc recommand\u00e9 de les prendre apr\u00e8s avoir mang\u00e9."", ""Tres bien"", ""Haja top""]",,,Croissance/Promo,"Produit: Vital Omevie Emotion 900-30 Capsules
Gamme: Omevie
Theme: Autre
Indications: Équilibre émotionnel, bien-être
Composition: Oméga-3, vitamine E
Points positifs: Fer fumarate hautement assimilable, enrichi en spiruline, vitamines B6/B9/B12
Verdict: Excellent produit pour anémie et fatigue, très bien toléré
Avis clients: Excellent | nice product | Je n’ai pas aimé ces comprimés. Ils contiennent du sulfate de zinc et m’ont causé des effets secondaires tels que des nausées et des maux d’estomac lorsque je les ai utilisés à jeun. Il est donc recommandé de les prendre après avoir mangé."
Vital Omevie Grossesse 1000 - 30 Capsules,Omevie,Articulations,,32.0,5.0,"Favoriser le développement et la croissance du fœtus, assurer le bon fonctionnement du système immunitaire","Oméga-3, vitamine E","Complément alimentaire pour le développement du fœtus, riche en oméga-3 et vitamine E.",1 capsule par jour,,"Fer fumarate hautement assimilable, enrichi en spiruline, vitamines B6/B9/B12",Nécessite une cure de 3 mois minimum,"Excellent produit pour anémie et fatigue, très bien toléré",4.6,"[""Excellent"", ""nice product"", ""Je n\u2019ai pas aim\u00e9 ces comprim\u00e9s. Ils contiennent du sulfate de zinc et m\u2019ont caus\u00e9 des effets secondaires tels que des naus\u00e9es et des maux d\u2019estomac lorsque je les ai utilis\u00e9s \u00e0 jeun. Il est donc recommand\u00e9 de les prendre apr\u00e8s avoir mang\u00e9."", ""Tres bien"", ""Haja top""]",,,Croissance,"Produit: Vital Omevie Grossesse 1000 - 30 Capsules
Gamme: Omevie
Theme: Articulations
Indications: Favoriser le développement et la croissance du fœtus, assurer le bon fonctionnement du système immunitaire
Composition: Oméga-3, vitamine E
Points positifs: Fer fumarate hautement assimilable, enrichi en spiruline, vitamines B6/B9/B12
Verdict: Excellent produit pour anémie et fatigue, très bien toléré
Avis clients: Excellent | nice product | Je n’ai pas aimé ces comprimés. Ils contiennent du sulfate de zinc et m’ont causé des effets secondaires tels que des nausées et des maux d’estomac lorsque je les ai utilisés à jeun. Il est donc recommandé de les prendre après avoir mangé."
Vital Omevie Omega 3 - 1000 - 30 Capsules,Omevie,Autre,,30.228,,"Contribuer au bon développement cérébral, maintenir une bonne vision, prévenir l'inflammation","Oméga-3, vitamine E",Complément alimentaire à base d'oméga-3 pour le développement cérébral et la vision.,1 capsule par jour,,"Fer fumarate hautement assimilable, enrichi en spiruline, vitamines B6/B9/B12",Nécessite une cure de 3 mois minimum,"Excellent produit pour anémie et fatigue, très bien toléré",4.6,"[""Excellent"", ""nice product"", ""Je n\u2019ai pas aim\u00e9 ces comprim\u00e9s. Ils contiennent du sulfate de zinc et m\u2019ont caus\u00e9 des effets secondaires tels que des naus\u00e9es et des maux d\u2019estomac lorsque je les ai utilis\u00e9s \u00e0 jeun. Il est donc recommand\u00e9 de les prendre apr\u00e8s avoir mang\u00e9."", ""Tres bien"", ""Haja top""]",,,Croissance,"Produit: Vital Omevie Omega 3 - 1000 - 30 Capsules
Gamme: Omevie
Theme: Autre
Indications: Contribuer au bon développement cérébral, maintenir une bonne vision, prévenir l'inflammation
Composition: Oméga-3, vitamine E
Points positifs: Fer fumarate hautement assimilable, enrichi en spiruline, vitamines B6/B9/B12
Verdict: Excellent produit pour anémie et fatigue, très bien toléré
Avis clients: Excellent | nice product | Je n’ai pas aimé ces comprimés. Ils contiennent du sulfate de zinc et m’ont causé des effets secondaires tels que des nausées et des maux d’estomac lorsque je les ai utilisés à jeun. Il est donc recommandé de les prendre après avoir mangé."
Vital Omevie Omega 3 – 500,Omevie,Autre,,19.054,5.0,"Santé cardiovasculaire, développement cérébral","Oméga-3, vitamine E",Complément alimentaire riche en oméga-3.,1 capsule par jour,,"Fer fumarate hautement assimilable, enrichi en spiruline, vitamines B6/B9/B12",Nécessite une cure de 3 mois minimum,"Excellent produit pour anémie et fatigue, très bien toléré",4.6,"[""Excellent"", ""nice product"", ""Je n\u2019ai pas aim\u00e9 ces comprim\u00e9s. Ils contiennent du sulfate de zinc et m\u2019ont caus\u00e9 des effets secondaires tels que des naus\u00e9es et des maux d\u2019estomac lorsque je les ai utilis\u00e9s \u00e0 jeun. Il est donc recommand\u00e9 de les prendre apr\u00e8s avoir mang\u00e9."", ""Tres bien"", ""Haja top""]",https://vital.com.tn/cdn/shop/products/omevie-omega-3-500.jpg,https://vital.com.tn/products/omevie-omega-3-500/,Croissance/Promo,"Produit: Vital Omevie Omega 3 – 500
Gamme: Omevie
Theme: Autre
Indications: Santé cardiovasculaire, développement cérébral
Composition: Oméga-3, vitamine E
Points positifs: Fer fumarate hautement assimilable, enrichi en spiruline, vitamines B6/B9/B12
Verdict: Excellent produit pour anémie et fatigue, très bien toléré
Avis clients: Excellent | nice product | Je n’ai pas aimé ces comprimés. Ils contiennent du sulfate de zinc et m’ont causé des effets secondaires tels que des nausées et des maux d’estomac lorsque je les ai utilisés à jeun. Il est donc recommandé de les prendre après avoir mangé."
VITAL OMEVIE OMEGA 3 1000 B/30,Omevie,Autre,,30.228,,"Contribuer au bon développement cérébral, maintenir une bonne vision, prévenir l'inflammation","Oméga-3, vitamine E",Complément alimentaire à base d'oméga-3 pour le développement cérébral et la vision.,1 capsule par jour,,"Fer fumarate hautement assimilable, enrichi en spiruline, vitamines B6/B9/B12",Nécessite une cure de 3 mois minimum,"Excellent produit pour anémie et fatigue, très bien toléré",4.6,"[""Excellent"", ""nice product"", ""Je n\u2019ai pas aim\u00e9 ces comprim\u00e9s. Ils contiennent du sulfate de zinc et m\u2019ont caus\u00e9 des effets secondaires tels que des naus\u00e9es et des maux d\u2019estomac lorsque je les ai utilis\u00e9s \u00e0 jeun. Il est donc recommand\u00e9 de les prendre apr\u00e8s avoir mang\u00e9."", ""Tres bien"", ""Haja top""]",,,Croissance,"Produit: VITAL OMEVIE OMEGA 3 1000 B/30
Gamme: Omevie
Theme: Autre
Indications: Contribuer au bon développement cérébral, maintenir une bonne vision, prévenir l'inflammation
Composition: Oméga-3, vitamine E
Points positifs: Fer fumarate hautement assimilable, enrichi en spiruline, vitamines B6/B9/B12
Verdict: Excellent produit pour anémie et fatigue, très bien toléré
Avis clients: Excellent | nice product | Je n’ai pas aimé ces comprimés. Ils contiennent du sulfate de zinc et m’ont causé des effets secondaires tels que des nausées et des maux d’estomac lorsque je les ai utilisés à jeun. Il est donc recommandé de les prendre après avoir mangé."
Vital Pack Minceur – Perdre 10 Kg En 60 Jours,Autres,Minceur,,108.96,4.0,"Perte de poids, minceur",,Pack minceur complet pour perdre du poids.,Suivre le programme indiqué,,"Fer fumarate hautement assimilable, enrichi en spiruline, vitamines B6/B9/B12",Nécessite une cure de 3 mois minimum,"Excellent produit pour anémie et fatigue, très bien toléré",4.6,"[""Excellent"", ""nice product"", ""Je n\u2019ai pas aim\u00e9 ces comprim\u00e9s. Ils contiennent du sulfate de zinc et m\u2019ont caus\u00e9 des effets secondaires tels que des naus\u00e9es et des maux d\u2019estomac lorsque je les ai utilis\u00e9s \u00e0 jeun. Il est donc recommand\u00e9 de les prendre apr\u00e8s avoir mang\u00e9."", ""Tres bien"", ""Haja top""]",,,Croissance/Promo,"Produit: Vital Pack Minceur – Perdre 10 Kg En 60 Jours
Gamme: Autres
Theme: Minceur
Indications: Perte de poids, minceur
Composition: 
Points positifs: Fer fumarate hautement assimilable, enrichi en spiruline, vitamines B6/B9/B12
Verdict: Excellent produit pour anémie et fatigue, très bien toléré
Avis clients: Excellent | nice product | Je n’ai pas aimé ces comprimés. Ils contiennent du sulfate de zinc et m’ont causé des effets secondaires tels que des nausées et des maux d’estomac lorsque je les ai utilisés à jeun. Il est donc recommandé de les prendre après avoir mangé."
Vital Pack Minceur – Perdre 5 Kg En 30 Jours,Autres,Minceur,,61.519,4.0,"Perte de poids, minceur",,Pack minceur complet pour perdre du poids.,Suivre le programme indiqué,,"Fer fumarate hautement assimilable, enrichi en spiruline, vitamines B6/B9/B12",Nécessite une cure de 3 mois minimum,"Excellent produit pour anémie et fatigue, très bien toléré",4.6,"[""Excellent"", ""nice product"", ""Je n\u2019ai pas aim\u00e9 ces comprim\u00e9s. Ils contiennent du sulfate de zinc et m\u2019ont caus\u00e9 des effets secondaires tels que des naus\u00e9es et des maux d\u2019estomac lorsque je les ai utilis\u00e9s \u00e0 jeun. Il est donc recommand\u00e9 de les prendre apr\u00e8s avoir mang\u00e9."", ""Tres bien"", ""Haja top""]",,,Croissance/Promo,"Produit: Vital Pack Minceur – Perdre 5 Kg En 30 Jours
Gamme: Autres
Theme: Minceur
Indications: Perte de poids, minceur
Composition: 
Points positifs: Fer fumarate hautement assimilable, enrichi en spiruline, vitamines B6/B9/B12
Verdict: Excellent produit pour anémie et fatigue, très bien toléré
Avis clients: Excellent | nice product | Je n’ai pas aimé ces comprimés. Ils contiennent du sulfate de zinc et m’ont causé des effets secondaires tels que des nausées et des maux d’estomac lorsque je les ai utilisés à jeun. Il est donc recommandé de les prendre après avoir mangé."
Vital Pack Minceur – Perdre 7 Kg En 45 Jours,Autres,Minceur,,76.9,4.0,"Perte de poids, minceur",,Pack minceur complet pour perdre du poids.,Suivre le programme indiqué,,"Fer fumarate hautement assimilable, enrichi en spiruline, vitamines B6/B9/B12",Nécessite une cure de 3 mois minimum,"Excellent produit pour anémie et fatigue, très bien toléré",4.6,"[""Excellent"", ""nice product"", ""Je n\u2019ai pas aim\u00e9 ces comprim\u00e9s. Ils contiennent du sulfate de zinc et m\u2019ont caus\u00e9 des effets secondaires tels que des naus\u00e9es et des maux d\u2019estomac lorsque je les ai utilis\u00e9s \u00e0 jeun. Il est donc recommand\u00e9 de les prendre apr\u00e8s avoir mang\u00e9."", ""Tres bien"", ""Haja top""]",,,Croissance/Promo,"Produit: Vital Pack Minceur – Perdre 7 Kg En 45 Jours
Gamme: Autres
Theme: Minceur
Indications: Perte de poids, minceur
Composition: 
Points positifs: Fer fumarate hautement assimilable, enrichi en spiruline, vitamines B6/B9/B12
Verdict: Excellent produit pour anémie et fatigue, très bien toléré
Avis clients: Excellent | nice product | Je n’ai pas aimé ces comprimés. Ils contiennent du sulfate de zinc et m’ont causé des effets secondaires tels que des nausées et des maux d’estomac lorsque je les ai utilisés à jeun. Il est donc recommandé de les prendre après avoir mangé."
Vital Pediakids Apimix Sirop 150ml,Pédiakids,Autre,,12.0,4.0,Santé et bien-être des enfants,,Produit naturel pour la santé des enfants.,Selon l'âge de l'enfant,,"Fer fumarate hautement assimilable, enrichi en spiruline, vitamines B6/B9/B12",Nécessite une cure de 3 mois minimum,"Excellent produit pour anémie et fatigue, très bien toléré",4.6,"[""Excellent"", ""nice product"", ""Je n\u2019ai pas aim\u00e9 ces comprim\u00e9s. Ils contiennent du sulfate de zinc et m\u2019ont caus\u00e9 des effets secondaires tels que des naus\u00e9es et des maux d\u2019estomac lorsque je les ai utilis\u00e9s \u00e0 jeun. Il est donc recommand\u00e9 de les prendre apr\u00e8s avoir mang\u00e9."", ""Tres bien"", ""Haja top""]",,,Croissance/Promo,"Produit: Vital Pediakids Apimix Sirop 150ml
Gamme: Pédiakids
Theme: Autre
Indications: Santé et bien-être des enfants
Composition: 
Points positifs: Fer fumarate hautement assimilable, enrichi en spiruline, vitamines B6/B9/B12
Verdict: Excellent produit pour anémie et fatigue, très bien toléré
Avis clients: Excellent | nice product | Je n’ai pas aimé ces comprimés. Ils contiennent du sulfate de zinc et m’ont causé des effets secondaires tels que des nausées et des maux d’estomac lorsque je les ai utilisés à jeun. Il est donc recommandé de les prendre après avoir mangé."
VITAL PEDIAKIDS CALCIUM & VIT D3 150 ML,Pédiakids,Autre,,12.0,5.0,Santé et bien-être des enfants,,Produit naturel pour la santé des enfants.,Selon l'âge de l'enfant,,"Fer fumarate hautement assimilable, enrichi en spiruline, vitamines B6/B9/B12",Nécessite une cure de 3 mois minimum,"Excellent produit pour anémie et fatigue, très bien toléré",4.6,"[""Excellent"", ""nice product"", ""Je n\u2019ai pas aim\u00e9 ces comprim\u00e9s. Ils contiennent du sulfate de zinc et m\u2019ont caus\u00e9 des effets secondaires tels que des naus\u00e9es et des maux d\u2019estomac lorsque je les ai utilis\u00e9s \u00e0 jeun. Il est donc recommand\u00e9 de les prendre apr\u00e8s avoir mang\u00e9."", ""Tres bien"", ""Haja top""]",https://vital.com.tn/cdn/shop/products/calcium-vit-d3.jpg,https://vital.com.tn/products/calcium-vit-d3/,Croissance,"Produit: VITAL PEDIAKIDS CALCIUM & VIT D3 150 ML
Gamme: Pédiakids
Theme: Autre
Indications: Santé et bien-être des enfants
Composition: 
Points positifs: Fer fumarate hautement assimilable, enrichi en spiruline, vitamines B6/B9/B12
Verdict: Excellent produit pour anémie et fatigue, très bien toléré
Avis clients: Excellent | nice product | Je n’ai pas aimé ces comprimés. Ils contiennent du sulfate de zinc et m’ont causé des effets secondaires tels que des nausées et des maux d’estomac lorsque je les ai utilisés à jeun. Il est donc recommandé de les prendre après avoir mangé."
VITAL PEDIAKIDS COLIGAZ GOUTTES 35ML,Pédiakids,Autre,,12.0,4.0,Santé et bien-être des enfants,,Produit naturel pour la santé des enfants.,Selon l'âge de l'enfant,,"Fer fumarate hautement assimilable, enrichi en spiruline, vitamines B6/B9/B12",Nécessite une cure de 3 mois minimum,"Excellent produit pour anémie et fatigue, très bien toléré",4.6,"[""Excellent"", ""nice product"", ""Je n\u2019ai pas aim\u00e9 ces comprim\u00e9s. Ils contiennent du sulfate de zinc et m\u2019ont caus\u00e9 des effets secondaires tels que des naus\u00e9es et des maux d\u2019estomac lorsque je les ai utilis\u00e9s \u00e0 jeun. Il est donc recommand\u00e9 de les prendre apr\u00e8s avoir mang\u00e9."", ""Tres bien"", ""Haja top""]",,,Croissance,"Produit: VITAL PEDIAKIDS COLIGAZ GOUTTES 35ML
Gamme: Pédiakids
Theme: Autre
Indications: Santé et bien-être des enfants
Composition: 
Points positifs: Fer fumarate hautement assimilable, enrichi en spiruline, vitamines B6/B9/B12
Verdict: Excellent produit pour anémie et fatigue, très bien toléré
Avis clients: Excellent | nice product | Je n’ai pas aimé ces comprimés. Ils contiennent du sulfate de zinc et m’ont causé des effets secondaires tels que des nausées et des maux d’estomac lorsque je les ai utilisés à jeun. Il est donc recommandé de les prendre après avoir mangé."
VITAL PEDIAKIDS CREME DE CHANGE 40GR,Pédiakids,Autre,,9.554,,Santé et bien-être des enfants,,Produit naturel pour la santé des enfants.,Selon l'âge de l'enfant,,"Fer fumarate hautement assimilable, enrichi en spiruline, vitamines B6/B9/B12",Nécessite une cure de 3 mois minimum,"Excellent produit pour anémie et fatigue, très bien toléré",4.6,"[""Excellent"", ""nice product"", ""Je n\u2019ai pas aim\u00e9 ces comprim\u00e9s. Ils contiennent du sulfate de zinc et m\u2019ont caus\u00e9 des effets secondaires tels que des naus\u00e9es et des maux d\u2019estomac lorsque je les ai utilis\u00e9s \u00e0 jeun. Il est donc recommand\u00e9 de les prendre apr\u00e8s avoir mang\u00e9."", ""Tres bien"", ""Haja top""]",,,Croissance,"Produit: VITAL PEDIAKIDS CREME DE CHANGE 40GR
Gamme: Pédiakids
Theme: Autre
Indications: Santé et bien-être des enfants
Composition: 
Points positifs: Fer fumarate hautement assimilable, enrichi en spiruline, vitamines B6/B9/B12
Verdict: Excellent produit pour anémie et fatigue, très bien toléré
Avis clients: Excellent | nice product | Je n’ai pas aimé ces comprimés. Ils contiennent du sulfate de zinc et m’ont causé des effets secondaires tels que des nausées et des maux d’estomac lorsque je les ai utilisés à jeun. Il est donc recommandé de les prendre après avoir mangé."
Vital Pediakids Gripe Water 150ml,Pédiakids,Autre,,12.0,4.0,Santé et bien-être des enfants,,Produit naturel pour la santé des enfants.,Selon l'âge de l'enfant,,"Fer fumarate hautement assimilable, enrichi en spiruline, vitamines B6/B9/B12",Nécessite une cure de 3 mois minimum,"Excellent produit pour anémie et fatigue, très bien toléré",4.6,"[""Excellent"", ""nice product"", ""Je n\u2019ai pas aim\u00e9 ces comprim\u00e9s. Ils contiennent du sulfate de zinc et m\u2019ont caus\u00e9 des effets secondaires tels que des naus\u00e9es et des maux d\u2019estomac lorsque je les ai utilis\u00e9s \u00e0 jeun. Il est donc recommand\u00e9 de les prendre apr\u00e8s avoir mang\u00e9."", ""Tres bien"", ""Haja top""]",,,Croissance/Promo,"Produit: Vital Pediakids Gripe Water 150ml
Gamme: Pédiakids
Theme: Autre
Indications: Santé et bien-être des enfants
Composition: 
Points positifs: Fer fumarate hautement assimilable, enrichi en spiruline, vitamines B6/B9/B12
Verdict: Excellent produit pour anémie et fatigue, très bien toléré
Avis clients: Excellent | nice product | Je n’ai pas aimé ces comprimés. Ils contiennent du sulfate de zinc et m’ont causé des effets secondaires tels que des nausées et des maux d’estomac lorsque je les ai utilisés à jeun. Il est donc recommandé de les prendre après avoir mangé."
Vital Pediakids Savon Doux 100G,Pédiakids,Autre,,12.0,,Santé et bien-être des enfants,,Produit naturel pour la santé des enfants.,Selon l'âge de l'enfant,,"Fer fumarate hautement assimilable, enrichi en spiruline, vitamines B6/B9/B12",Nécessite une cure de 3 mois minimum,"Excellent produit pour anémie et fatigue, très bien toléré",4.6,"[""Excellent"", ""nice product"", ""Je n\u2019ai pas aim\u00e9 ces comprim\u00e9s. Ils contiennent du sulfate de zinc et m\u2019ont caus\u00e9 des effets secondaires tels que des naus\u00e9es et des maux d\u2019estomac lorsque je les ai utilis\u00e9s \u00e0 jeun. Il est donc recommand\u00e9 de les prendre apr\u00e8s avoir mang\u00e9."", ""Tres bien"", ""Haja top""]",,,Croissance/Promo,"Produit: Vital Pediakids Savon Doux 100G
Gamme: Pédiakids
Theme: Autre
Indications: Santé et bien-être des enfants
Composition: 
Points positifs: Fer fumarate hautement assimilable, enrichi en spiruline, vitamines B6/B9/B12
Verdict: Excellent produit pour anémie et fatigue, très bien toléré
Avis clients: Excellent | nice product | Je n’ai pas aimé ces comprimés. Ils contiennent du sulfate de zinc et m’ont causé des effets secondaires tels que des nausées et des maux d’estomac lorsque je les ai utilisés à jeun. Il est donc recommandé de les prendre après avoir mangé."
Vital Pediakids Vomikid Sirop Citron-Peche 150ml,Pédiakids,Autre,,12.0,5.0,Soulager les nausées et vomissements,,Produit naturel pour la santé des enfants.,Selon les besoins,,"Fer fumarate hautement assimilable, enrichi en spiruline, vitamines B6/B9/B12",Nécessite une cure de 3 mois minimum,"Excellent produit pour anémie et fatigue, très bien toléré",4.6,"[""Excellent"", ""nice product"", ""Je n\u2019ai pas aim\u00e9 ces comprim\u00e9s. Ils contiennent du sulfate de zinc et m\u2019ont caus\u00e9 des effets secondaires tels que des naus\u00e9es et des maux d\u2019estomac lorsque je les ai utilis\u00e9s \u00e0 jeun. Il est donc recommand\u00e9 de les prendre apr\u00e8s avoir mang\u00e9."", ""Tres bien"", ""Haja top""]",,,Croissance/Promo,"Produit: Vital Pediakids Vomikid Sirop Citron-Peche 150ml
Gamme: Pédiakids
Theme: Autre
Indications: Soulager les nausées et vomissements
Composition: 
Points positifs: Fer fumarate hautement assimilable, enrichi en spiruline, vitamines B6/B9/B12
Verdict: Excellent produit pour anémie et fatigue, très bien toléré
Avis clients: Excellent | nice product | Je n’ai pas aimé ces comprimés. Ils contiennent du sulfate de zinc et m’ont causé des effets secondaires tels que des nausées et des maux d’estomac lorsque je les ai utilisés à jeun. Il est donc recommandé de les prendre après avoir mangé."
Vital Phytocalm 30 Gélules,Autres,Autre,,21.6,4.0,"Diminuer le stress, troubles du sommeil, spasmes gastro-intestinaux","Passiflore, Valériane, Mélisse",Complément alimentaire pour le calme et la relaxation.,3 gélules par jour,"Femme enceinte et allaitante, troubles de la thyroïde","Fer fumarate hautement assimilable, enrichi en spiruline, vitamines B6/B9/B12",Nécessite une cure de 3 mois minimum,"Excellent produit pour anémie et fatigue, très bien toléré",4.6,"[""Excellent"", ""nice product"", ""Je n\u2019ai pas aim\u00e9 ces comprim\u00e9s. Ils contiennent du sulfate de zinc et m\u2019ont caus\u00e9 des effets secondaires tels que des naus\u00e9es et des maux d\u2019estomac lorsque je les ai utilis\u00e9s \u00e0 jeun. Il est donc recommand\u00e9 de les prendre apr\u00e8s avoir mang\u00e9."", ""Tres bien"", ""Haja top""]",,,Croissance/Promo,"Produit: Vital Phytocalm 30 Gélules
Gamme: Autres
Theme: Autre
Indications: Diminuer le stress, troubles du sommeil, spasmes gastro-intestinaux
Composition: Passiflore, Valériane, Mélisse
Points positifs: Fer fumarate hautement assimilable, enrichi en spiruline, vitamines B6/B9/B12
Verdict: Excellent produit pour anémie et fatigue, très bien toléré
Avis clients: Excellent | nice product | Je n’ai pas aimé ces comprimés. Ils contiennent du sulfate de zinc et m’ont causé des effets secondaires tels que des nausées et des maux d’estomac lorsque je les ai utilisés à jeun. Il est donc recommandé de les prendre après avoir mangé."
Vital Phytodigest 150 ml,Autres,Autre,,18.658,4.0,"Faciliter la digestion, confort gastro-intestinal",,Complément alimentaire pour faciliter la digestion.,Selon les besoins,,"Fer fumarate hautement assimilable, enrichi en spiruline, vitamines B6/B9/B12",Nécessite une cure de 3 mois minimum,"Excellent produit pour anémie et fatigue, très bien toléré",4.6,"[""Excellent"", ""nice product"", ""Je n\u2019ai pas aim\u00e9 ces comprim\u00e9s. Ils contiennent du sulfate de zinc et m\u2019ont caus\u00e9 des effets secondaires tels que des naus\u00e9es et des maux d\u2019estomac lorsque je les ai utilis\u00e9s \u00e0 jeun. Il est donc recommand\u00e9 de les prendre apr\u00e8s avoir mang\u00e9."", ""Tres bien"", ""Haja top""]",,,Croissance/Promo,"Produit: Vital Phytodigest 150 ml
Gamme: Autres
Theme: Autre
Indications: Faciliter la digestion, confort gastro-intestinal
Composition: 
Points positifs: Fer fumarate hautement assimilable, enrichi en spiruline, vitamines B6/B9/B12
Verdict: Excellent produit pour anémie et fatigue, très bien toléré
Avis clients: Excellent | nice product | Je n’ai pas aimé ces comprimés. Ils contiennent du sulfate de zinc et m’ont causé des effets secondaires tels que des nausées et des maux d’estomac lorsque je les ai utilisés à jeun. Il est donc recommandé de les prendre après avoir mangé."
Vital Phytodigest 60 Gélules,Autres,Autre,,18.481,4.0,"Faciliter la digestion, confort gastro-intestinal",,Complément alimentaire pour faciliter la digestion.,Selon les besoins,,"Fer fumarate hautement assimilable, enrichi en spiruline, vitamines B6/B9/B12",Nécessite une cure de 3 mois minimum,"Excellent produit pour anémie et fatigue, très bien toléré",4.6,"[""Excellent"", ""nice product"", ""Je n\u2019ai pas aim\u00e9 ces comprim\u00e9s. Ils contiennent du sulfate de zinc et m\u2019ont caus\u00e9 des effets secondaires tels que des naus\u00e9es et des maux d\u2019estomac lorsque je les ai utilis\u00e9s \u00e0 jeun. Il est donc recommand\u00e9 de les prendre apr\u00e8s avoir mang\u00e9."", ""Tres bien"", ""Haja top""]",https://vital.com.tn/cdn/shop/products/phytodigest-2.jpg,https://vital.com.tn/products/phytodigest-2/,Croissance/Promo,"Produit: Vital Phytodigest 60 Gélules
Gamme: Autres
Theme: Autre
Indications: Faciliter la digestion, confort gastro-intestinal
Composition: 
Points positifs: Fer fumarate hautement assimilable, enrichi en spiruline, vitamines B6/B9/B12
Verdict: Excellent produit pour anémie et fatigue, très bien toléré
Avis clients: Excellent | nice product | Je n’ai pas aimé ces comprimés. Ils contiennent du sulfate de zinc et m’ont causé des effets secondaires tels que des nausées et des maux d’estomac lorsque je les ai utilisés à jeun. Il est donc recommandé de les prendre après avoir mangé."
Vital Phytol Bain De Bouche Gencives Sensible 225ml,Autres,Autre,,9.548,,Hygiène bucco-dentaire,,Produit pour l'hygiène bucco-dentaire.,Se gargariser 2-3 fois par jour,,"Fer fumarate hautement assimilable, enrichi en spiruline, vitamines B6/B9/B12",Nécessite une cure de 3 mois minimum,"Excellent produit pour anémie et fatigue, très bien toléré",4.6,"[""Excellent"", ""nice product"", ""Je n\u2019ai pas aim\u00e9 ces comprim\u00e9s. Ils contiennent du sulfate de zinc et m\u2019ont caus\u00e9 des effets secondaires tels que des naus\u00e9es et des maux d\u2019estomac lorsque je les ai utilis\u00e9s \u00e0 jeun. Il est donc recommand\u00e9 de les prendre apr\u00e8s avoir mang\u00e9."", ""Tres bien"", ""Haja top""]",https://vital.com.tn/cdn/shop/products/phytol-bain-de-bouche-gel-gencives-2.jpg,https://vital.com.tn/products/phytol-bain-de-bouche-gel-gencives-2/,Croissance/Promo,"Produit: Vital Phytol Bain De Bouche Gencives Sensible 225ml
Gamme: Autres
Theme: Autre
Indications: Hygiène bucco-dentaire
Composition: 
Points positifs: Fer fumarate hautement assimilable, enrichi en spiruline, vitamines B6/B9/B12
Verdict: Excellent produit pour anémie et fatigue, très bien toléré
Avis clients: Excellent | nice product | Je n’ai pas aimé ces comprimés. Ils contiennent du sulfate de zinc et m’ont causé des effets secondaires tels que des nausées et des maux d’estomac lorsque je les ai utilisés à jeun. Il est donc recommandé de les prendre après avoir mangé."
Vital Phytolax 20 Gélules,Autres,Autre,,9.548,4.89,Hygiène bucco-dentaire,,Produit pour l'hygiène bucco-dentaire.,Usage quotidien,,"Fer fumarate hautement assimilable, enrichi en spiruline, vitamines B6/B9/B12",Nécessite une cure de 3 mois minimum,"Excellent produit pour anémie et fatigue, très bien toléré",4.6,"[""Excellent"", ""nice product"", ""Je n\u2019ai pas aim\u00e9 ces comprim\u00e9s. Ils contiennent du sulfate de zinc et m\u2019ont caus\u00e9 des effets secondaires tels que des naus\u00e9es et des maux d\u2019estomac lorsque je les ai utilis\u00e9s \u00e0 jeun. Il est donc recommand\u00e9 de les prendre apr\u00e8s avoir mang\u00e9."", ""Tres bien"", ""Haja top""]",,,Croissance/Promo,"Produit: Vital Phytolax 20 Gélules
Gamme: Autres
Theme: Autre
Indications: Hygiène bucco-dentaire
Composition: 
Points positifs: Fer fumarate hautement assimilable, enrichi en spiruline, vitamines B6/B9/B12
Verdict: Excellent produit pour anémie et fatigue, très bien toléré
Avis clients: Excellent | nice product | Je n’ai pas aimé ces comprimés. Ils contiennent du sulfate de zinc et m’ont causé des effets secondaires tels que des nausées et des maux d’estomac lorsque je les ai utilisés à jeun. Il est donc recommandé de les prendre après avoir mangé."
VITAL PHYTOTHERA...,Phytothéra,Autre,,23.83,,Bien-être général,,Complément alimentaire à base de plantes.,2 gélules par jour,,"Fer fumarate hautement assimilable, enrichi en spiruline, vitamines B6/B9/B12",Nécessite une cure de 3 mois minimum,"Excellent produit pour anémie et fatigue, très bien toléré",4.6,"[""Excellent"", ""nice product"", ""Je n\u2019ai pas aim\u00e9 ces comprim\u00e9s. Ils contiennent du sulfate de zinc et m\u2019ont caus\u00e9 des effets secondaires tels que des naus\u00e9es et des maux d\u2019estomac lorsque je les ai utilis\u00e9s \u00e0 jeun. Il est donc recommand\u00e9 de les prendre apr\u00e8s avoir mang\u00e9."", ""Tres bien"", ""Haja top""]",,,Croissance,"Produit: VITAL PHYTOTHERA...
Gamme: Phytothéra
Theme: Autre
Indications: Bien-être général
Composition: 
Points positifs: Fer fumarate hautement assimilable, enrichi en spiruline, vitamines B6/B9/B12
Verdict: Excellent produit pour anémie et fatigue, très bien toléré
Avis clients: Excellent | nice product | Je n’ai pas aimé ces comprimés. Ils contiennent du sulfate de zinc et m’ont causé des effets secondaires tels que des nausées et des maux d’estomac lorsque je les ai utilisés à jeun. Il est donc recommandé de les prendre après avoir mangé."
Vital Phytothera Ashwagandha Adulte Gel B/60,Phytothéra,Autre,,16.9,4.83,Bien-être général,,Complément alimentaire à base de plantes.,2 gélules par jour,,"Fer fumarate hautement assimilable, enrichi en spiruline, vitamines B6/B9/B12",Nécessite une cure de 3 mois minimum,"Excellent produit pour anémie et fatigue, très bien toléré",4.6,"[""Excellent"", ""nice product"", ""Je n\u2019ai pas aim\u00e9 ces comprim\u00e9s. Ils contiennent du sulfate de zinc et m\u2019ont caus\u00e9 des effets secondaires tels que des naus\u00e9es et des maux d\u2019estomac lorsque je les ai utilis\u00e9s \u00e0 jeun. Il est donc recommand\u00e9 de les prendre apr\u00e8s avoir mang\u00e9."", ""Tres bien"", ""Haja top""]",,,Croissance/Promo,"Produit: Vital Phytothera Ashwagandha Adulte Gel B/60
Gamme: Phytothéra
Theme: Autre
Indications: Bien-être général
Composition: 
Points positifs: Fer fumarate hautement assimilable, enrichi en spiruline, vitamines B6/B9/B12
Verdict: Excellent produit pour anémie et fatigue, très bien toléré
Avis clients: Excellent | nice product | Je n’ai pas aimé ces comprimés. Ils contiennent du sulfate de zinc et m’ont causé des effets secondaires tels que des nausées et des maux d’estomac lorsque je les ai utilisés à jeun. Il est donc recommandé de les prendre après avoir mangé."
VITAL PHYTOTHERA GELEE...,Phytothéra,Autre,,37.537,,Bien-être général,,Complément alimentaire à base de plantes.,2 gélules par jour,,"Fer fumarate hautement assimilable, enrichi en spiruline, vitamines B6/B9/B12",Nécessite une cure de 3 mois minimum,"Excellent produit pour anémie et fatigue, très bien toléré",4.6,"[""Excellent"", ""nice product"", ""Je n\u2019ai pas aim\u00e9 ces comprim\u00e9s. Ils contiennent du sulfate de zinc et m\u2019ont caus\u00e9 des effets secondaires tels que des naus\u00e9es et des maux d\u2019estomac lorsque je les ai utilis\u00e9s \u00e0 jeun. Il est donc recommand\u00e9 de les prendre apr\u00e8s avoir mang\u00e9."", ""Tres bien"", ""Haja top""]",,,Croissance,"Produit: VITAL PHYTOTHERA GELEE...
Gamme: Phytothéra
Theme: Autre
Indications: Bien-être général
Composition: 
Points positifs: Fer fumarate hautement assimilable, enrichi en spiruline, vitamines B6/B9/B12
Verdict: Excellent produit pour anémie et fatigue, très bien toléré
Avis clients: Excellent | nice product | Je n’ai pas aimé ces comprimés. Ils contiennent du sulfate de zinc et m’ont causé des effets secondaires tels que des nausées et des maux d’estomac lorsque je les ai utilisés à jeun. Il est donc recommandé de les prendre après avoir mangé."
VITAL PHYTOTHERA GROSSIVIT PLUS VITAMINE SUSPENSION 150ML,Phytothéra,Articulations,,23.434,4.0,Soutien nutritionnel pendant la grossesse,Extraits végétaux pour la grossesse,Complément alimentaire à base de plantes.,2 gélules par jour,,"Fer fumarate hautement assimilable, enrichi en spiruline, vitamines B6/B9/B12",Nécessite une cure de 3 mois minimum,"Excellent produit pour anémie et fatigue, très bien toléré",4.6,"[""Excellent"", ""nice product"", ""Je n\u2019ai pas aim\u00e9 ces comprim\u00e9s. Ils contiennent du sulfate de zinc et m\u2019ont caus\u00e9 des effets secondaires tels que des naus\u00e9es et des maux d\u2019estomac lorsque je les ai utilis\u00e9s \u00e0 jeun. Il est donc recommand\u00e9 de les prendre apr\u00e8s avoir mang\u00e9."", ""Tres bien"", ""Haja top""]",,,Croissance/Promo,"Produit: VITAL PHYTOTHERA GROSSIVIT PLUS VITAMINE SUSPENSION 150ML
Gamme: Phytothéra
Theme: Articulations
Indications: Soutien nutritionnel pendant la grossesse
Composition: Extraits végétaux pour la grossesse
Points positifs: Fer fumarate hautement assimilable, enrichi en spiruline, vitamines B6/B9/B12
Verdict: Excellent produit pour anémie et fatigue, très bien toléré
Avis clients: Excellent | nice product | Je n’ai pas aimé ces comprimés. Ils contiennent du sulfate de zinc et m’ont causé des effets secondaires tels que des nausées et des maux d’estomac lorsque je les ai utilisés à jeun. Il est donc recommandé de les prendre après avoir mangé."
Vital Phytothera Grossivit Prise De Poids 60 Gelules,Phytothéra,Minceur,,26.35,4.0,Soutien nutritionnel pendant la grossesse,Extraits végétaux pour la grossesse,Complément alimentaire à base de plantes.,2 gélules par jour,,"Fer fumarate hautement assimilable, enrichi en spiruline, vitamines B6/B9/B12",Nécessite une cure de 3 mois minimum,"Excellent produit pour anémie et fatigue, très bien toléré",4.6,"[""Excellent"", ""nice product"", ""Je n\u2019ai pas aim\u00e9 ces comprim\u00e9s. Ils contiennent du sulfate de zinc et m\u2019ont caus\u00e9 des effets secondaires tels que des naus\u00e9es et des maux d\u2019estomac lorsque je les ai utilis\u00e9s \u00e0 jeun. Il est donc recommand\u00e9 de les prendre apr\u00e8s avoir mang\u00e9."", ""Tres bien"", ""Haja top""]",,,Croissance,"Produit: Vital Phytothera Grossivit Prise De Poids 60 Gelules
Gamme: Phytothéra
Theme: Minceur
Indications: Soutien nutritionnel pendant la grossesse
Composition: Extraits végétaux pour la grossesse
Points positifs: Fer fumarate hautement assimilable, enrichi en spiruline, vitamines B6/B9/B12
Verdict: Excellent produit pour anémie et fatigue, très bien toléré
Avis clients: Excellent | nice product | Je n’ai pas aimé ces comprimés. Ils contiennent du sulfate de zinc et m’ont causé des effets secondaires tels que des nausées et des maux d’estomac lorsque je les ai utilisés à jeun. Il est donc recommandé de les prendre après avoir mangé."
VITAL PHYTOTHERA HUILE DE MENTHE 65ML,Phytothéra,Autre,,5.815,4.67,"Minceur, massage",Huiles essentielles,Complément alimentaire à base de plantes.,Masser les zones concernées,,"Fer fumarate hautement assimilable, enrichi en spiruline, vitamines B6/B9/B12",Nécessite une cure de 3 mois minimum,"Excellent produit pour anémie et fatigue, très bien toléré",4.6,"[""Excellent"", ""nice product"", ""Je n\u2019ai pas aim\u00e9 ces comprim\u00e9s. Ils contiennent du sulfate de zinc et m\u2019ont caus\u00e9 des effets secondaires tels que des naus\u00e9es et des maux d\u2019estomac lorsque je les ai utilis\u00e9s \u00e0 jeun. Il est donc recommand\u00e9 de les prendre apr\u00e8s avoir mang\u00e9."", ""Tres bien"", ""Haja top""]",,,Maturité,"Produit: VITAL PHYTOTHERA HUILE DE MENTHE 65ML
Gamme: Phytothéra
Theme: Autre
Indications: Minceur, massage
Composition: Huiles essentielles
Points positifs: Fer fumarate hautement assimilable, enrichi en spiruline, vitamines B6/B9/B12
Verdict: Excellent produit pour anémie et fatigue, très bien toléré
Avis clients: Excellent | nice product | Je n’ai pas aimé ces comprimés. Ils contiennent du sulfate de zinc et m’ont causé des effets secondaires tels que des nausées et des maux d’estomac lorsque je les ai utilisés à jeun. Il est donc recommandé de les prendre après avoir mangé."
VITAL PHYTOTHERA MACA 60 GELULES,Phytothéra,Autre,,21.0,4.0,"Vitalité, équilibre hormonal",Extrait de Maca,Complément alimentaire à base de plantes.,2 gélules par jour,,"Fer fumarate hautement assimilable, enrichi en spiruline, vitamines B6/B9/B12",Nécessite une cure de 3 mois minimum,"Excellent produit pour anémie et fatigue, très bien toléré",4.6,"[""Excellent"", ""nice product"", ""Je n\u2019ai pas aim\u00e9 ces comprim\u00e9s. Ils contiennent du sulfate de zinc et m\u2019ont caus\u00e9 des effets secondaires tels que des naus\u00e9es et des maux d\u2019estomac lorsque je les ai utilis\u00e9s \u00e0 jeun. Il est donc recommand\u00e9 de les prendre apr\u00e8s avoir mang\u00e9."", ""Tres bien"", ""Haja top""]",,,Croissance,"Produit: VITAL PHYTOTHERA MACA 60 GELULES
Gamme: Phytothéra
Theme: Autre
Indications: Vitalité, équilibre hormonal
Composition: Extrait de Maca
Points positifs: Fer fumarate hautement assimilable, enrichi en spiruline, vitamines B6/B9/B12
Verdict: Excellent produit pour anémie et fatigue, très bien toléré
Avis clients: Excellent | nice product | Je n’ai pas aimé ces comprimés. Ils contiennent du sulfate de zinc et m’ont causé des effets secondaires tels que des nausées et des maux d’estomac lorsque je les ai utilisés à jeun. Il est donc recommandé de les prendre après avoir mangé."
VITAL PHYTOTHERA VINAIGRE...,Phytothéra,Autre,,19.332,,Bien-être général,,Complément alimentaire à base de plantes.,2 gélules par jour,,"Fer fumarate hautement assimilable, enrichi en spiruline, vitamines B6/B9/B12",Nécessite une cure de 3 mois minimum,"Excellent produit pour anémie et fatigue, très bien toléré",4.6,"[""Excellent"", ""nice product"", ""Je n\u2019ai pas aim\u00e9 ces comprim\u00e9s. Ils contiennent du sulfate de zinc et m\u2019ont caus\u00e9 des effets secondaires tels que des naus\u00e9es et des maux d\u2019estomac lorsque je les ai utilis\u00e9s \u00e0 jeun. Il est donc recommand\u00e9 de les prendre apr\u00e8s avoir mang\u00e9."", ""Tres bien"", ""Haja top""]",,,Croissance,"Produit: VITAL PHYTOTHERA VINAIGRE...
Gamme: Phytothéra
Theme: Autre
Indications: Bien-être général
Composition: 
Points positifs: Fer fumarate hautement assimilable, enrichi en spiruline, vitamines B6/B9/B12
Verdict: Excellent produit pour anémie et fatigue, très bien toléré
Avis clients: Excellent | nice product | Je n’ai pas aimé ces comprimés. Ils contiennent du sulfate de zinc et m’ont causé des effets secondaires tels que des nausées et des maux d’estomac lorsque je les ai utilisés à jeun. Il est donc recommandé de les prendre après avoir mangé."
Vital Phytoveine 60 Gélules,Autres,Autre,,26.197,4.0,"Soutenir la circulation veineuse, jambes lourdes",,Soin pour la circulation veineuse.,2 gélules par jour,,"Fer fumarate hautement assimilable, enrichi en spiruline, vitamines B6/B9/B12",Nécessite une cure de 3 mois minimum,"Excellent produit pour anémie et fatigue, très bien toléré",4.6,"[""Excellent"", ""nice product"", ""Je n\u2019ai pas aim\u00e9 ces comprim\u00e9s. Ils contiennent du sulfate de zinc et m\u2019ont caus\u00e9 des effets secondaires tels que des naus\u00e9es et des maux d\u2019estomac lorsque je les ai utilis\u00e9s \u00e0 jeun. Il est donc recommand\u00e9 de les prendre apr\u00e8s avoir mang\u00e9."", ""Tres bien"", ""Haja top""]",https://vital.com.tn/cdn/shop/products/phytoveine-3.jpg,https://vital.com.tn/products/phytoveine-3/,Croissance/Promo,"Produit: Vital Phytoveine 60 Gélules
Gamme: Autres
Theme: Autre
Indications: Soutenir la circulation veineuse, jambes lourdes
Composition: 
Points positifs: Fer fumarate hautement assimilable, enrichi en spiruline, vitamines B6/B9/B12
Verdict: Excellent produit pour anémie et fatigue, très bien toléré
Avis clients: Excellent | nice product | Je n’ai pas aimé ces comprimés. Ils contiennent du sulfate de zinc et m’ont causé des effets secondaires tels que des nausées et des maux d’estomac lorsque je les ai utilisés à jeun. Il est donc recommandé de les prendre après avoir mangé."
Vital Phytoveine Gel 90 Gr,Autres,Autre,,18.713,5.0,"Soutenir la circulation veineuse, jambes lourdes",,Soin pour la circulation veineuse.,Appliquer et masser les jambes,,"Fer fumarate hautement assimilable, enrichi en spiruline, vitamines B6/B9/B12",Nécessite une cure de 3 mois minimum,"Excellent produit pour anémie et fatigue, très bien toléré",4.6,"[""Excellent"", ""nice product"", ""Je n\u2019ai pas aim\u00e9 ces comprim\u00e9s. Ils contiennent du sulfate de zinc et m\u2019ont caus\u00e9 des effets secondaires tels que des naus\u00e9es et des maux d\u2019estomac lorsque je les ai utilis\u00e9s \u00e0 jeun. Il est donc recommand\u00e9 de les prendre apr\u00e8s avoir mang\u00e9."", ""Tres bien"", ""Haja top""]",,,Croissance/Promo,"Produit: Vital Phytoveine Gel 90 Gr
Gamme: Autres
Theme: Autre
Indications: Soutenir la circulation veineuse, jambes lourdes
Composition: 
Points positifs: Fer fumarate hautement assimilable, enrichi en spiruline, vitamines B6/B9/B12
Verdict: Excellent produit pour anémie et fatigue, très bien toléré
Avis clients: Excellent | nice product | Je n’ai pas aimé ces comprimés. Ils contiennent du sulfate de zinc et m’ont causé des effets secondaires tels que des nausées et des maux d’estomac lorsque je les ai utilisés à jeun. Il est donc recommandé de les prendre après avoir mangé."
Vital Phytoveine Huile 60 ml,Autres,Autre,,16.791,4.0,"Soutenir la circulation veineuse, jambes lourdes",,Soin pour la circulation veineuse.,Masser les jambes,,"Fer fumarate hautement assimilable, enrichi en spiruline, vitamines B6/B9/B12",Nécessite une cure de 3 mois minimum,"Excellent produit pour anémie et fatigue, très bien toléré",4.6,"[""Excellent"", ""nice product"", ""Je n\u2019ai pas aim\u00e9 ces comprim\u00e9s. Ils contiennent du sulfate de zinc et m\u2019ont caus\u00e9 des effets secondaires tels que des naus\u00e9es et des maux d\u2019estomac lorsque je les ai utilis\u00e9s \u00e0 jeun. Il est donc recommand\u00e9 de les prendre apr\u00e8s avoir mang\u00e9."", ""Tres bien"", ""Haja top""]",https://vital.com.tn/cdn/shop/products/lv-phytoveine-huile.jpg,https://vital.com.tn/products/lv-phytoveine-huile/,Croissance/Promo,"Produit: Vital Phytoveine Huile 60 ml
Gamme: Autres
Theme: Autre
Indications: Soutenir la circulation veineuse, jambes lourdes
Composition: 
Points positifs: Fer fumarate hautement assimilable, enrichi en spiruline, vitamines B6/B9/B12
Verdict: Excellent produit pour anémie et fatigue, très bien toléré
Avis clients: Excellent | nice product | Je n’ai pas aimé ces comprimés. Ils contiennent du sulfate de zinc et m’ont causé des effets secondaires tels que des nausées et des maux d’estomac lorsque je les ai utilisés à jeun. Il est donc recommandé de les prendre après avoir mangé."
VITAL PLANTHERAPIE ECHINACEE ZINC+VIT C 60 GELULES,Autres,Autre,,18.644,,Bien-être général,,Produit de santé et bien-être.,Selon les recommandations,,"Fer fumarate hautement assimilable, enrichi en spiruline, vitamines B6/B9/B12",Nécessite une cure de 3 mois minimum,"Excellent produit pour anémie et fatigue, très bien toléré",4.6,"[""Excellent"", ""nice product"", ""Je n\u2019ai pas aim\u00e9 ces comprim\u00e9s. Ils contiennent du sulfate de zinc et m\u2019ont caus\u00e9 des effets secondaires tels que des naus\u00e9es et des maux d\u2019estomac lorsque je les ai utilis\u00e9s \u00e0 jeun. Il est donc recommand\u00e9 de les prendre apr\u00e8s avoir mang\u00e9."", ""Tres bien"", ""Haja top""]",,,Croissance/Promo,"Produit: VITAL PLANTHERAPIE ECHINACEE ZINC+VIT C 60 GELULES
Gamme: Autres
Theme: Autre
Indications: Bien-être général
Composition: 
Points positifs: Fer fumarate hautement assimilable, enrichi en spiruline, vitamines B6/B9/B12
Verdict: Excellent produit pour anémie et fatigue, très bien toléré
Avis clients: Excellent | nice product | Je n’ai pas aimé ces comprimés. Ils contiennent du sulfate de zinc et m’ont causé des effets secondaires tels que des nausées et des maux d’estomac lorsque je les ai utilisés à jeun. Il est donc recommandé de les prendre après avoir mangé."
Vital Pommade Hemostop 45G,Autres,Articulations,,12.362,,"Hémorroïdes, soulager la douleur, réduire l'inflammation","Extrait sec de Marron d'Inde, Extrait sec d'Hamamélis, Extrait sec de Fragon",Complément alimentaire pour soulager les crises hémorroïdaires.,"2 gélules par jour, 2 à 3 gélules en cas de besoin",,"Fer fumarate hautement assimilable, enrichi en spiruline, vitamines B6/B9/B12",Nécessite une cure de 3 mois minimum,"Excellent produit pour anémie et fatigue, très bien toléré",4.6,"[""Excellent"", ""nice product"", ""Je n\u2019ai pas aim\u00e9 ces comprim\u00e9s. Ils contiennent du sulfate de zinc et m\u2019ont caus\u00e9 des effets secondaires tels que des naus\u00e9es et des maux d\u2019estomac lorsque je les ai utilis\u00e9s \u00e0 jeun. Il est donc recommand\u00e9 de les prendre apr\u00e8s avoir mang\u00e9."", ""Tres bien"", ""Haja top""]",,,Croissance/Promo,"Produit: Vital Pommade Hemostop 45G
Gamme: Autres
Theme: Articulations
Indications: Hémorroïdes, soulager la douleur, réduire l'inflammation
Composition: Extrait sec de Marron d'Inde, Extrait sec d'Hamamélis, Extrait sec de Fragon
Points positifs: Fer fumarate hautement assimilable, enrichi en spiruline, vitamines B6/B9/B12
Verdict: Excellent produit pour anémie et fatigue, très bien toléré
Avis clients: Excellent | nice product | Je n’ai pas aimé ces comprimés. Ils contiennent du sulfate de zinc et m’ont causé des effets secondaires tels que des nausées et des maux d’estomac lorsque je les ai utilisés à jeun. Il est donc recommandé de les prendre après avoir mangé."
Vital Psocalm Gel Cheveux Et Corps 200ml,Autres,Beauté/Peau,,13.8,4.5,Bien-être général,,Produit de santé et bien-être.,Selon les recommandations,,"Fer fumarate hautement assimilable, enrichi en spiruline, vitamines B6/B9/B12",Nécessite une cure de 3 mois minimum,"Excellent produit pour anémie et fatigue, très bien toléré",4.6,"[""Excellent"", ""nice product"", ""Je n\u2019ai pas aim\u00e9 ces comprim\u00e9s. Ils contiennent du sulfate de zinc et m\u2019ont caus\u00e9 des effets secondaires tels que des naus\u00e9es et des maux d\u2019estomac lorsque je les ai utilis\u00e9s \u00e0 jeun. Il est donc recommand\u00e9 de les prendre apr\u00e8s avoir mang\u00e9."", ""Tres bien"", ""Haja top""]",https://vital.com.tn/cdn/shop/products/lv-psocalm-gel-cheveux-et-corps.jpg,https://vital.com.tn/products/lv-psocalm-gel-cheveux-et-corps/,Croissance/Promo,"Produit: Vital Psocalm Gel Cheveux Et Corps 200ml
Gamme: Autres
Theme: Beauté/Peau
Indications: Bien-être général
Composition: 
Points positifs: Fer fumarate hautement assimilable, enrichi en spiruline, vitamines B6/B9/B12
Verdict: Excellent produit pour anémie et fatigue, très bien toléré
Avis clients: Excellent | nice product | Je n’ai pas aimé ces comprimés. Ils contiennent du sulfate de zinc et m’ont causé des effets secondaires tels que des nausées et des maux d’estomac lorsque je les ai utilisés à jeun. Il est donc recommandé de les prendre après avoir mangé."
Vital Savon Uniderme Peau Mixte – 90 Gr,Autres,Beauté/Peau,,6.95,5.0,Nettoyer et équilibrer les peaux mixtes,"Agents équilibrants, extraits végétaux",Savon dermatologique pour l'hygiène quotidienne.,"Usage quotidien, appliquer sur peau humide puis rincer",,"Fer fumarate hautement assimilable, enrichi en spiruline, vitamines B6/B9/B12",Nécessite une cure de 3 mois minimum,"Excellent produit pour anémie et fatigue, très bien toléré",4.6,"[""Excellent"", ""nice product"", ""Je n\u2019ai pas aim\u00e9 ces comprim\u00e9s. Ils contiennent du sulfate de zinc et m\u2019ont caus\u00e9 des effets secondaires tels que des naus\u00e9es et des maux d\u2019estomac lorsque je les ai utilis\u00e9s \u00e0 jeun. Il est donc recommand\u00e9 de les prendre apr\u00e8s avoir mang\u00e9."", ""Tres bien"", ""Haja top""]",,,Croissance/Promo,"Produit: Vital Savon Uniderme Peau Mixte – 90 Gr
Gamme: Autres
Theme: Beauté/Peau
Indications: Nettoyer et équilibrer les peaux mixtes
Composition: Agents équilibrants, extraits végétaux
Points positifs: Fer fumarate hautement assimilable, enrichi en spiruline, vitamines B6/B9/B12
Verdict: Excellent produit pour anémie et fatigue, très bien toléré
Avis clients: Excellent | nice product | Je n’ai pas aimé ces comprimés. Ils contiennent du sulfate de zinc et m’ont causé des effets secondaires tels que des nausées et des maux d’estomac lorsque je les ai utilisés à jeun. Il est donc recommandé de les prendre après avoir mangé."
Vital Savon Uniderme Peau Sèche – 90 Gr,Autres,Beauté/Peau,,6.95,4.5,Nettoyer et nourrir les peaux sensibles et fragiles,"Huile d'argan, huile de noix de coco, huile de germe de blé",Savon dermatologique pour l'hygiène quotidienne.,"Usage quotidien, appliquer sur peau humide puis rincer",,"Fer fumarate hautement assimilable, enrichi en spiruline, vitamines B6/B9/B12",Nécessite une cure de 3 mois minimum,"Excellent produit pour anémie et fatigue, très bien toléré",4.6,"[""Excellent"", ""nice product"", ""Je n\u2019ai pas aim\u00e9 ces comprim\u00e9s. Ils contiennent du sulfate de zinc et m\u2019ont caus\u00e9 des effets secondaires tels que des naus\u00e9es et des maux d\u2019estomac lorsque je les ai utilis\u00e9s \u00e0 jeun. Il est donc recommand\u00e9 de les prendre apr\u00e8s avoir mang\u00e9."", ""Tres bien"", ""Haja top""]",,,Croissance/Promo,"Produit: Vital Savon Uniderme Peau Sèche – 90 Gr
Gamme: Autres
Theme: Beauté/Peau
Indications: Nettoyer et nourrir les peaux sensibles et fragiles
Composition: Huile d'argan, huile de noix de coco, huile de germe de blé
Points positifs: Fer fumarate hautement assimilable, enrichi en spiruline, vitamines B6/B9/B12
Verdict: Excellent produit pour anémie et fatigue, très bien toléré
Avis clients: Excellent | nice product | Je n’ai pas aimé ces comprimés. Ils contiennent du sulfate de zinc et m’ont causé des effets secondaires tels que des nausées et des maux d’estomac lorsque je les ai utilisés à jeun. Il est donc recommandé de les prendre après avoir mangé."
Vital Savon Uniderme Peau Sensible – 90 Gr,Autres,Beauté/Peau,,6.453,4.7,Nettoyer en douceur les peaux sensibles et fragiles,"Base lavante végétale, agents apaisants",Savon dermatologique pour l'hygiène quotidienne.,"Usage quotidien, appliquer sur peau humide puis rincer",,"Fer fumarate hautement assimilable, enrichi en spiruline, vitamines B6/B9/B12",Nécessite une cure de 3 mois minimum,"Excellent produit pour anémie et fatigue, très bien toléré",4.6,"[""Excellent"", ""nice product"", ""Je n\u2019ai pas aim\u00e9 ces comprim\u00e9s. Ils contiennent du sulfate de zinc et m\u2019ont caus\u00e9 des effets secondaires tels que des naus\u00e9es et des maux d\u2019estomac lorsque je les ai utilis\u00e9s \u00e0 jeun. Il est donc recommand\u00e9 de les prendre apr\u00e8s avoir mang\u00e9."", ""Tres bien"", ""Haja top""]",,,Croissance/Promo,"Produit: Vital Savon Uniderme Peau Sensible – 90 Gr
Gamme: Autres
Theme: Beauté/Peau
Indications: Nettoyer en douceur les peaux sensibles et fragiles
Composition: Base lavante végétale, agents apaisants
Points positifs: Fer fumarate hautement assimilable, enrichi en spiruline, vitamines B6/B9/B12
Verdict: Excellent produit pour anémie et fatigue, très bien toléré
Avis clients: Excellent | nice product | Je n’ai pas aimé ces comprimés. Ils contiennent du sulfate de zinc et m’ont causé des effets secondaires tels que des nausées et des maux d’estomac lorsque je les ai utilisés à jeun. Il est donc recommandé de les prendre après avoir mangé."
Vital Sélénium A C E Anti-Âge,Autres,Beauté/Peau,,31.667,,Bien-être général,,Produit de santé et bien-être.,Selon les recommandations,,"Fer fumarate hautement assimilable, enrichi en spiruline, vitamines B6/B9/B12",Nécessite une cure de 3 mois minimum,"Excellent produit pour anémie et fatigue, très bien toléré",4.6,"[""Excellent"", ""nice product"", ""Je n\u2019ai pas aim\u00e9 ces comprim\u00e9s. Ils contiennent du sulfate de zinc et m\u2019ont caus\u00e9 des effets secondaires tels que des naus\u00e9es et des maux d\u2019estomac lorsque je les ai utilis\u00e9s \u00e0 jeun. Il est donc recommand\u00e9 de les prendre apr\u00e8s avoir mang\u00e9."", ""Tres bien"", ""Haja top""]",https://vital.com.tn/cdn/shop/products/lv-selenium-a-c-e-anti-age.jpg,https://vital.com.tn/products/lv-selenium-a-c-e-anti-age/,Croissance/Promo,"Produit: Vital Sélénium A C E Anti-Âge
Gamme: Autres
Theme: Beauté/Peau
Indications: Bien-être général
Composition: 
Points positifs: Fer fumarate hautement assimilable, enrichi en spiruline, vitamines B6/B9/B12
Verdict: Excellent produit pour anémie et fatigue, très bien toléré
Avis clients: Excellent | nice product | Je n’ai pas aimé ces comprimés. Ils contiennent du sulfate de zinc et m’ont causé des effets secondaires tels que des nausées et des maux d’estomac lorsque je les ai utilisés à jeun. Il est donc recommandé de les prendre après avoir mangé."
Vital Selenium Ace 30 Gélules,Autres,Autre,,31.667,4.3,Bien-être général,,Produit de santé et bien-être.,Selon les recommandations,,"Fer fumarate hautement assimilable, enrichi en spiruline, vitamines B6/B9/B12",Nécessite une cure de 3 mois minimum,"Excellent produit pour anémie et fatigue, très bien toléré",4.6,"[""Excellent"", ""nice product"", ""Je n\u2019ai pas aim\u00e9 ces comprim\u00e9s. Ils contiennent du sulfate de zinc et m\u2019ont caus\u00e9 des effets secondaires tels que des naus\u00e9es et des maux d\u2019estomac lorsque je les ai utilis\u00e9s \u00e0 jeun. Il est donc recommand\u00e9 de les prendre apr\u00e8s avoir mang\u00e9."", ""Tres bien"", ""Haja top""]",,,Croissance/Promo,"Produit: Vital Selenium Ace 30 Gélules
Gamme: Autres
Theme: Autre
Indications: Bien-être général
Composition: 
Points positifs: Fer fumarate hautement assimilable, enrichi en spiruline, vitamines B6/B9/B12
Verdict: Excellent produit pour anémie et fatigue, très bien toléré
Avis clients: Excellent | nice product | Je n’ai pas aimé ces comprimés. Ils contiennent du sulfate de zinc et m’ont causé des effets secondaires tels que des nausées et des maux d’estomac lorsque je les ai utilisés à jeun. Il est donc recommandé de les prendre après avoir mangé."
Vital Sesa Gel Cicatrice Et Reparatrice 45Gr,Autres,Autre,,13.085,,Soin des cheveux,,Soin pour les cheveux.,Appliquer sur les cheveux,,"Fer fumarate hautement assimilable, enrichi en spiruline, vitamines B6/B9/B12",Nécessite une cure de 3 mois minimum,"Excellent produit pour anémie et fatigue, très bien toléré",4.6,"[""Excellent"", ""nice product"", ""Je n\u2019ai pas aim\u00e9 ces comprim\u00e9s. Ils contiennent du sulfate de zinc et m\u2019ont caus\u00e9 des effets secondaires tels que des naus\u00e9es et des maux d\u2019estomac lorsque je les ai utilis\u00e9s \u00e0 jeun. Il est donc recommand\u00e9 de les prendre apr\u00e8s avoir mang\u00e9."", ""Tres bien"", ""Haja top""]",,,Croissance/Promo,"Produit: Vital Sesa Gel Cicatrice Et Reparatrice 45Gr
Gamme: Autres
Theme: Autre
Indications: Soin des cheveux
Composition: 
Points positifs: Fer fumarate hautement assimilable, enrichi en spiruline, vitamines B6/B9/B12
Verdict: Excellent produit pour anémie et fatigue, très bien toléré
Avis clients: Excellent | nice product | Je n’ai pas aimé ces comprimés. Ils contiennent du sulfate de zinc et m’ont causé des effets secondaires tels que des nausées et des maux d’estomac lorsque je les ai utilisés à jeun. Il est donc recommandé de les prendre après avoir mangé."
Vital Sesa Pommade Cicatrisant 55G,Autres,Autre,,20.88,5.0,Soin des cheveux,,Soin pour les cheveux.,Appliquer sur les cheveux,,"Fer fumarate hautement assimilable, enrichi en spiruline, vitamines B6/B9/B12",Nécessite une cure de 3 mois minimum,"Excellent produit pour anémie et fatigue, très bien toléré",4.6,"[""Excellent"", ""nice product"", ""Je n\u2019ai pas aim\u00e9 ces comprim\u00e9s. Ils contiennent du sulfate de zinc et m\u2019ont caus\u00e9 des effets secondaires tels que des naus\u00e9es et des maux d\u2019estomac lorsque je les ai utilis\u00e9s \u00e0 jeun. Il est donc recommand\u00e9 de les prendre apr\u00e8s avoir mang\u00e9."", ""Tres bien"", ""Haja top""]",,,Croissance/Promo,"Produit: Vital Sesa Pommade Cicatrisant 55G
Gamme: Autres
Theme: Autre
Indications: Soin des cheveux
Composition: 
Points positifs: Fer fumarate hautement assimilable, enrichi en spiruline, vitamines B6/B9/B12
Verdict: Excellent produit pour anémie et fatigue, très bien toléré
Avis clients: Excellent | nice product | Je n’ai pas aimé ces comprimés. Ils contiennent du sulfate de zinc et m’ont causé des effets secondaires tels que des nausées et des maux d’estomac lorsque je les ai utilisés à jeun. Il est donc recommandé de les prendre après avoir mangé."
Vital Spasvit 15 Gélules,Autres,Autre,,8.26,,"Soulager les spasmes gastro-intestinaux et les coliques hépatiques, équilibrer la flore intestinale",Extraits végétaux antispasmodiques,Complément alimentaire pour soulager les spasmes gastro-intestinaux et les coliques hépatiques.,2 gélules par jour,,"Fer fumarate hautement assimilable, enrichi en spiruline, vitamines B6/B9/B12",Nécessite une cure de 3 mois minimum,"Excellent produit pour anémie et fatigue, très bien toléré",4.6,"[""Excellent"", ""nice product"", ""Je n\u2019ai pas aim\u00e9 ces comprim\u00e9s. Ils contiennent du sulfate de zinc et m\u2019ont caus\u00e9 des effets secondaires tels que des naus\u00e9es et des maux d\u2019estomac lorsque je les ai utilis\u00e9s \u00e0 jeun. Il est donc recommand\u00e9 de les prendre apr\u00e8s avoir mang\u00e9."", ""Tres bien"", ""Haja top""]",https://vital.com.tn/cdn/shop/products/spasvit-gelule.jpg,https://vital.com.tn/products/spasvit-gelule/,Croissance/Promo,"Produit: Vital Spasvit 15 Gélules
Gamme: Autres
Theme: Autre
Indications: Soulager les spasmes gastro-intestinaux et les coliques hépatiques, équilibrer la flore intestinale
Composition: Extraits végétaux antispasmodiques
Points positifs: Fer fumarate hautement assimilable, enrichi en spiruline, vitamines B6/B9/B12
Verdict: Excellent produit pour anémie et fatigue, très bien toléré
Avis clients: Excellent | nice product | Je n’ai pas aimé ces comprimés. Ils contiennent du sulfate de zinc et m’ont causé des effets secondaires tels que des nausées et des maux d’estomac lorsque je les ai utilisés à jeun. Il est donc recommandé de les prendre après avoir mangé."
Vital Spiruline 60g,Autres,Autre,,21.385,4.0,Bien-être général,,Produit de santé et bien-être.,Selon les recommandations,,"Fer fumarate hautement assimilable, enrichi en spiruline, vitamines B6/B9/B12",Nécessite une cure de 3 mois minimum,"Excellent produit pour anémie et fatigue, très bien toléré",4.6,"[""Excellent"", ""nice product"", ""Je n\u2019ai pas aim\u00e9 ces comprim\u00e9s. Ils contiennent du sulfate de zinc et m\u2019ont caus\u00e9 des effets secondaires tels que des naus\u00e9es et des maux d\u2019estomac lorsque je les ai utilis\u00e9s \u00e0 jeun. Il est donc recommand\u00e9 de les prendre apr\u00e8s avoir mang\u00e9."", ""Tres bien"", ""Haja top""]",,,Croissance,"Produit: Vital Spiruline 60g
Gamme: Autres
Theme: Autre
Indications: Bien-être général
Composition: 
Points positifs: Fer fumarate hautement assimilable, enrichi en spiruline, vitamines B6/B9/B12
Verdict: Excellent produit pour anémie et fatigue, très bien toléré
Avis clients: Excellent | nice product | Je n’ai pas aimé ces comprimés. Ils contiennent du sulfate de zinc et m’ont causé des effets secondaires tels que des nausées et des maux d’estomac lorsque je les ai utilisés à jeun. Il est donc recommandé de les prendre après avoir mangé."
Vital Sweet Night Gel B/30,Autres,Autre,,15.0,5.0,Bien-être général,,Produit de santé et bien-être.,Selon les recommandations,,"Fer fumarate hautement assimilable, enrichi en spiruline, vitamines B6/B9/B12",Nécessite une cure de 3 mois minimum,"Excellent produit pour anémie et fatigue, très bien toléré",4.6,"[""Excellent"", ""nice product"", ""Je n\u2019ai pas aim\u00e9 ces comprim\u00e9s. Ils contiennent du sulfate de zinc et m\u2019ont caus\u00e9 des effets secondaires tels que des naus\u00e9es et des maux d\u2019estomac lorsque je les ai utilis\u00e9s \u00e0 jeun. Il est donc recommand\u00e9 de les prendre apr\u00e8s avoir mang\u00e9."", ""Tres bien"", ""Haja top""]",,,Croissance/Promo,"Produit: Vital Sweet Night Gel B/30
Gamme: Autres
Theme: Autre
Indications: Bien-être général
Composition: 
Points positifs: Fer fumarate hautement assimilable, enrichi en spiruline, vitamines B6/B9/B12
Verdict: Excellent produit pour anémie et fatigue, très bien toléré
Avis clients: Excellent | nice product | Je n’ai pas aimé ces comprimés. Ils contiennent du sulfate de zinc et m’ont causé des effets secondaires tels que des nausées et des maux d’estomac lorsque je les ai utilisés à jeun. Il est donc recommandé de les prendre après avoir mangé."
Vital Sweet Vitalite 30 Gummies,Autres,Autre,,16.0,4.8,Bien-être général,,Produit de santé et bien-être.,Selon les recommandations,,"Fer fumarate hautement assimilable, enrichi en spiruline, vitamines B6/B9/B12",Nécessite une cure de 3 mois minimum,"Excellent produit pour anémie et fatigue, très bien toléré",4.6,"[""Excellent"", ""nice product"", ""Je n\u2019ai pas aim\u00e9 ces comprim\u00e9s. Ils contiennent du sulfate de zinc et m\u2019ont caus\u00e9 des effets secondaires tels que des naus\u00e9es et des maux d\u2019estomac lorsque je les ai utilis\u00e9s \u00e0 jeun. Il est donc recommand\u00e9 de les prendre apr\u00e8s avoir mang\u00e9."", ""Tres bien"", ""Haja top""]",,,Croissance/Promo,"Produit: Vital Sweet Vitalite 30 Gummies
Gamme: Autres
Theme: Autre
Indications: Bien-être général
Composition: 
Points positifs: Fer fumarate hautement assimilable, enrichi en spiruline, vitamines B6/B9/B12
Verdict: Excellent produit pour anémie et fatigue, très bien toléré
Avis clients: Excellent | nice product | Je n’ai pas aimé ces comprimés. Ils contiennent du sulfate de zinc et m’ont causé des effets secondaires tels que des nausées et des maux d’estomac lorsque je les ai utilisés à jeun. Il est donc recommandé de les prendre après avoir mangé."
Vital Tabastop 30 Gélules,Autres,Autre,,27.5,,Bien-être général,,Produit de santé et bien-être.,Selon les recommandations,,"Fer fumarate hautement assimilable, enrichi en spiruline, vitamines B6/B9/B12",Nécessite une cure de 3 mois minimum,"Excellent produit pour anémie et fatigue, très bien toléré",4.6,"[""Excellent"", ""nice product"", ""Je n\u2019ai pas aim\u00e9 ces comprim\u00e9s. Ils contiennent du sulfate de zinc et m\u2019ont caus\u00e9 des effets secondaires tels que des naus\u00e9es et des maux d\u2019estomac lorsque je les ai utilis\u00e9s \u00e0 jeun. Il est donc recommand\u00e9 de les prendre apr\u00e8s avoir mang\u00e9."", ""Tres bien"", ""Haja top""]",,,Croissance/Promo,"Produit: Vital Tabastop 30 Gélules
Gamme: Autres
Theme: Autre
Indications: Bien-être général
Composition: 
Points positifs: Fer fumarate hautement assimilable, enrichi en spiruline, vitamines B6/B9/B12
Verdict: Excellent produit pour anémie et fatigue, très bien toléré
Avis clients: Excellent | nice product | Je n’ai pas aimé ces comprimés. Ils contiennent du sulfate de zinc et m’ont causé des effets secondaires tels que des nausées et des maux d’estomac lorsque je les ai utilisés à jeun. Il est donc recommandé de les prendre après avoir mangé."
VITAL TC 2000 SAVON 90GR,Autres,Autre,,13.216,,Bien-être général,,Produit de santé et bien-être.,Selon les recommandations,,"Fer fumarate hautement assimilable, enrichi en spiruline, vitamines B6/B9/B12",Nécessite une cure de 3 mois minimum,"Excellent produit pour anémie et fatigue, très bien toléré",4.6,"[""Excellent"", ""nice product"", ""Je n\u2019ai pas aim\u00e9 ces comprim\u00e9s. Ils contiennent du sulfate de zinc et m\u2019ont caus\u00e9 des effets secondaires tels que des naus\u00e9es et des maux d\u2019estomac lorsque je les ai utilis\u00e9s \u00e0 jeun. Il est donc recommand\u00e9 de les prendre apr\u00e8s avoir mang\u00e9."", ""Tres bien"", ""Haja top""]",,,Croissance,"Produit: VITAL TC 2000 SAVON 90GR
Gamme: Autres
Theme: Autre
Indications: Bien-être général
Composition: 
Points positifs: Fer fumarate hautement assimilable, enrichi en spiruline, vitamines B6/B9/B12
Verdict: Excellent produit pour anémie et fatigue, très bien toléré
Avis clients: Excellent | nice product | Je n’ai pas aimé ces comprimés. Ils contiennent du sulfate de zinc et m’ont causé des effets secondaires tels que des nausées et des maux d’estomac lorsque je les ai utilisés à jeun. Il est donc recommandé de les prendre après avoir mangé."
Vital Tidol Gel De Massage Chauffant 45Gr,Autres,Autre,,7.03,,Bien-être général,,Produit de santé et bien-être.,Selon les recommandations,,"Fer fumarate hautement assimilable, enrichi en spiruline, vitamines B6/B9/B12",Nécessite une cure de 3 mois minimum,"Excellent produit pour anémie et fatigue, très bien toléré",4.6,"[""Excellent"", ""nice product"", ""Je n\u2019ai pas aim\u00e9 ces comprim\u00e9s. Ils contiennent du sulfate de zinc et m\u2019ont caus\u00e9 des effets secondaires tels que des naus\u00e9es et des maux d\u2019estomac lorsque je les ai utilis\u00e9s \u00e0 jeun. Il est donc recommand\u00e9 de les prendre apr\u00e8s avoir mang\u00e9."", ""Tres bien"", ""Haja top""]",https://vital.com.tn/cdn/shop/products/tidol-gel-de-massage-chauffant.jpg,https://vital.com.tn/products/tidol-gel-de-massage-chauffant/,Croissance/Promo,"Produit: Vital Tidol Gel De Massage Chauffant 45Gr
Gamme: Autres
Theme: Autre
Indications: Bien-être général
Composition: 
Points positifs: Fer fumarate hautement assimilable, enrichi en spiruline, vitamines B6/B9/B12
Verdict: Excellent produit pour anémie et fatigue, très bien toléré
Avis clients: Excellent | nice product | Je n’ai pas aimé ces comprimés. Ils contiennent du sulfate de zinc et m’ont causé des effets secondaires tels que des nausées et des maux d’estomac lorsque je les ai utilisés à jeun. Il est donc recommandé de les prendre après avoir mangé."
Vital Uniderm Crème Anti-Taches 45Gr,Autres,Autre,,21.609,,"Éclaircir la peau, atténuer les taches","Extrait de busserole, agents éclaircissants",Savon dermatologique pour l'hygiène quotidienne.,"Usage quotidien, appliquer sur peau humide puis rincer",,"Fer fumarate hautement assimilable, enrichi en spiruline, vitamines B6/B9/B12",Nécessite une cure de 3 mois minimum,"Excellent produit pour anémie et fatigue, très bien toléré",4.6,"[""Excellent"", ""nice product"", ""Je n\u2019ai pas aim\u00e9 ces comprim\u00e9s. Ils contiennent du sulfate de zinc et m\u2019ont caus\u00e9 des effets secondaires tels que des naus\u00e9es et des maux d\u2019estomac lorsque je les ai utilis\u00e9s \u00e0 jeun. Il est donc recommand\u00e9 de les prendre apr\u00e8s avoir mang\u00e9."", ""Tres bien"", ""Haja top""]",,,Croissance/Promo,"Produit: Vital Uniderm Crème Anti-Taches 45Gr
Gamme: Autres
Theme: Autre
Indications: Éclaircir la peau, atténuer les taches
Composition: Extrait de busserole, agents éclaircissants
Points positifs: Fer fumarate hautement assimilable, enrichi en spiruline, vitamines B6/B9/B12
Verdict: Excellent produit pour anémie et fatigue, très bien toléré
Avis clients: Excellent | nice product | Je n’ai pas aimé ces comprimés. Ils contiennent du sulfate de zinc et m’ont causé des effets secondaires tels que des nausées et des maux d’estomac lorsque je les ai utilisés à jeun. Il est donc recommandé de les prendre après avoir mangé."
Vital Uniderme Savon Atténue Les Taches – 90 Gr,Autres,Autre,,7.676,4.5,"Éclaircir la peau, atténuer les taches","Extrait de busserole, agents éclaircissants",Savon dermatologique pour l'hygiène quotidienne.,"Usage quotidien, appliquer sur peau humide puis rincer",,"Fer fumarate hautement assimilable, enrichi en spiruline, vitamines B6/B9/B12",Nécessite une cure de 3 mois minimum,"Excellent produit pour anémie et fatigue, très bien toléré",4.6,"[""Excellent"", ""nice product"", ""Je n\u2019ai pas aim\u00e9 ces comprim\u00e9s. Ils contiennent du sulfate de zinc et m\u2019ont caus\u00e9 des effets secondaires tels que des naus\u00e9es et des maux d\u2019estomac lorsque je les ai utilis\u00e9s \u00e0 jeun. Il est donc recommand\u00e9 de les prendre apr\u00e8s avoir mang\u00e9."", ""Tres bien"", ""Haja top""]",,,Croissance/Promo,"Produit: Vital Uniderme Savon Atténue Les Taches – 90 Gr
Gamme: Autres
Theme: Autre
Indications: Éclaircir la peau, atténuer les taches
Composition: Extrait de busserole, agents éclaircissants
Points positifs: Fer fumarate hautement assimilable, enrichi en spiruline, vitamines B6/B9/B12
Verdict: Excellent produit pour anémie et fatigue, très bien toléré
Avis clients: Excellent | nice product | Je n’ai pas aimé ces comprimés. Ils contiennent du sulfate de zinc et m’ont causé des effets secondaires tels que des nausées et des maux d’estomac lorsque je les ai utilisés à jeun. Il est donc recommandé de les prendre après avoir mangé."
Vital Vaseline Salicylée 2% 40G,Autres,Autre,,6.5,,Bien-être général,,Produit de santé et bien-être.,Selon les recommandations,,"Fer fumarate hautement assimilable, enrichi en spiruline, vitamines B6/B9/B12",Nécessite une cure de 3 mois minimum,"Excellent produit pour anémie et fatigue, très bien toléré",4.6,"[""Excellent"", ""nice product"", ""Je n\u2019ai pas aim\u00e9 ces comprim\u00e9s. Ils contiennent du sulfate de zinc et m\u2019ont caus\u00e9 des effets secondaires tels que des naus\u00e9es et des maux d\u2019estomac lorsque je les ai utilis\u00e9s \u00e0 jeun. Il est donc recommand\u00e9 de les prendre apr\u00e8s avoir mang\u00e9."", ""Tres bien"", ""Haja top""]",https://vital.com.tn/cdn/shop/products/vaseline-salicylee-2.jpg,https://vital.com.tn/products/vaseline-salicylee-2/,Croissance/Promo,"Produit: Vital Vaseline Salicylée 2% 40G
Gamme: Autres
Theme: Autre
Indications: Bien-être général
Composition: 
Points positifs: Fer fumarate hautement assimilable, enrichi en spiruline, vitamines B6/B9/B12
Verdict: Excellent produit pour anémie et fatigue, très bien toléré
Avis clients: Excellent | nice product | Je n’ai pas aimé ces comprimés. Ils contiennent du sulfate de zinc et m’ont causé des effets secondaires tels que des nausées et des maux d’estomac lorsque je les ai utilisés à jeun. Il est donc recommandé de les prendre après avoir mangé."
Vital V-Carbon Bt/30,Autres,Autre,,15.0,4.89,Bien-être général,,Produit de santé et bien-être.,Selon les recommandations,,"Fer fumarate hautement assimilable, enrichi en spiruline, vitamines B6/B9/B12",Nécessite une cure de 3 mois minimum,"Excellent produit pour anémie et fatigue, très bien toléré",4.6,"[""Excellent"", ""nice product"", ""Je n\u2019ai pas aim\u00e9 ces comprim\u00e9s. Ils contiennent du sulfate de zinc et m\u2019ont caus\u00e9 des effets secondaires tels que des naus\u00e9es et des maux d\u2019estomac lorsque je les ai utilis\u00e9s \u00e0 jeun. Il est donc recommand\u00e9 de les prendre apr\u00e8s avoir mang\u00e9."", ""Tres bien"", ""Haja top""]",,,Maturité,"Produit: Vital V-Carbon Bt/30
Gamme: Autres
Theme: Autre
Indications: Bien-être général
Composition: 
Points positifs: Fer fumarate hautement assimilable, enrichi en spiruline, vitamines B6/B9/B12
Verdict: Excellent produit pour anémie et fatigue, très bien toléré
Avis clients: Excellent | nice product | Je n’ai pas aimé ces comprimés. Ils contiennent du sulfate de zinc et m’ont causé des effets secondaires tels que des nausées et des maux d’estomac lorsque je les ai utilisés à jeun. Il est donc recommandé de les prendre après avoir mangé."
Vital Viamen 15 Gélules,Autres,Autre,,26.853,4.0,Bien-être général,,Produit de santé et bien-être.,Selon les recommandations,,"Fer fumarate hautement assimilable, enrichi en spiruline, vitamines B6/B9/B12",Nécessite une cure de 3 mois minimum,"Excellent produit pour anémie et fatigue, très bien toléré",4.6,"[""Excellent"", ""nice product"", ""Je n\u2019ai pas aim\u00e9 ces comprim\u00e9s. Ils contiennent du sulfate de zinc et m\u2019ont caus\u00e9 des effets secondaires tels que des naus\u00e9es et des maux d\u2019estomac lorsque je les ai utilis\u00e9s \u00e0 jeun. Il est donc recommand\u00e9 de les prendre apr\u00e8s avoir mang\u00e9."", ""Tres bien"", ""Haja top""]",,,Croissance/Promo,"Produit: Vital Viamen 15 Gélules
Gamme: Autres
Theme: Autre
Indications: Bien-être général
Composition: 
Points positifs: Fer fumarate hautement assimilable, enrichi en spiruline, vitamines B6/B9/B12
Verdict: Excellent produit pour anémie et fatigue, très bien toléré
Avis clients: Excellent | nice product | Je n’ai pas aimé ces comprimés. Ils contiennent du sulfate de zinc et m’ont causé des effets secondaires tels que des nausées et des maux d’estomac lorsque je les ai utilisés à jeun. Il est donc recommandé de les prendre après avoir mangé."
Vital Vitamine D3 – 30 Gélules,Autres,Autre,,19.192,4.7,Bien-être général,,Produit de santé et bien-être.,Selon les recommandations,,"Fer fumarate hautement assimilable, enrichi en spiruline, vitamines B6/B9/B12",Nécessite une cure de 3 mois minimum,"Excellent produit pour anémie et fatigue, très bien toléré",4.6,"[""Excellent"", ""nice product"", ""Je n\u2019ai pas aim\u00e9 ces comprim\u00e9s. Ils contiennent du sulfate de zinc et m\u2019ont caus\u00e9 des effets secondaires tels que des naus\u00e9es et des maux d\u2019estomac lorsque je les ai utilis\u00e9s \u00e0 jeun. Il est donc recommand\u00e9 de les prendre apr\u00e8s avoir mang\u00e9."", ""Tres bien"", ""Haja top""]",,,Croissance/Promo,"Produit: Vital Vitamine D3 – 30 Gélules
Gamme: Autres
Theme: Autre
Indications: Bien-être général
Composition: 
Points positifs: Fer fumarate hautement assimilable, enrichi en spiruline, vitamines B6/B9/B12
Verdict: Excellent produit pour anémie et fatigue, très bien toléré
Avis clients: Excellent | nice product | Je n’ai pas aimé ces comprimés. Ils contiennent du sulfate de zinc et m’ont causé des effets secondaires tels que des nausées et des maux d’estomac lorsque je les ai utilisés à jeun. Il est donc recommandé de les prendre après avoir mangé."
VITAL VITONIC ALLAITEMENT...,Vitonic,Autre,,22.084,,,,"VITAL VITONIC ALLAITEMENT... Prix 27,989 TND 5 5 5 5 Ajouter au panier",,,"Fer fumarate hautement assimilable, enrichi en spiruline, vitamines B6/B9/B12",Nécessite une cure de 3 mois minimum,"Excellent produit pour anémie et fatigue, très bien toléré",4.6,"[""Excellent"", ""nice product"", ""Je n\u2019ai pas aim\u00e9 ces comprim\u00e9s. Ils contiennent du sulfate de zinc et m\u2019ont caus\u00e9 des effets secondaires tels que des naus\u00e9es et des maux d\u2019estomac lorsque je les ai utilis\u00e9s \u00e0 jeun. Il est donc recommand\u00e9 de les prendre apr\u00e8s avoir mang\u00e9."", ""Tres bien"", ""Haja top""]",https://vital.com.tn/cdn/shop/products/vitonic-allaitement-2.jpg,https://vital.com.tn/products/vitonic-allaitement-2/,Croissance,"Produit: VITAL VITONIC ALLAITEMENT...
Gamme: Vitonic
Theme: Autre
Indications: 
Composition: 
Points positifs: Fer fumarate hautement assimilable, enrichi en spiruline, vitamines B6/B9/B12
Verdict: Excellent produit pour anémie et fatigue, très bien toléré
Avis clients: Excellent | nice product | Je n’ai pas aimé ces comprimés. Ils contiennent du sulfate de zinc et m’ont causé des effets secondaires tels que des nausées et des maux d’estomac lorsque je les ai utilisés à jeun. Il est donc recommandé de les prendre après avoir mangé."
Vital Vitonic Booster Vitalite 30 Gelules,Vitonic,Articulations,,17.5,4.0,Bien-être général,,Produit de santé et bien-être.,Selon les recommandations,,"Fer fumarate hautement assimilable, enrichi en spiruline, vitamines B6/B9/B12",Nécessite une cure de 3 mois minimum,"Excellent produit pour anémie et fatigue, très bien toléré",4.6,"[""Excellent"", ""nice product"", ""Je n\u2019ai pas aim\u00e9 ces comprim\u00e9s. Ils contiennent du sulfate de zinc et m\u2019ont caus\u00e9 des effets secondaires tels que des naus\u00e9es et des maux d\u2019estomac lorsque je les ai utilis\u00e9s \u00e0 jeun. Il est donc recommand\u00e9 de les prendre apr\u00e8s avoir mang\u00e9."", ""Tres bien"", ""Haja top""]",,,Croissance/Promo,"Produit: Vital Vitonic Booster Vitalite 30 Gelules
Gamme: Vitonic
Theme: Articulations
Indications: Bien-être général
Composition: 
Points positifs: Fer fumarate hautement assimilable, enrichi en spiruline, vitamines B6/B9/B12
Verdict: Excellent produit pour anémie et fatigue, très bien toléré
Avis clients: Excellent | nice product | Je n’ai pas aimé ces comprimés. Ils contiennent du sulfate de zinc et m’ont causé des effets secondaires tels que des nausées et des maux d’estomac lorsque je les ai utilisés à jeun. Il est donc recommandé de les prendre après avoir mangé."
Vital Vitosine Eosine Aqueuse 2% Spray 30ml,Autres,Articulations,,5.4,,Bien-être général,,Produit de santé et bien-être.,Selon les recommandations,,"Fer fumarate hautement assimilable, enrichi en spiruline, vitamines B6/B9/B12",Nécessite une cure de 3 mois minimum,"Excellent produit pour anémie et fatigue, très bien toléré",4.6,"[""Excellent"", ""nice product"", ""Je n\u2019ai pas aim\u00e9 ces comprim\u00e9s. Ils contiennent du sulfate de zinc et m\u2019ont caus\u00e9 des effets secondaires tels que des naus\u00e9es et des maux d\u2019estomac lorsque je les ai utilis\u00e9s \u00e0 jeun. Il est donc recommand\u00e9 de les prendre apr\u00e8s avoir mang\u00e9."", ""Tres bien"", ""Haja top""]",https://vital.com.tn/cdn/shop/products/vitosine-eosine-aqueuse-2.jpg,https://vital.com.tn/products/vitosine-eosine-aqueuse-2/,Croissance/Promo,"Produit: Vital Vitosine Eosine Aqueuse 2% Spray 30ml
Gamme: Autres
Theme: Articulations
Indications: Bien-être général
Composition: 
Points positifs: Fer fumarate hautement assimilable, enrichi en spiruline, vitamines B6/B9/B12
Verdict: Excellent produit pour anémie et fatigue, très bien toléré
Avis clients: Excellent | nice product | Je n’ai pas aimé ces comprimés. Ils contiennent du sulfate de zinc et m’ont causé des effets secondaires tels que des nausées et des maux d’estomac lorsque je les ai utilisés à jeun. Il est donc recommandé de les prendre après avoir mangé."
VITAMINE D3 VITAL 30 GÉLULES,Autres,Autre,,19.192,4.67,,,"Laboratoires VITAL VITAMINE D3 VITAL 30 GÉLULES Prix 19,192 TND 5 5 5 5 Ajouter au panier",,,"Dosage optimal 320mg, forme acérola disponible, antioxydant puissant",Peut être insuffisant en cas de carence sévère,Produit fiable pour l'immunité et la vitalité quotidienne,4.6,"[""Tres bien"", ""Haja top"", ""Efficace"", ""the best"", ""Excellent rapport qualit\u00e9 prix""]",,,Croissance,"Produit: VITAMINE D3 VITAL 30 GÉLULES
Gamme: Autres
Theme: Autre
Indications: 
Composition: 
Points positifs: Dosage optimal 320mg, forme acérola disponible, antioxydant puissant
Verdict: Produit fiable pour l'immunité et la vitalité quotidienne
Avis clients: Tres bien | Haja top | Efficace"
Vitonic Allaitement,Vitonic,Autre,Gélule,22.084,,"– Stimule la montée laiteuse
– Favorise une bonne qualité du lait maternel
– Réponds aux besoins spécifiques de la femme allaitante
– Palie certaines carences en vitamine","Vitamines: C,A,D,B6,B2,B1,B9,B12,B5, Calcium, Fer, Extrait sec de Galega officinalis, Probiotiques",Boite de 45 gélules,"3 gélules par jour, au moment des repas",Aucune,"Fer, Oméga-3, Vitamines B, Iode, Probiotiques",Nécessite prise quotidienne régulière,Formule complète et adaptée aux besoins grossesse,4.5,[],https://vital.com.tn/cdn/shop/products/vitonic-allaitement-2.jpg,https://vital.com.tn/products/vitonic-allaitement-2/,Croissance,"Produit: Vitonic Allaitement
Gamme: Vitonic
Theme: Autre
Indications: – Stimule la montée laiteuse
– Favorise une bonne qualité du lait maternel
– Réponds aux besoins spécifiques de la femme allaitante
– Palie certaines carences en vitamine
Composition: Vitamines: C,A,D,B6,B2,B1,B9,B12,B5, Calcium, Fer, Extrait sec de Galega officinalis, Probiotiques
Points positifs: Fer, Oméga-3, Vitamines B, Iode, Probiotiques
Verdict: Formule complète et adaptée aux besoins grossesse
Avis clients: "
VITONIC ALLAITEMENT – 45 Gelules,Vitonic,Autre,,22.084,,Bien-être général,,Produit de santé et bien-être.,Selon les recommandations,,"Fer, Oméga-3, Vitamines B, Iode, Probiotiques",Nécessite prise quotidienne régulière,Formule complète et adaptée aux besoins grossesse,4.5,"[""Excellent"", ""nice product"", ""Je n\u2019ai pas aim\u00e9 ces comprim\u00e9s. Ils contiennent du sulfate de zinc et m\u2019ont caus\u00e9 des effets secondaires tels que des naus\u00e9es et des maux d\u2019estomac lorsque je les ai utilis\u00e9s \u00e0 jeun. Il est donc recommand\u00e9 de les prendre apr\u00e8s avoir mang\u00e9.""]",,,Croissance,"Produit: VITONIC ALLAITEMENT – 45 Gelules
Gamme: Vitonic
Theme: Autre
Indications: Bien-être général
Composition: 
Points positifs: Fer, Oméga-3, Vitamines B, Iode, Probiotiques
Verdict: Formule complète et adaptée aux besoins grossesse
Avis clients: Excellent | nice product | Je n’ai pas aimé ces comprimés. Ils contiennent du sulfate de zinc et m’ont causé des effets secondaires tels que des nausées et des maux d’estomac lorsque je les ai utilisés à jeun. Il est donc recommandé de les prendre après avoir mangé."
Vitonic Allaitement 45 Gélules,Vitonic,Autre,,22.084,4.9,Bien-être général,,Produit de santé et bien-être.,Selon les recommandations,,"Fer, Oméga-3, Vitamines B, Iode, Probiotiques",Nécessite prise quotidienne régulière,Formule complète et adaptée aux besoins grossesse,4.5,"[""Good quality."", ""Bon Produit"", ""Bon produit . aide a rester en forme"", ""Bon rapport qualit\u00e9 prix"", ""Good quality. top""]",https://vital.com.tn/cdn/shop/products/vitonic-allaitement-2.jpg,https://vital.com.tn/products/vitonic-allaitement-2/,Croissance/Promo,"Produit: Vitonic Allaitement 45 Gélules
Gamme: Vitonic
Theme: Autre
Indications: Bien-être général
Composition: 
Points positifs: Fer, Oméga-3, Vitamines B, Iode, Probiotiques
Verdict: Formule complète et adaptée aux besoins grossesse
Avis clients: Good quality. | Bon Produit | Bon produit . aide a rester en forme"
Vitonic Booster,Vitonic,Energie,Gélule,17.5,,"– Vigilance
– Vitalité
– Énergie","Vitamine C, Vitamine A, Vitamine B6 ,Vitamine B2, Vitamine B1, Vitamine B12, Vitamine B 8, Fer, Vitamine B5, Vitamine D, Vitamine B9, Zinc, Caféine, Ginseng, Acérola",1 boite de 30 gélules,1 gélule le matin et 1 gélule la nuit,,"Fer, Oméga-3, Vitamines B, Iode, Probiotiques",Nécessite prise quotidienne régulière,Formule complète et adaptée aux besoins grossesse,4.5,[],https://vital.com.tn/cdn/shop/products/vitonic-booster.jpg,https://vital.com.tn/products/vitonic-booster/,Croissance,"Produit: Vitonic Booster
Gamme: Vitonic
Theme: Energie
Indications: – Vigilance
– Vitalité
– Énergie
Composition: Vitamine C, Vitamine A, Vitamine B6 ,Vitamine B2, Vitamine B1, Vitamine B12, Vitamine B 8, Fer, Vitamine B5, Vitamine D, Vitamine B9, Zinc, Caféine, Ginseng, Acérola
Points positifs: Fer, Oméga-3, Vitamines B, Iode, Probiotiques
Verdict: Formule complète et adaptée aux besoins grossesse
Avis clients: "
Vitonic Conception,Vitonic,Autre,Gélule,20.0,4.33,"– Améliore la fertilité féminine
– Supplémentation complète pour garantir une bonne qualité d’ovocyte","Oméga 3, Vitamine C, Probiotique, Fer, Vitamine E, Zinc, Vitamine B5, Extrait de gattilier vitex, Vitamine B6, Vitamine B2, Vitamine B1, Vitamine B9, Iode, Vitamine B8, Sélénium, Vitamine B12",Boite de 30 gélules,1 gélule par jour au moment du repas,Aucune,"Fer, Oméga-3, Vitamines B, Iode, Probiotiques",Nécessite prise quotidienne régulière,Formule complète et adaptée aux besoins grossesse,4.5,[],https://vital.com.tn/cdn/shop/products/vitonic-conception-3.jpg,https://vital.com.tn/products/vitonic-conception-3/,Croissance,"Produit: Vitonic Conception
Gamme: Vitonic
Theme: Autre
Indications: – Améliore la fertilité féminine
– Supplémentation complète pour garantir une bonne qualité d’ovocyte
Composition: Oméga 3, Vitamine C, Probiotique, Fer, Vitamine E, Zinc, Vitamine B5, Extrait de gattilier vitex, Vitamine B6, Vitamine B2, Vitamine B1, Vitamine B9, Iode, Vitamine B8, Sélénium, Vitamine B12
Points positifs: Fer, Oméga-3, Vitamines B, Iode, Probiotiques
Verdict: Formule complète et adaptée aux besoins grossesse
Avis clients: "
Vitonic Conception 30 Gélules,Vitonic,Autre,,20.0,4.3,Bien-être général,,Produit de santé et bien-être.,Selon les recommandations,,"Fer, Oméga-3, Vitamines B, Iode, Probiotiques",Nécessite prise quotidienne régulière,Formule complète et adaptée aux besoins grossesse,4.5,"[""Good quality."", ""Bon Produit"", ""Bon produit . aide a rester en forme"", ""Bon rapport qualit\u00e9 prix"", ""Good quality. top""]",https://vital.com.tn/cdn/shop/products/vitonic-conception-3.jpg,https://vital.com.tn/products/vitonic-conception-3/,Croissance/Promo,"Produit: Vitonic Conception 30 Gélules
Gamme: Vitonic
Theme: Autre
Indications: Bien-être général
Composition: 
Points positifs: Fer, Oméga-3, Vitamines B, Iode, Probiotiques
Verdict: Formule complète et adaptée aux besoins grossesse
Avis clients: Good quality. | Bon Produit | Bon produit . aide a rester en forme"
Vitonic DIAB,Vitonic,Autre,Gélule,25.0,4.2,– Indiqué pour les personnes suivant un régime diabétique,"Vitamine C, Vitamine E, Fer, Vitamine B5, Zinc, Vitamine B6, Vitamine B1, Vitamine B2, Vitamine B9, Vitamine B8, Sélénium, Chrome, Vitamine B12",Boite de 30 gélules,1 gélule par jour au moment des repas,Aucune,"Fer, Oméga-3, Vitamines B, Iode, Probiotiques",Nécessite prise quotidienne régulière,Formule complète et adaptée aux besoins grossesse,4.5,[],https://vital.com.tn/cdn/shop/products/vitonic-diab-3.jpg,https://vital.com.tn/products/vitonic-diab-3/,Croissance,"Produit: Vitonic DIAB
Gamme: Vitonic
Theme: Autre
Indications: – Indiqué pour les personnes suivant un régime diabétique
Composition: Vitamine C, Vitamine E, Fer, Vitamine B5, Zinc, Vitamine B6, Vitamine B1, Vitamine B2, Vitamine B9, Vitamine B8, Sélénium, Chrome, Vitamine B12
Points positifs: Fer, Oméga-3, Vitamines B, Iode, Probiotiques
Verdict: Formule complète et adaptée aux besoins grossesse
Avis clients: "
Vitonic Diab 30 Gélules,Vitonic,Autre,,25.0,4.2,Bien-être général,,Produit de santé et bien-être.,Selon les recommandations,,"Fer, Oméga-3, Vitamines B, Iode, Probiotiques",Nécessite prise quotidienne régulière,Formule complète et adaptée aux besoins grossesse,4.5,"[""Good quality."", ""Bon Produit"", ""Bon produit . aide a rester en forme"", ""Bon rapport qualit\u00e9 prix"", ""Good quality. top""]",,,Croissance/Promo,"Produit: Vitonic Diab 30 Gélules
Gamme: Vitonic
Theme: Autre
Indications: Bien-être général
Composition: 
Points positifs: Fer, Oméga-3, Vitamines B, Iode, Probiotiques
Verdict: Formule complète et adaptée aux besoins grossesse
Avis clients: Good quality. | Bon Produit | Bon produit . aide a rester en forme"
Vitonic Examens,Vitonic,Energie,Gélule,20.0,4.2,"– Stimule la mémoire et la concentration
– Diminue la fatigue
– Réduit les signes de surmenage","Probiotique, Oméga 3, Lécithine de soja, Magnésium, Vitamine C, Fer, Vitamine B5, Vitamine B6, Vitamine B2, Vitamine B1, Vitamine B8, Vitamine B12",Boite de 45 gélules,3 gélules par jour pendant 3 à 8 semaines,Aucune,"Fer, Oméga-3, Vitamines B, Iode, Probiotiques",Nécessite prise quotidienne régulière,Formule complète et adaptée aux besoins grossesse,4.5,[],https://vital.com.tn/cdn/shop/products/vitonic-examens-2.jpg,https://vital.com.tn/products/vitonic-examens-2/,Croissance,"Produit: Vitonic Examens
Gamme: Vitonic
Theme: Energie
Indications: – Stimule la mémoire et la concentration
– Diminue la fatigue
– Réduit les signes de surmenage
Composition: Probiotique, Oméga 3, Lécithine de soja, Magnésium, Vitamine C, Fer, Vitamine B5, Vitamine B6, Vitamine B2, Vitamine B1, Vitamine B8, Vitamine B12
Points positifs: Fer, Oméga-3, Vitamines B, Iode, Probiotiques
Verdict: Formule complète et adaptée aux besoins grossesse
Avis clients: "
Vitonic Examens 45 Gélules,Vitonic,Autre,,20.0,4.2,Bien-être général,,Produit de santé et bien-être.,Selon les recommandations,,"Fer, Oméga-3, Vitamines B, Iode, Probiotiques",Nécessite prise quotidienne régulière,Formule complète et adaptée aux besoins grossesse,4.5,"[""Good quality."", ""Bon Produit"", ""Bon produit . aide a rester en forme"", ""Bon rapport qualit\u00e9 prix"", ""Good quality. top""]",,,Croissance/Promo,"Produit: Vitonic Examens 45 Gélules
Gamme: Vitonic
Theme: Autre
Indications: Bien-être général
Composition: 
Points positifs: Fer, Oméga-3, Vitamines B, Iode, Probiotiques
Verdict: Formule complète et adaptée aux besoins grossesse
Avis clients: Good quality. | Bon Produit | Bon produit . aide a rester en forme"
Vitonic Fer,Vitonic,Autre,Gélule,20.0,4.0,"– Pallie les carences en fer et rétablit les réserves en fer
– Prévient et traite les symptômes de la ménopause
– Calme et traite les symptômes prémenstruels et dysménorrhées
– Activité phyto-oestrogénique","Extrait sec d'Angélique, Bisglycinate de Fer, Vitamine C, Zinc, Vitamine B6, Vitamine B9, Vitamine B12",Boite de 30 gélules,1 gélule par jour,Femmes enceintes et allaitantes Traitement anticoagulant,"Fer, Oméga-3, Vitamines B, Iode, Probiotiques",Nécessite prise quotidienne régulière,Formule complète et adaptée aux besoins grossesse,4.5,[],https://vital.com.tn/cdn/shop/products/vitonic-fer-2.jpg,https://vital.com.tn/products/vitonic-fer-2/,Croissance,"Produit: Vitonic Fer
Gamme: Vitonic
Theme: Autre
Indications: – Pallie les carences en fer et rétablit les réserves en fer
– Prévient et traite les symptômes de la ménopause
– Calme et traite les symptômes prémenstruels et dysménorrhées
– Activité phyto-oestrogénique
Composition: Extrait sec d'Angélique, Bisglycinate de Fer, Vitamine C, Zinc, Vitamine B6, Vitamine B9, Vitamine B12
Points positifs: Fer, Oméga-3, Vitamines B, Iode, Probiotiques
Verdict: Formule complète et adaptée aux besoins grossesse
Avis clients: "
Vitonic Fer 30 Gélules,Vitonic,Autre,,20.0,4.0,Bien-être général,,Produit de santé et bien-être.,Selon les recommandations,,"Fer, Oméga-3, Vitamines B, Iode, Probiotiques",Nécessite prise quotidienne régulière,Formule complète et adaptée aux besoins grossesse,4.5,"[""Good quality."", ""Bon Produit"", ""Bon produit . aide a rester en forme"", ""Bon rapport qualit\u00e9 prix"", ""Good quality. top""]",,,Croissance/Promo,"Produit: Vitonic Fer 30 Gélules
Gamme: Vitonic
Theme: Autre
Indications: Bien-être général
Composition: 
Points positifs: Fer, Oméga-3, Vitamines B, Iode, Probiotiques
Verdict: Formule complète et adaptée aux besoins grossesse
Avis clients: Good quality. | Bon Produit | Bon produit . aide a rester en forme"
Vitonic Fer Grossesse,Vitonic,Articulations,Gélule,20.0,4.0,"– Palier les carences en fer
– Apport en vitamines et oligo-éléments
– Réduit les nausées matinales au cours de la grossesse","Extrait sec de gingembre, Vitamine C, Fer, Vitamine B6, Cuivre, Vitamine B9, Vitamine D3, Vitamine B12",Boite de 30 gélules,1 gélule par jour au moment du repas,,"Fer, Oméga-3, Vitamines B, Iode, Probiotiques",Nécessite prise quotidienne régulière,Formule complète et adaptée aux besoins grossesse,4.5,[],https://vital.com.tn/cdn/shop/products/vitonic-fer-grossesse.jpg,https://vital.com.tn/products/vitonic-fer-grossesse/,Croissance,"Produit: Vitonic Fer Grossesse
Gamme: Vitonic
Theme: Articulations
Indications: – Palier les carences en fer
– Apport en vitamines et oligo-éléments
– Réduit les nausées matinales au cours de la grossesse
Composition: Extrait sec de gingembre, Vitamine C, Fer, Vitamine B6, Cuivre, Vitamine B9, Vitamine D3, Vitamine B12
Points positifs: Fer, Oméga-3, Vitamines B, Iode, Probiotiques
Verdict: Formule complète et adaptée aux besoins grossesse
Avis clients: "
Vitonic Fer Grossesse 30 Gélules,Vitonic,Articulations,,20.0,4.7,Bien-être général,,Produit de santé et bien-être.,Selon les recommandations,,"Fer, Oméga-3, Vitamines B, Iode, Probiotiques",Nécessite prise quotidienne régulière,Formule complète et adaptée aux besoins grossesse,4.5,"[""Good quality."", ""Bon Produit"", ""Bon produit . aide a rester en forme"", ""Bon rapport qualit\u00e9 prix"", ""Good quality. top""]",https://vital.com.tn/cdn/shop/products/vitonic-fer-grossesse.jpg,https://vital.com.tn/products/vitonic-fer-grossesse/,Croissance/Promo,"Produit: Vitonic Fer Grossesse 30 Gélules
Gamme: Vitonic
Theme: Articulations
Indications: Bien-être général
Composition: 
Points positifs: Fer, Oméga-3, Vitamines B, Iode, Probiotiques
Verdict: Formule complète et adaptée aux besoins grossesse
Avis clients: Good quality. | Bon Produit | Bon produit . aide a rester en forme"
Vitonic Fertilité,Vitonic,Autre,Gélule,20.0,4.0,"– Améliore la qualité et la quantité du sperme
– Améliore la performance des spermatozoïdes","L-carnitine, Taurine, Vitamine C, Coenzyme Q10, Vitamine E, Zinc, Vitamine B6, Vitamine B9, Sélénium, Vitamine B12",une boite contenant huit tablettes de 15 gélules,2 gélule*3 fois par jour,Aucune,"Fer, Oméga-3, Vitamines B, Iode, Probiotiques",Nécessite prise quotidienne régulière,Formule complète et adaptée aux besoins grossesse,4.5,[],https://vital.com.tn/cdn/shop/products/vitonic-fertilite-3.jpg,https://vital.com.tn/products/vitonic-fertilite-3/,Croissance,"Produit: Vitonic Fertilité
Gamme: Vitonic
Theme: Autre
Indications: – Améliore la qualité et la quantité du sperme
– Améliore la performance des spermatozoïdes
Composition: L-carnitine, Taurine, Vitamine C, Coenzyme Q10, Vitamine E, Zinc, Vitamine B6, Vitamine B9, Sélénium, Vitamine B12
Points positifs: Fer, Oméga-3, Vitamines B, Iode, Probiotiques
Verdict: Formule complète et adaptée aux besoins grossesse
Avis clients: "
Vitonic Fertilité 120 Gélules,Vitonic,Autre,,20.0,4.3,Bien-être général,,Produit de santé et bien-être.,Selon les recommandations,,"Fer, Oméga-3, Vitamines B, Iode, Probiotiques",Nécessite prise quotidienne régulière,Formule complète et adaptée aux besoins grossesse,4.5,"[""Good quality."", ""Bon Produit"", ""Bon produit . aide a rester en forme"", ""Bon rapport qualit\u00e9 prix"", ""Good quality. top""]",,,Croissance/Promo,"Produit: Vitonic Fertilité 120 Gélules
Gamme: Vitonic
Theme: Autre
Indications: Bien-être général
Composition: 
Points positifs: Fer, Oméga-3, Vitamines B, Iode, Probiotiques
Verdict: Formule complète et adaptée aux besoins grossesse
Avis clients: Good quality. | Bon Produit | Bon produit . aide a rester en forme"
Vitonic Grossesse,Vitonic,Articulations,Gélule,25.0,3.0,– Supplémentation complète pour la femme enceinte selon les recommandations de l’OMS,"Probiotique, Oméga 3, Fer, Vitamine C, Iode, Vitamines: B6, B2, B1, B9, B12, D",Boite de 30 gélules,1 gélule par jour au moment du repas,Aucune,"Fer, Oméga-3, Vitamines B, Iode, Probiotiques",Nécessite prise quotidienne régulière,Formule complète et adaptée aux besoins grossesse,4.5,[],https://vital.com.tn/cdn/shop/products/vitonic-grossesse-2.jpg,https://vital.com.tn/products/vitonic-grossesse-2/,Croissance,"Produit: Vitonic Grossesse
Gamme: Vitonic
Theme: Articulations
Indications: – Supplémentation complète pour la femme enceinte selon les recommandations de l’OMS
Composition: Probiotique, Oméga 3, Fer, Vitamine C, Iode, Vitamines: B6, B2, B1, B9, B12, D
Points positifs: Fer, Oméga-3, Vitamines B, Iode, Probiotiques
Verdict: Formule complète et adaptée aux besoins grossesse
Avis clients: "
Vitonic Grossesse 30 Gélules,Vitonic,Articulations,,25.0,3.7,Bien-être général,,Produit de santé et bien-être.,Selon les recommandations,,"Fer, Oméga-3, Vitamines B, Iode, Probiotiques",Nécessite prise quotidienne régulière,Formule complète et adaptée aux besoins grossesse,4.5,"[""Good quality."", ""Bon Produit"", ""Bon produit . aide a rester en forme"", ""Bon rapport qualit\u00e9 prix"", ""Good quality. top""]",https://vital.com.tn/cdn/shop/products/vitonic-grossesse-2.jpg,https://vital.com.tn/products/vitonic-grossesse-2/,Croissance/Promo,"Produit: Vitonic Grossesse 30 Gélules
Gamme: Vitonic
Theme: Articulations
Indications: Bien-être général
Composition: 
Points positifs: Fer, Oméga-3, Vitamines B, Iode, Probiotiques
Verdict: Formule complète et adaptée aux besoins grossesse
Avis clients: Good quality. | Bon Produit | Bon produit . aide a rester en forme"
Vitonic Jeune / Ado 30 Gélules,Vitonic,Autre,,20.0,,Bien-être général,,Produit de santé et bien-être.,Selon les recommandations,,"Fer, Oméga-3, Vitamines B, Iode, Probiotiques",Nécessite prise quotidienne régulière,Formule complète et adaptée aux besoins grossesse,4.5,"[""Good quality."", ""Bon Produit"", ""Bon produit . aide a rester en forme"", ""Bon rapport qualit\u00e9 prix"", ""Good quality. top""]",,,Croissance/Promo,"Produit: Vitonic Jeune / Ado 30 Gélules
Gamme: Vitonic
Theme: Autre
Indications: Bien-être général
Composition: 
Points positifs: Fer, Oméga-3, Vitamines B, Iode, Probiotiques
Verdict: Formule complète et adaptée aux besoins grossesse
Avis clients: Good quality. | Bon Produit | Bon produit . aide a rester en forme"
Vitonic Junior,Vitonic,Immunité,Autre,18.0,,"– Réduit le risque de carence en vitamines
– Stimule l’immunité de l’enfant
– Réduit l’asthénie physique","Vitamine C, Fer, Vitamine B5, Potassium, Vitamine B6, Vitamine B2, Vitamine B1, Vitamine A, Vitamine B9, Vitamine B8, Sélénium, Vitamine B12",Flacon de 90 ml + une pipette,"– 3 à 6 ans : ½ cuillère à café par jour
– 7 à 11 ans : ½ cuillère à café fois deux par jour",Aucune,"Fer, Oméga-3, Vitamines B, Iode, Probiotiques",Nécessite prise quotidienne régulière,Formule complète et adaptée aux besoins grossesse,4.5,[],https://vital.com.tn/cdn/shop/products/vitonic-junior-3.jpg,https://vital.com.tn/products/vitonic-junior-3/,Croissance,"Produit: Vitonic Junior
Gamme: Vitonic
Theme: Immunité
Indications: – Réduit le risque de carence en vitamines
– Stimule l’immunité de l’enfant
– Réduit l’asthénie physique
Composition: Vitamine C, Fer, Vitamine B5, Potassium, Vitamine B6, Vitamine B2, Vitamine B1, Vitamine A, Vitamine B9, Vitamine B8, Sélénium, Vitamine B12
Points positifs: Fer, Oméga-3, Vitamines B, Iode, Probiotiques
Verdict: Formule complète et adaptée aux besoins grossesse
Avis clients: "
Vitonic Junior Gouttes 90ml,Vitonic,Autre,,18.0,4.5,Bien-être général,,Produit de santé et bien-être.,Selon les recommandations,,"Fer, Oméga-3, Vitamines B, Iode, Probiotiques",Nécessite prise quotidienne régulière,Formule complète et adaptée aux besoins grossesse,4.5,[],,,Croissance/Promo,"Produit: Vitonic Junior Gouttes 90ml
Gamme: Vitonic
Theme: Autre
Indications: Bien-être général
Composition: 
Points positifs: Fer, Oméga-3, Vitamines B, Iode, Probiotiques
Verdict: Formule complète et adaptée aux besoins grossesse
Avis clients: "
VITONIC Méno,Vitonic,Energie,Gélule,24.0,,"• Apporte le confort et le bien-être aux femmes en période de ménopause ou de pré-ménopause
• Aide à réduire les bouffées de chaleur
• Permet de retrouver du tonus",Calcium - Vitamine D3 - Zinc - Vitamine B3 - Vitamine B5 -Vitamine B6 -Vitamine B8 -Vitamine B9 - Vitamine B12 - Vitamine D3 - Vitamine E - Soja - Sélénium,60 Gélules,,,"Fer, Oméga-3, Vitamines B, Iode, Probiotiques",Nécessite prise quotidienne régulière,Formule complète et adaptée aux besoins grossesse,4.5,[],https://vital.com.tn/cdn/shop/products/vitonic-meno-2.jpg,https://vital.com.tn/products/vitonic-meno-2/,Croissance,"Produit: VITONIC Méno
Gamme: Vitonic
Theme: Energie
Indications: • Apporte le confort et le bien-être aux femmes en période de ménopause ou de pré-ménopause
• Aide à réduire les bouffées de chaleur
• Permet de retrouver du tonus
Composition: Calcium - Vitamine D3 - Zinc - Vitamine B3 - Vitamine B5 -Vitamine B6 -Vitamine B8 -Vitamine B9 - Vitamine B12 - Vitamine D3 - Vitamine E - Soja - Sélénium
Points positifs: Fer, Oméga-3, Vitamines B, Iode, Probiotiques
Verdict: Formule complète et adaptée aux besoins grossesse
Avis clients: "
Vitonic Meno Bt/60 Gelules,Vitonic,Autre,,24.0,4.33,Bien-être général,,Produit de santé et bien-être.,Selon les recommandations,,"Fer, Oméga-3, Vitamines B, Iode, Probiotiques",Nécessite prise quotidienne régulière,Formule complète et adaptée aux besoins grossesse,4.5,"[""Excellent"", ""nice product"", ""Je n\u2019ai pas aim\u00e9 ces comprim\u00e9s. Ils contiennent du sulfate de zinc et m\u2019ont caus\u00e9 des effets secondaires tels que des naus\u00e9es et des maux d\u2019estomac lorsque je les ai utilis\u00e9s \u00e0 jeun. Il est donc recommand\u00e9 de les prendre apr\u00e8s avoir mang\u00e9.""]",,,Croissance/Promo,"Produit: Vitonic Meno Bt/60 Gelules
Gamme: Vitonic
Theme: Autre
Indications: Bien-être général
Composition: 
Points positifs: Fer, Oméga-3, Vitamines B, Iode, Probiotiques
Verdict: Formule complète et adaptée aux besoins grossesse
Avis clients: Excellent | nice product | Je n’ai pas aimé ces comprimés. Ils contiennent du sulfate de zinc et m’ont causé des effets secondaires tels que des nausées et des maux d’estomac lorsque je les ai utilisés à jeun. Il est donc recommandé de les prendre après avoir mangé."
Vitonic sénior,Vitonic,Immunité,Gélule,22.084,,"– Trouble de la mémoire
– Asthénie
– Sénescence et fatigue physique
– Renforce les défenses naturelles","Gouttes : Vitamine B12, Sélénium, Vitamine B9 Vitamine A, Vitamine B1, Vitamine B2, Vitamine B6, Cuivre, Vitamine E, Fer, Vitamine C, Magnésium. Gélules : Vitamine C, Vitamine E, Vitamine A, Vitamine B6, Vitamine B9, Vitamine B2, Vitamine B1, Vitamine B12, Magnésium, Cuivre, Fer, Sélénium, Oméga3, Probiotiques",Boite contenant de 30 gélules / un flacon en PET de 60 ml+ une pipette.,2 gélules par jour,Aucune,"Fer, Oméga-3, Vitamines B, Iode, Probiotiques",Nécessite prise quotidienne régulière,Formule complète et adaptée aux besoins grossesse,4.5,[],https://vital.com.tn/cdn/shop/products/vitonic-senior-3.jpg,https://vital.com.tn/products/vitonic-senior-3/,Croissance,"Produit: Vitonic sénior
Gamme: Vitonic
Theme: Immunité
Indications: – Trouble de la mémoire
– Asthénie
– Sénescence et fatigue physique
– Renforce les défenses naturelles
Composition: Gouttes : Vitamine B12, Sélénium, Vitamine B9 Vitamine A, Vitamine B1, Vitamine B2, Vitamine B6, Cuivre, Vitamine E, Fer, Vitamine C, Magnésium. Gélules : Vitamine C, Vitamine E, Vitamine A, Vitamine B6, Vitamine B9, Vitamine B2, Vitamine B1, Vitamine B12, Magnésium, Cuivre, Fer, Sélénium, Oméga3, Probiotiques
Points positifs: Fer, Oméga-3, Vitamines B, Iode, Probiotiques
Verdict: Formule complète et adaptée aux besoins grossesse
Avis clients: "
Vitonic Senior 30 Gélules,Vitonic,Autre,,22.084,,Bien-être général,,Produit de santé et bien-être.,Selon les recommandations,,"Fer, Oméga-3, Vitamines B, Iode, Probiotiques",Nécessite prise quotidienne régulière,Formule complète et adaptée aux besoins grossesse,4.5,"[""Good quality."", ""Bon Produit"", ""Bon produit . aide a rester en forme"", ""Bon rapport qualit\u00e9 prix"", ""Good quality. top""]",,,Croissance/Promo,"Produit: Vitonic Senior 30 Gélules
Gamme: Vitonic
Theme: Autre
Indications: Bien-être général
Composition: 
Points positifs: Fer, Oméga-3, Vitamines B, Iode, Probiotiques
Verdict: Formule complète et adaptée aux besoins grossesse
Avis clients: Good quality. | Bon Produit | Bon produit . aide a rester en forme"
Vitonic Senior 60ml,Vitonic,Autre,,22.084,,Bien-être général,,Produit de santé et bien-être.,Selon les recommandations,,"Fer, Oméga-3, Vitamines B, Iode, Probiotiques",Nécessite prise quotidienne régulière,Formule complète et adaptée aux besoins grossesse,4.5,[],https://vital.com.tn/cdn/shop/products/vitonic-senior-3.jpg,https://vital.com.tn/products/vitonic-senior-3/,Croissance/Promo,"Produit: Vitonic Senior 60ml
Gamme: Vitonic
Theme: Autre
Indications: Bien-être général
Composition: 
Points positifs: Fer, Oméga-3, Vitamines B, Iode, Probiotiques
Verdict: Formule complète et adaptée aux besoins grossesse
Avis clients: "
Vitonic Tonus,Vitonic,Immunité,Gélule,20.0,3.0,"– Carences en vitamines
– Immunité
– Vitalité
– Tonus
– Apaisement","Vitamine C, Vitamine A, Vitamine B6 ,Vitamine B2, Vitamine B1, Vitamine B12, Vitamine E, Cuivre, Fer, Vitamine B5, Vitamine D, Vitamine B9, Chrome, Vitamine, Sélénium, Zinc, Iode, Probiotique",1 boite de 30 gélules,1 gélule le matin et 1 gélule la nuit,Aucune,"Fer, Oméga-3, Vitamines B, Iode, Probiotiques",Nécessite prise quotidienne régulière,Formule complète et adaptée aux besoins grossesse,4.5,[],https://vital.com.tn/cdn/shop/products/vitonic-tonus-2-2.jpg,https://vital.com.tn/products/vitonic-tonus-2-2/,Croissance,"Produit: Vitonic Tonus
Gamme: Vitonic
Theme: Immunité
Indications: – Carences en vitamines
– Immunité
– Vitalité
– Tonus
– Apaisement
Composition: Vitamine C, Vitamine A, Vitamine B6 ,Vitamine B2, Vitamine B1, Vitamine B12, Vitamine E, Cuivre, Fer, Vitamine B5, Vitamine D, Vitamine B9, Chrome, Vitamine, Sélénium, Zinc, Iode, Probiotique
Points positifs: Fer, Oméga-3, Vitamines B, Iode, Probiotiques
Verdict: Formule complète et adaptée aux besoins grossesse
Avis clients: "
Vitonic Tonus + Jour Et Nuit 60 Gélules,Vitonic,Energie,,20.0,4.2,Bien-être général,,Produit de santé et bien-être.,Selon les recommandations,,"Fer, Oméga-3, Vitamines B, Iode, Probiotiques",Nécessite prise quotidienne régulière,Formule complète et adaptée aux besoins grossesse,4.5,"[""Good quality."", ""Bon Produit"", ""Bon produit . aide a rester en forme"", ""Bon rapport qualit\u00e9 prix"", ""Good quality. top""]",,,Croissance/Promo,"Produit: Vitonic Tonus + Jour Et Nuit 60 Gélules
Gamme: Vitonic
Theme: Energie
Indications: Bien-être général
Composition: 
Points positifs: Fer, Oméga-3, Vitamines B, Iode, Probiotiques
Verdict: Formule complète et adaptée aux besoins grossesse
Avis clients: Good quality. | Bon Produit | Bon produit . aide a rester en forme"
Vitonic Tonus 30 Gélules,Vitonic,Energie,,20.0,3.0,Bien-être général,,Produit de santé et bien-être.,Selon les recommandations,,"Fer, Oméga-3, Vitamines B, Iode, Probiotiques",Nécessite prise quotidienne régulière,Formule complète et adaptée aux besoins grossesse,4.5,"[""Good quality."", ""Bon Produit"", ""Bon produit . aide a rester en forme"", ""Bon rapport qualit\u00e9 prix"", ""Good quality. top""]",,,Croissance/Promo,"Produit: Vitonic Tonus 30 Gélules
Gamme: Vitonic
Theme: Energie
Indications: Bien-être général
Composition: 
Points positifs: Fer, Oméga-3, Vitamines B, Iode, Probiotiques
Verdict: Formule complète et adaptée aux besoins grossesse
Avis clients: Good quality. | Bon Produit | Bon produit . aide a rester en forme"
Vitonic Trio Grossesse,Vitonic,Digestif,Gélule,25.0,,"– Contribue au fonctionnement normal du système immunitaire
– Aide à protéger et à renforcer la barrière intestinale
– Contribue à un métabolisme énergétique normal et à réduire
la fatigue
– Aide à protéger les cellules contre le stress oxydatif",380 mg de Vitamine C / 20 mg de Zinc /1200 UI de Vitamine D3,Boite de 30 gélules,"Préventif : 1 gélule par jour
Curatif : 2 gélules par jour",,"Fer, Oméga-3, Vitamines B, Iode, Probiotiques",Nécessite prise quotidienne régulière,Formule complète et adaptée aux besoins grossesse,4.5,[],https://vital.com.tn/cdn/shop/products/vitonic-trio-grossesse.jpg,https://vital.com.tn/products/vitonic-trio-grossesse/,Croissance,"Produit: Vitonic Trio Grossesse
Gamme: Vitonic
Theme: Digestif
Indications: – Contribue au fonctionnement normal du système immunitaire
– Aide à protéger et à renforcer la barrière intestinale
– Contribue à un métabolisme énergétique normal et à réduire
la fatigue
– Aide à protéger les cellules contre le stress oxydatif
Composition: 380 mg de Vitamine C / 20 mg de Zinc /1200 UI de Vitamine D3
Points positifs: Fer, Oméga-3, Vitamines B, Iode, Probiotiques
Verdict: Formule complète et adaptée aux besoins grossesse
Avis clients: "
Vitonic Zinc Vit.D3,Vitonic,Immunité,Gélule,18.0,,"– Aide à renforcer le système immunitaire
– Participe à la régulation de l’immunité
– Le maintien et le développement des cellules dans le système
immunitaire
– Bon fonctionnement du système immunitaire et système redox",25 mg de Zinc / 200 UI de Vitamine D3,Boite de 30 gélules,Adulte : 1 à 2 gélules par jour,,"Fer, Oméga-3, Vitamines B, Iode, Probiotiques",Nécessite prise quotidienne régulière,Formule complète et adaptée aux besoins grossesse,4.5,[],https://vital.com.tn/cdn/shop/products/vitonic-zinc-vit-d3.jpg,https://vital.com.tn/products/vitonic-zinc-vit-d3/,Croissance,"Produit: Vitonic Zinc Vit.D3
Gamme: Vitonic
Theme: Immunité
Indications: – Aide à renforcer le système immunitaire
– Participe à la régulation de l’immunité
– Le maintien et le développement des cellules dans le système
immunitaire
– Bon fonctionnement du système immunitaire et système redox
Composition: 25 mg de Zinc / 200 UI de Vitamine D3
Points positifs: Fer, Oméga-3, Vitamines B, Iode, Probiotiques
Verdict: Formule complète et adaptée aux besoins grossesse
Avis clients: "
Vitonic Zinc Vit.D3 30 Gélules,Vitonic,Autre,,18.0,,Bien-être général,,Produit de santé et bien-être.,Selon les recommandations,,"Fer, Oméga-3, Vitamines B, Iode, Probiotiques",Nécessite prise quotidienne régulière,Formule complète et adaptée aux besoins grossesse,4.5,"[""Good quality."", ""Bon Produit"", ""Bon produit . aide a rester en forme"", ""Bon rapport qualit\u00e9 prix"", ""Good quality. top""]",https://vital.com.tn/cdn/shop/products/vitonic-zinc-vit-d3.jpg,https://vital.com.tn/products/vitonic-zinc-vit-d3/,Croissance/Promo,"Produit: Vitonic Zinc Vit.D3 30 Gélules
Gamme: Vitonic
Theme: Autre
Indications: Bien-être général
Composition: 
Points positifs: Fer, Oméga-3, Vitamines B, Iode, Probiotiques
Verdict: Formule complète et adaptée aux besoins grossesse
Avis clients: Good quality. | Bon Produit | Bon produit . aide a rester en forme"
Vitosine Eosine Alcoolisée 2%,Autres,Beauté/Peau,Spray,6.9,,"• Traitement d’appoint pour les affections de la peau.
• Antiseptique et asséchant de la peau",,30ml,,,,,,,[],https://vital.com.tn/cdn/shop/products/vitosine-eosine-alcoolisee-2.jpg,https://vital.com.tn/products/vitosine-eosine-alcoolisee-2/,Croissance,"Produit: Vitosine Eosine Alcoolisée 2%
Gamme: Autres
Theme: Beauté/Peau
Indications: • Traitement d’appoint pour les affections de la peau.
• Antiseptique et asséchant de la peau
Composition: 
Points positifs: 
Verdict: 
Avis clients: "
Vitosine Eosine Aqueuse 2%,Autres,Beauté/Peau,Spray,5.4,,"Nettoie et assèche les lésions de la peau susceptibles de se surinfecter, notamment nouveau-né (cordon ombilical et érythème fessier).","Eau/Aqua/, Disodium Eosin, Sodium Benzoate, Potassium Sorbate, Citric Acid",30ML,Vaporiser directement sur la partie à assécher. 1 à 2 fois par jour.,,,,,,[],https://vital.com.tn/cdn/shop/products/vitosine-eosine-aqueuse-2.jpg,https://vital.com.tn/products/vitosine-eosine-aqueuse-2/,Croissance,"Produit: Vitosine Eosine Aqueuse 2%
Gamme: Autres
Theme: Beauté/Peau
Indications: Nettoie et assèche les lésions de la peau susceptibles de se surinfecter, notamment nouveau-né (cordon ombilical et érythème fessier).
Composition: Eau/Aqua/, Disodium Eosin, Sodium Benzoate, Potassium Sorbate, Citric Acid
Points positifs: 
Verdict: 
Avis clients: "
