Country,Year,Date,Holiday_Name,Local_Name,Type,Description
GB,2025,2025-01-01,New Year's Day,,National holiday,"New Year's Day marks the start of a new year in the Gregorian calendar, the official calendar used in the United Kingdom."
GB,2025,2025-01-02,Last day of Hanukkah,,"Observance, Hebrew",The eighth and last day of Hanukkah marks the end of a period in which Jews commemorate the miracle of the cruse of oil.
GB,2025,2025-01-05,Twelfth Night,,"Observance, Christian",Twelfth Night is a observance and Christian holiday in the United Kingdom
GB,2025,2025-01-06,Epiphany,,"Observance, Christian",Epiphany marks the visit of the Magi to Jesus and celebrates the revelation of God incarnate as Jesus Christ.
GB,2025,2025-01-07,Orthodox Christmas Day,,"Observance, Orthodox",Orthodox Christians in the United Kingdom celebrate the Nativity of Christ (Jesus' birth) on the Orthodox Christmas Day.
GB,2025,2025-01-14,Orthodox New Year,,"Observance, Orthodox",Orthodox Christians in the United Kingdom mark the start of a new calendar year on either January 1 or 14 in the Gregorian calendar.
GB,2025,2025-01-27,Isra and Mi'raj,,"Observance, Muslim","Isra and Mi'raj marks the night when the Prophet Mohammad traveled from Mecca to Jerusalem, ascended to heaven, and returned."
GB,2025,2025-01-29,Lunar New Year,,Observance,Lunar New Year in the United Kingdom (UK) marks the start of the New Year in the Chinese calendar.
GB,2025,2025-02-13,Tu B'Shevat (Arbor Day),,"Observance, Hebrew","Tu B’Shevat is known as the “New Year for Trees”, is one of the four Jewish New Years."
GB,2025,2025-02-14,Valentine's Day,,Observance,Valentine’s Day is celebrated in the UK as a day of love and falls on February 14 every year.
GB,2025,2025-03-01,Ramadan Start,,"Observance, Muslim","Muslims in the United Kingdom welcome Ramadan as a period of fasting, self-evaluation, and spiritual growth."
GB,2025,2025-03-01,St. David's Day,,"Local observance, Christian","People in Wales and Welsh communities around the world celebrate the life of their patron saint, St David, and the culture of their country on St David’s Day."
GB,2025,2025-03-02,Ramadan Start,,"Observance, Muslim","Muslims in the United Kingdom welcome Ramadan as a period of fasting, self-evaluation, and spiritual growth."
GB,2025,2025-03-04,Carnival / Shrove Tuesday / Pancake Day,,"Observance, Christian",Shrove Tuesday is also known as Pancake Tuesday in the United Kingdom.
GB,2025,2025-03-05,Carnival / Ash Wednesday,,"Observance, Christian",Ash Wednesday is a Christian observance in the United Kingdom. It is the first day of Lent.
GB,2025,2025-03-14,Purim,,"Observance, Hebrew","Purim commemorates a time when Jewish people were saved from death around the fourth century BCE, according to the Book of Esther."
GB,2025,2025-03-17,St Patrick's Day,,"Local holiday, Christian","St Patrick's Day remembers the life and deeds of St Patrick, one of Ireland's patron saints. It also celebrates Irish culture."
GB,2025,2025-03-26,Lailat al-Qadr,,"Observance, Muslim","Laylatul Qadr, the Night of Power, is the holiest day of the Islamic calendar year."
GB,2025,2025-03-30,Eid ul Fitr,,"Observance, Muslim",Eid ul-Fitr is a Muslim celebration that marks the end of the month-long fast of Ramadan.
GB,2025,2025-03-30,Mother's Day,,Observance,"Mother's Day, or Mothering Sunday, is traditionally a day to visit your mother church. It is now an occasion to bring gifts to your own mother."
GB,2025,2025-03-31,Eid ul Fitr,,"Observance, Muslim",Eid ul-Fitr is a Muslim celebration that marks the end of the month-long fast of Ramadan.
GB,2025,2025-04-13,First day of Passover,,"Observance, Hebrew",Passover marks the Israelites' liberation from slavery and their exodus from Egypt around 3000 years ago.
GB,2025,2025-04-13,Palm Sunday,,"Observance, Christian",Palm Sunday in the United Kingdom celebrates Jesus Christ’s entry into Jerusalem. It is also the Sunday before Easter Sunday.
GB,2025,2025-04-17,Maundy Thursday,,"Observance, Christian",Many Christians in the United Kingdom celebrate Maundy Thursday on the Thursday before Good Friday.
GB,2025,2025-04-18,Good Friday,,"National holiday, Christian",Good Friday is just before Easter Sunday and is a public holiday in the United Kingdom.
GB,2025,2025-04-18,Orthodox Good Friday,,"Observance, Orthodox","Many Orthodox Christians in the United Kingdom remember the events leading up to Jesus Christ's crucifixion on Great Friday, also known as Holy Friday."
GB,2025,2025-04-19,Holy Saturday,,"Observance, Christian",Holy Saturday is the day before Easter Sunday in the United Kingdom.
GB,2025,2025-04-19,Orthodox Holy Saturday,,"Observance, Orthodox",Many Orthodox Christians in the United Kingdom remember Jesus Christ’s burial and his descent into Hades on Holy Saturday.
GB,2025,2025-04-20,Easter Sunday,,"Observance, Christian",Easter Sunday commemorates Jesus Christ's resurrection. The Easter egg hunt is one of the most popular Easter traditions
GB,2025,2025-04-20,Last day of Passover,,"Observance, Hebrew","On the 8th and last day of Passover, Jews in the UK commemorate the Parting of the Red Sea and the Israelites' escape from Egypt."
GB,2025,2025-04-20,Orthodox Easter,,"Observance, Orthodox","Many Orthodox Christians in the United Kingdom commemorate Jesus Christ’s resurrection on Easter Day, also known as Pascha."
GB,2025,2025-04-21,Easter Monday,,"Local observance, Christian","Easter Monday is the day after Easter Sunday. It is a bank holiday in England, Wales and Northern Ireland but not in Scotland."
GB,2025,2025-04-21,Easter Monday,,"Christian, Common local holiday","Easter Monday is the day after Easter Sunday. It is a bank holiday in England, Wales and Northern Ireland but not in Scotland."
GB,2025,2025-04-21,Orthodox Easter Monday,,"Observance, Orthodox",Many Orthodox churches in the United Kingdom observe Easter Monday on the day after the Orthodox Easter Sunday date.
GB,2025,2025-04-22,Stephen Lawrence Day,,Observance,Stephen Lawrence Day is an annual observance in the UK commemorating the racially motivated murder of Stephen Lawrence.
GB,2025,2025-04-23,Shakespeare Day,,Observance,"National Shakespeare Day, also known as Shakespeare Day, is annually held on April 23."
GB,2025,2025-04-23,St. George's Day,,"Local observance, Christian","St George's Day in England is a celebration of Saint George, a Christian martyr and soldier in the Roman army."
GB,2025,2025-04-25,Yom HaShoah,,"Observance, Hebrew","Yom Hashoah, held on the 27th day of the month of Nisan, remembers the Holocaust victims who died during World War II."
GB,2025,2025-04-28,St. George's Day,,"Observance, Christian","St George's Day in England is a celebration of Saint George, a Christian martyr and soldier in the Roman army."
GB,2025,2025-05-01,Yom HaAtzmaut,,"Observance, Hebrew","Celebrated on the fifth day of the Jewish month of Iyar, Yom Ha’Atzmaut is Israel’s Independence Day."
GB,2025,2025-05-05,Early May Bank Holiday,,National holiday,"May Day, or the Early May Bank holiday, is on the first Monday of May each year."
GB,2025,2025-05-16,Lag B'Omer,,"Observance, Hebrew",Jewish people observe Lag BaOmer on the 18th day of the month of Iyar in the Jewish calendar.
GB,2025,2025-05-26,Spring Bank Holiday,,National holiday,The spring bank holiday in the United Kingdom is on the last Monday of May each year.
GB,2025,2025-05-29,Ascension Day,,"Observance, Christian","Ascension Day is the 40th day of Easter and commemorates Jesus Christ’s ascension into heaven, according to Christian belief."
GB,2025,2025-06-02,Shavuot,,"Observance, Hebrew","Shavuot, also known as the Festival of Weeks, is one of three major Jewish festivals celebrated among Jewish people in the UK."
GB,2025,2025-06-07,Eid al-Adha,,"Observance, Muslim",Eid ul-Adha is an Islamic festival to remember Ibrahim's willingness to sacrifice his son to God.
GB,2025,2025-06-08,Pentecost,,"Observance, Christian","Many Christians in the United Kingdom observe Pentecost, also known as Whitsunday or Whit Sunday."
GB,2025,2025-06-09,Whit Monday,,"Observance, Christian","Whit Monday is a Christian observance also known as Pentecost Monday. It is the day after Pentecost, or Whitsunday."
GB,2025,2025-06-14,King's Birthday,,Observance,The King’s birthday is an annual public holiday in Australia celebrating the official birthday of King Charles III.
GB,2025,2025-06-15,Father's Day,,Observance,Father's Day in the United Kingdom honors fathers and celebrates fatherhood.
GB,2025,2025-06-15,Trinity Sunday,,"Observance, Christian","Trinity Sunday, which is the first Sunday after Pentecost, is a Christian feast that is observed in many churches in the United Kingdom."
GB,2025,2025-06-19,Corpus Christi,,"Observance, Christian",Corpus Christi is a Christian observance that honors the Holy Eucharist.
GB,2025,2025-06-22,Windrush Day,,Observance,Windrush Day is an annual observance in the UK honoring the British Caribbean community.
GB,2025,2025-06-27,Muharram/Islamic New Year,,"Observance, Muslim","The first day of Muharram, which is the first month in the Islamic calendar, marks the Islamic New Year."
GB,2025,2025-07-06,Ashura,,"Observance, Muslim","On Ashura, many Muslims commemorate the martyrdom of Imam Husayn ibn Ali."
GB,2025,2025-08-03,Tisha B'Av,,"Observance, Hebrew","Tisha B’Av is a Jewish day of mourning, which falls on the ninth day of the month of Av in the Jewish calendar."
GB,2025,2025-08-15,Assumption of Mary,,"Observance, Christian",The feast of the Dormition or Assumption of the Blessed Virgin Mary is celebrated by some Christian denominations in the United Kingdom on August 15.
GB,2025,2025-09-05,Milad un Nabi (Mawlid),,"Observance, Muslim","Milad un Nabi, also called Mawlid, marks the birthday of prophet Muhammad."
GB,2025,2025-09-23,Rosh Hashana,,"Observance, Hebrew","Rosh Hashanah, also spelled Rosh Hashana, is commonly known as the Jewish New Year."
GB,2025,2025-10-02,Yom Kippur,,"Observance, Hebrew",Yom Kippur is arguably the holiest of the Jewish holidays. It is celebrated in October or November.
GB,2025,2025-10-04,Feast of St Francis of Assisi,,"Observance, Christian","Many churches in the United Kingdom celebrate the Feast of St Francis of Assisi to honor St Francis, the patron saint of animals and the environment, on October 4 each year."
GB,2025,2025-10-07,First day of Sukkot,,"Observance, Hebrew","Sukkot is a Jewish holiday lasting 7 days. It begins on the 15th of Tishrei, which falls into September or October."
GB,2025,2025-10-13,Hoshana Rabbah,,"Observance, Hebrew","Jewish people in the UK celebrate Hoshana Rabbah, also spelled Hoshana Raba, on the last day of the Sukkot festival."
GB,2025,2025-10-14,Shemini Atzeret,,"Observance, Hebrew","Shemini Atzeret, also spelled Shmini Atzeret, is a joyous Jewish holiday that immediately follows the Sukkot festival."
GB,2025,2025-10-15,Simchat Torah,,"Observance, Hebrew",Simchat Torah (Simchas Torah or Simhat Torah) is a Jewish holiday that celebrates the completion of the annual reading of the Torah.
GB,2025,2025-10-31,Halloween,,Observance,"Halloween is an observance celebrated at the end of October by holding parties, dressing up and going 'trick-or-treating'."
GB,2025,2025-11-01,All Saints' Day,,"Observance, Christian","Many Christians in the United Kingdom observe All Saints' Day, also known as All Hallows' Day, each year."
GB,2025,2025-11-02,All Souls' Day,,"Observance, Christian",All Souls’ Day is observed among some Christian communities in the United Kingdom on November 2 each year.
GB,2025,2025-11-05,Guy Fawkes Day,,Observance,"Guy Fawkes' Night, or Bonfire Night, commemorates the prevention of a plot to blow up the Houses of Parliament in London in 1605."
GB,2025,2025-11-09,Remembrance Sunday,,Observance,"The United Kingdom observes Remembrance Day to remember those who sacrificed their lives during wars and conflicts, including World War I."
GB,2025,2025-11-30,First Sunday of Advent,,"Observance, Christian",The first Sunday in Advent is the start of the liturgical or church year for many Christians as well as the Christmas season for people in the United Kingdom (UK).
GB,2025,2025-11-30,St Andrew's Day,,"Local holiday, Christian",St Andrew is the patron saint of Scotland and St Andrew's Day is a bank holiday in Scotland.
GB,2025,2025-12-01,St Andrew's Day observed,,"Local holiday, Christian",St Andrew is the patron saint of Scotland and St Andrew's Day is a bank holiday in Scotland.
GB,2025,2025-12-08,Feast of the Immaculate Conception,,"Observance, Christian","The Feast of the Immaculate Conception celebrates the conception of Mary, mother of Jesus Christ, on December 8 each year."
GB,2025,2025-12-15,First Day of Hanukkah,,"Observance, Hebrew",Jewish people around the world celebrate Hanukkah to commemorate an event traditionally termed the miracle of the cruse of oil.
GB,2025,2025-12-22,Last day of Hanukkah,,"Observance, Hebrew",The eighth and last day of Hanukkah marks the end of a period in which Jews commemorate the miracle of the cruse of oil.
GB,2025,2025-12-24,Christmas Eve,,"Observance, Christian","Christmas Eve is the day before Christmas Day. It is not a public holiday in England, Scotland, Wales or Northern Ireland."
GB,2025,2025-12-25,Christmas Day,,"National holiday, Christian",Christmas Day is a holiday that traditionally celebrates Jesus Christ's birth. It is on December 25 in the United Kingdom.
GB,2025,2025-12-26,Boxing Day,,National holiday,Boxing Day is a holiday in the United Kingdom that falls on December 26 each year.
GB,2025,2025-12-31,New Year's Eve,,Observance,"New Year's Eve, or Hogmanay in Scotland, is the last day of the year in the Gregorian calendar."
GB,2026,2026-01-01,New Year's Day,,National holiday,"New Year's Day marks the start of a new year in the Gregorian calendar, the official calendar used in the United Kingdom."
GB,2026,2026-01-05,Twelfth Night,,"Observance, Christian",Twelfth Night is a observance and Christian holiday in the United Kingdom
GB,2026,2026-01-06,Epiphany,,"Observance, Christian",Epiphany marks the visit of the Magi to Jesus and celebrates the revelation of God incarnate as Jesus Christ.
GB,2026,2026-01-07,Orthodox Christmas Day,,"Observance, Orthodox",Orthodox Christians in the United Kingdom celebrate the Nativity of Christ (Jesus' birth) on the Orthodox Christmas Day.
GB,2026,2026-01-14,Orthodox New Year,,"Observance, Orthodox",Orthodox Christians in the United Kingdom mark the start of a new calendar year on either January 1 or 14 in the Gregorian calendar.
GB,2026,2026-01-16,Isra and Mi'raj,,"Observance, Muslim","Isra and Mi'raj marks the night when the Prophet Mohammad traveled from Mecca to Jerusalem, ascended to heaven, and returned."
GB,2026,2026-02-02,Tu B'Shevat (Arbor Day),,"Observance, Hebrew","Tu B’Shevat is known as the “New Year for Trees”, is one of the four Jewish New Years."
GB,2026,2026-02-14,Valentine's Day,,Observance,Valentine’s Day is celebrated in the UK as a day of love and falls on February 14 every year.
GB,2026,2026-02-17,Carnival / Shrove Tuesday / Pancake Day,,"Observance, Christian",Shrove Tuesday is also known as Pancake Tuesday in the United Kingdom.
GB,2026,2026-02-17,Lunar New Year,,Observance,Lunar New Year in the United Kingdom (UK) marks the start of the New Year in the Chinese calendar.
GB,2026,2026-02-18,Carnival / Ash Wednesday,,"Observance, Christian",Ash Wednesday is a Christian observance in the United Kingdom. It is the first day of Lent.
GB,2026,2026-02-18,Ramadan Start,,"Observance, Muslim","Muslims in the United Kingdom welcome Ramadan as a period of fasting, self-evaluation, and spiritual growth."
GB,2026,2026-03-01,St. David's Day,,"Local observance, Christian","People in Wales and Welsh communities around the world celebrate the life of their patron saint, St David, and the culture of their country on St David’s Day."
GB,2026,2026-03-03,Purim,,"Observance, Hebrew","Purim commemorates a time when Jewish people were saved from death around the fourth century BCE, according to the Book of Esther."
GB,2026,2026-03-15,Lailat al-Qadr,,"Observance, Muslim","Laylatul Qadr, the Night of Power, is the holiest day of the Islamic calendar year."
GB,2026,2026-03-15,Mother's Day,,Observance,"Mother's Day, or Mothering Sunday, is traditionally a day to visit your mother church. It is now an occasion to bring gifts to your own mother."
GB,2026,2026-03-17,St Patrick's Day,,"Local holiday, Christian","St Patrick's Day remembers the life and deeds of St Patrick, one of Ireland's patron saints. It also celebrates Irish culture."
GB,2026,2026-03-20,Eid ul Fitr,,"Observance, Muslim",Eid ul-Fitr is a Muslim celebration that marks the end of the month-long fast of Ramadan.
GB,2026,2026-03-29,Palm Sunday,,"Observance, Christian",Palm Sunday in the United Kingdom celebrates Jesus Christ’s entry into Jerusalem. It is also the Sunday before Easter Sunday.
GB,2026,2026-04-02,First day of Passover,,"Observance, Hebrew",Passover marks the Israelites' liberation from slavery and their exodus from Egypt around 3000 years ago.
GB,2026,2026-04-02,Maundy Thursday,,"Observance, Christian",Many Christians in the United Kingdom celebrate Maundy Thursday on the Thursday before Good Friday.
GB,2026,2026-04-03,Good Friday,,"National holiday, Christian",Good Friday is just before Easter Sunday and is a public holiday in the United Kingdom.
GB,2026,2026-04-04,Holy Saturday,,"Observance, Christian",Holy Saturday is the day before Easter Sunday in the United Kingdom.
GB,2026,2026-04-05,Easter Sunday,,"Observance, Christian",Easter Sunday commemorates Jesus Christ's resurrection. The Easter egg hunt is one of the most popular Easter traditions
GB,2026,2026-04-06,Easter Monday,,"Local observance, Christian","Easter Monday is the day after Easter Sunday. It is a bank holiday in England, Wales and Northern Ireland but not in Scotland."
GB,2026,2026-04-06,Easter Monday,,"Christian, Common local holiday","Easter Monday is the day after Easter Sunday. It is a bank holiday in England, Wales and Northern Ireland but not in Scotland."
GB,2026,2026-04-09,Last day of Passover,,"Observance, Hebrew","On the 8th and last day of Passover, Jews in the UK commemorate the Parting of the Red Sea and the Israelites' escape from Egypt."
GB,2026,2026-04-10,Orthodox Good Friday,,"Observance, Orthodox","Many Orthodox Christians in the United Kingdom remember the events leading up to Jesus Christ's crucifixion on Great Friday, also known as Holy Friday."
GB,2026,2026-04-11,Orthodox Holy Saturday,,"Observance, Orthodox",Many Orthodox Christians in the United Kingdom remember Jesus Christ’s burial and his descent into Hades on Holy Saturday.
GB,2026,2026-04-12,Orthodox Easter,,"Observance, Orthodox","Many Orthodox Christians in the United Kingdom commemorate Jesus Christ’s resurrection on Easter Day, also known as Pascha."
GB,2026,2026-04-13,Orthodox Easter Monday,,"Observance, Orthodox",Many Orthodox churches in the United Kingdom observe Easter Monday on the day after the Orthodox Easter Sunday date.
GB,2026,2026-04-14,Yom HaShoah,,"Observance, Hebrew","Yom Hashoah, held on the 27th day of the month of Nisan, remembers the Holocaust victims who died during World War II."
GB,2026,2026-04-22,Stephen Lawrence Day,,Observance,Stephen Lawrence Day is an annual observance in the UK commemorating the racially motivated murder of Stephen Lawrence.
GB,2026,2026-04-22,Yom HaAtzmaut,,"Observance, Hebrew","Celebrated on the fifth day of the Jewish month of Iyar, Yom Ha’Atzmaut is Israel’s Independence Day."
GB,2026,2026-04-23,Shakespeare Day,,Observance,"National Shakespeare Day, also known as Shakespeare Day, is annually held on April 23."
GB,2026,2026-04-23,St. George's Day,,"Local observance, Christian","St George's Day in England is a celebration of Saint George, a Christian martyr and soldier in the Roman army."
GB,2026,2026-05-04,Early May Bank Holiday,,National holiday,"May Day, or the Early May Bank holiday, is on the first Monday of May each year."
GB,2026,2026-05-05,Lag B'Omer,,"Observance, Hebrew",Jewish people observe Lag BaOmer on the 18th day of the month of Iyar in the Jewish calendar.
GB,2026,2026-05-14,Ascension Day,,"Observance, Christian","Ascension Day is the 40th day of Easter and commemorates Jesus Christ’s ascension into heaven, according to Christian belief."
GB,2026,2026-05-22,Shavuot,,"Observance, Hebrew","Shavuot, also known as the Festival of Weeks, is one of three major Jewish festivals celebrated among Jewish people in the UK."
GB,2026,2026-05-24,Pentecost,,"Observance, Christian","Many Christians in the United Kingdom observe Pentecost, also known as Whitsunday or Whit Sunday."
GB,2026,2026-05-25,Spring Bank Holiday,,National holiday,The spring bank holiday in the United Kingdom is on the last Monday of May each year.
GB,2026,2026-05-25,Whit Monday,,"Observance, Christian","Whit Monday is a Christian observance also known as Pentecost Monday. It is the day after Pentecost, or Whitsunday."
GB,2026,2026-05-27,Eid al-Adha,,"Observance, Muslim",Eid ul-Adha is an Islamic festival to remember Ibrahim's willingness to sacrifice his son to God.
GB,2026,2026-05-31,Trinity Sunday,,"Observance, Christian","Trinity Sunday, which is the first Sunday after Pentecost, is a Christian feast that is observed in many churches in the United Kingdom."
GB,2026,2026-06-04,Corpus Christi,,"Observance, Christian",Corpus Christi is a Christian observance that honors the Holy Eucharist.
GB,2026,2026-06-17,Muharram/Islamic New Year,,"Observance, Muslim","The first day of Muharram, which is the first month in the Islamic calendar, marks the Islamic New Year."
GB,2026,2026-06-20,King's Birthday,,Observance,The King’s birthday is an annual public holiday in Australia celebrating the official birthday of King Charles III.
GB,2026,2026-06-21,Father's Day,,Observance,Father's Day in the United Kingdom honors fathers and celebrates fatherhood.
GB,2026,2026-06-22,Windrush Day,,Observance,Windrush Day is an annual observance in the UK honoring the British Caribbean community.
GB,2026,2026-06-26,Ashura,,"Observance, Muslim","On Ashura, many Muslims commemorate the martyrdom of Imam Husayn ibn Ali."
GB,2026,2026-07-23,Tisha B'Av,,"Observance, Hebrew","Tisha B’Av is a Jewish day of mourning, which falls on the ninth day of the month of Av in the Jewish calendar."
GB,2026,2026-08-15,Assumption of Mary,,"Observance, Christian",The feast of the Dormition or Assumption of the Blessed Virgin Mary is celebrated by some Christian denominations in the United Kingdom on August 15.
GB,2026,2026-08-26,Milad un Nabi (Mawlid),,"Observance, Muslim","Milad un Nabi, also called Mawlid, marks the birthday of prophet Muhammad."
GB,2026,2026-09-12,Rosh Hashana,,"Observance, Hebrew","Rosh Hashanah, also spelled Rosh Hashana, is commonly known as the Jewish New Year."
GB,2026,2026-09-21,Yom Kippur,,"Observance, Hebrew",Yom Kippur is arguably the holiest of the Jewish holidays. It is celebrated in October or November.
GB,2026,2026-09-26,First day of Sukkot,,"Observance, Hebrew","Sukkot is a Jewish holiday lasting 7 days. It begins on the 15th of Tishrei, which falls into September or October."
GB,2026,2026-10-02,Hoshana Rabbah,,"Observance, Hebrew","Jewish people in the UK celebrate Hoshana Rabbah, also spelled Hoshana Raba, on the last day of the Sukkot festival."
GB,2026,2026-10-03,Shemini Atzeret,,"Observance, Hebrew","Shemini Atzeret, also spelled Shmini Atzeret, is a joyous Jewish holiday that immediately follows the Sukkot festival."
GB,2026,2026-10-04,Feast of St Francis of Assisi,,"Observance, Christian","Many churches in the United Kingdom celebrate the Feast of St Francis of Assisi to honor St Francis, the patron saint of animals and the environment, on October 4 each year."
GB,2026,2026-10-04,Simchat Torah,,"Observance, Hebrew",Simchat Torah (Simchas Torah or Simhat Torah) is a Jewish holiday that celebrates the completion of the annual reading of the Torah.
GB,2026,2026-10-31,Halloween,,Observance,"Halloween is an observance celebrated at the end of October by holding parties, dressing up and going 'trick-or-treating'."
GB,2026,2026-11-01,All Saints' Day,,"Observance, Christian","Many Christians in the United Kingdom observe All Saints' Day, also known as All Hallows' Day, each year."
GB,2026,2026-11-02,All Souls' Day,,"Observance, Christian",All Souls’ Day is observed among some Christian communities in the United Kingdom on November 2 each year.
GB,2026,2026-11-05,Guy Fawkes Day,,Observance,"Guy Fawkes' Night, or Bonfire Night, commemorates the prevention of a plot to blow up the Houses of Parliament in London in 1605."
GB,2026,2026-11-08,Remembrance Sunday,,Observance,"The United Kingdom observes Remembrance Day to remember those who sacrificed their lives during wars and conflicts, including World War I."
GB,2026,2026-11-29,First Sunday of Advent,,"Observance, Christian",The first Sunday in Advent is the start of the liturgical or church year for many Christians as well as the Christmas season for people in the United Kingdom (UK).
GB,2026,2026-11-30,St Andrew's Day,,"Local holiday, Christian",St Andrew is the patron saint of Scotland and St Andrew's Day is a bank holiday in Scotland.
GB,2026,2026-12-05,First Day of Hanukkah,,"Observance, Hebrew",Jewish people around the world celebrate Hanukkah to commemorate an event traditionally termed the miracle of the cruse of oil.
GB,2026,2026-12-08,Feast of the Immaculate Conception,,"Observance, Christian","The Feast of the Immaculate Conception celebrates the conception of Mary, mother of Jesus Christ, on December 8 each year."
GB,2026,2026-12-12,Last day of Hanukkah,,"Observance, Hebrew",The eighth and last day of Hanukkah marks the end of a period in which Jews commemorate the miracle of the cruse of oil.
GB,2026,2026-12-24,Christmas Eve,,"Observance, Christian","Christmas Eve is the day before Christmas Day. It is not a public holiday in England, Scotland, Wales or Northern Ireland."
GB,2026,2026-12-25,Christmas Day,,"National holiday, Christian",Christmas Day is a holiday that traditionally celebrates Jesus Christ's birth. It is on December 25 in the United Kingdom.
GB,2026,2026-12-26,Boxing Day,,National holiday,Boxing Day is a holiday in the United Kingdom that falls on December 26 each year.
GB,2026,2026-12-28,Substitute Bank Holiday for Boxing Day,,National holiday,"December 28 is a bank holiday in the United Kingdom only in some years, depending on which day Christmas Day or Boxing Day occur."
GB,2026,2026-12-31,New Year's Eve,,Observance,"New Year's Eve, or Hogmanay in Scotland, is the last day of the year in the Gregorian calendar."
GB,2027,2027-01-01,New Year's Day,,National holiday,"New Year's Day marks the start of a new year in the Gregorian calendar, the official calendar used in the United Kingdom."
GB,2027,2027-01-05,Twelfth Night,,"Observance, Christian",Twelfth Night is a observance and Christian holiday in the United Kingdom
GB,2027,2027-01-06,Epiphany,,"Observance, Christian",Epiphany marks the visit of the Magi to Jesus and celebrates the revelation of God incarnate as Jesus Christ.
GB,2027,2027-01-06,Isra and Mi'raj,,"Observance, Muslim","Isra and Mi'raj marks the night when the Prophet Mohammad traveled from Mecca to Jerusalem, ascended to heaven, and returned."
GB,2027,2027-01-07,Orthodox Christmas Day,,"Observance, Orthodox",Orthodox Christians in the United Kingdom celebrate the Nativity of Christ (Jesus' birth) on the Orthodox Christmas Day.
GB,2027,2027-01-14,Orthodox New Year,,"Observance, Orthodox",Orthodox Christians in the United Kingdom mark the start of a new calendar year on either January 1 or 14 in the Gregorian calendar.
GB,2027,2027-01-23,Tu B'Shevat (Arbor Day),,"Observance, Hebrew","Tu B’Shevat is known as the “New Year for Trees”, is one of the four Jewish New Years."
GB,2027,2027-02-06,Lunar New Year,,Observance,Lunar New Year in the United Kingdom (UK) marks the start of the New Year in the Chinese calendar.
GB,2027,2027-02-08,Ramadan Start,,"Observance, Muslim","Muslims in the United Kingdom welcome Ramadan as a period of fasting, self-evaluation, and spiritual growth."
GB,2027,2027-02-09,Carnival / Shrove Tuesday / Pancake Day,,"Observance, Christian",Shrove Tuesday is also known as Pancake Tuesday in the United Kingdom.
GB,2027,2027-02-10,Carnival / Ash Wednesday,,"Observance, Christian",Ash Wednesday is a Christian observance in the United Kingdom. It is the first day of Lent.
GB,2027,2027-02-14,Valentine's Day,,Observance,Valentine’s Day is celebrated in the UK as a day of love and falls on February 14 every year.
GB,2027,2027-03-01,St. David's Day,,"Local observance, Christian","People in Wales and Welsh communities around the world celebrate the life of their patron saint, St David, and the culture of their country on St David’s Day."
GB,2027,2027-03-05,Lailat al-Qadr,,"Observance, Muslim","Laylatul Qadr, the Night of Power, is the holiest day of the Islamic calendar year."
GB,2027,2027-03-07,Mother's Day,,Observance,"Mother's Day, or Mothering Sunday, is traditionally a day to visit your mother church. It is now an occasion to bring gifts to your own mother."
GB,2027,2027-03-10,Eid ul Fitr,,"Observance, Muslim",Eid ul-Fitr is a Muslim celebration that marks the end of the month-long fast of Ramadan.
GB,2027,2027-03-17,St Patrick's Day,,"Local holiday, Christian","St Patrick's Day remembers the life and deeds of St Patrick, one of Ireland's patron saints. It also celebrates Irish culture."
GB,2027,2027-03-21,Palm Sunday,,"Observance, Christian",Palm Sunday in the United Kingdom celebrates Jesus Christ’s entry into Jerusalem. It is also the Sunday before Easter Sunday.
GB,2027,2027-03-23,Purim,,"Observance, Hebrew","Purim commemorates a time when Jewish people were saved from death around the fourth century BCE, according to the Book of Esther."
GB,2027,2027-03-25,Maundy Thursday,,"Observance, Christian",Many Christians in the United Kingdom celebrate Maundy Thursday on the Thursday before Good Friday.
GB,2027,2027-03-26,Good Friday,,"National holiday, Christian",Good Friday is just before Easter Sunday and is a public holiday in the United Kingdom.
GB,2027,2027-03-27,Holy Saturday,,"Observance, Christian",Holy Saturday is the day before Easter Sunday in the United Kingdom.
GB,2027,2027-03-28,Easter Sunday,,"Observance, Christian",Easter Sunday commemorates Jesus Christ's resurrection. The Easter egg hunt is one of the most popular Easter traditions
GB,2027,2027-03-29,Easter Monday,,"Christian, Common local holiday","Easter Monday is the day after Easter Sunday. It is a bank holiday in England, Wales and Northern Ireland but not in Scotland."
GB,2027,2027-03-29,Easter Monday,,"Local observance, Christian","Easter Monday is the day after Easter Sunday. It is a bank holiday in England, Wales and Northern Ireland but not in Scotland."
GB,2027,2027-04-22,First day of Passover,,"Observance, Hebrew",Passover marks the Israelites' liberation from slavery and their exodus from Egypt around 3000 years ago.
GB,2027,2027-04-22,Stephen Lawrence Day,,Observance,Stephen Lawrence Day is an annual observance in the UK commemorating the racially motivated murder of Stephen Lawrence.
GB,2027,2027-04-23,Shakespeare Day,,Observance,"National Shakespeare Day, also known as Shakespeare Day, is annually held on April 23."
GB,2027,2027-04-23,St. George's Day,,"Local observance, Christian","St George's Day in England is a celebration of Saint George, a Christian martyr and soldier in the Roman army."
GB,2027,2027-04-29,Last day of Passover,,"Observance, Hebrew","On the 8th and last day of Passover, Jews in the UK commemorate the Parting of the Red Sea and the Israelites' escape from Egypt."
GB,2027,2027-04-30,Orthodox Good Friday,,"Observance, Orthodox","Many Orthodox Christians in the United Kingdom remember the events leading up to Jesus Christ's crucifixion on Great Friday, also known as Holy Friday."
GB,2027,2027-05-01,Orthodox Holy Saturday,,"Observance, Orthodox",Many Orthodox Christians in the United Kingdom remember Jesus Christ’s burial and his descent into Hades on Holy Saturday.
GB,2027,2027-05-02,Orthodox Easter,,"Observance, Orthodox","Many Orthodox Christians in the United Kingdom commemorate Jesus Christ’s resurrection on Easter Day, also known as Pascha."
GB,2027,2027-05-03,Early May Bank Holiday,,National holiday,"May Day, or the Early May Bank holiday, is on the first Monday of May each year."
GB,2027,2027-05-03,Orthodox Easter Monday,,"Observance, Orthodox",Many Orthodox churches in the United Kingdom observe Easter Monday on the day after the Orthodox Easter Sunday date.
GB,2027,2027-05-04,Yom HaShoah,,"Observance, Hebrew","Yom Hashoah, held on the 27th day of the month of Nisan, remembers the Holocaust victims who died during World War II."
GB,2027,2027-05-06,Ascension Day,,"Observance, Christian","Ascension Day is the 40th day of Easter and commemorates Jesus Christ’s ascension into heaven, according to Christian belief."
GB,2027,2027-05-12,Yom HaAtzmaut,,"Observance, Hebrew","Celebrated on the fifth day of the Jewish month of Iyar, Yom Ha’Atzmaut is Israel’s Independence Day."
GB,2027,2027-05-16,Pentecost,,"Observance, Christian","Many Christians in the United Kingdom observe Pentecost, also known as Whitsunday or Whit Sunday."
GB,2027,2027-05-17,Eid al-Adha,,"Observance, Muslim",Eid ul-Adha is an Islamic festival to remember Ibrahim's willingness to sacrifice his son to God.
GB,2027,2027-05-17,Whit Monday,,"Observance, Christian","Whit Monday is a Christian observance also known as Pentecost Monday. It is the day after Pentecost, or Whitsunday."
GB,2027,2027-05-23,Trinity Sunday,,"Observance, Christian","Trinity Sunday, which is the first Sunday after Pentecost, is a Christian feast that is observed in many churches in the United Kingdom."
GB,2027,2027-05-25,Lag B'Omer,,"Observance, Hebrew",Jewish people observe Lag BaOmer on the 18th day of the month of Iyar in the Jewish calendar.
GB,2027,2027-05-27,Corpus Christi,,"Observance, Christian",Corpus Christi is a Christian observance that honors the Holy Eucharist.
GB,2027,2027-05-31,Spring Bank Holiday,,National holiday,The spring bank holiday in the United Kingdom is on the last Monday of May each year.
GB,2027,2027-06-06,Muharram/Islamic New Year,,"Observance, Muslim","The first day of Muharram, which is the first month in the Islamic calendar, marks the Islamic New Year."
GB,2027,2027-06-11,Shavuot,,"Observance, Hebrew","Shavuot, also known as the Festival of Weeks, is one of three major Jewish festivals celebrated among Jewish people in the UK."
GB,2027,2027-06-15,Ashura,,"Observance, Muslim","On Ashura, many Muslims commemorate the martyrdom of Imam Husayn ibn Ali."
GB,2027,2027-06-19,King's Birthday,,Observance,The King’s birthday is an annual public holiday in Australia celebrating the official birthday of King Charles III.
GB,2027,2027-06-20,Father's Day,,Observance,Father's Day in the United Kingdom honors fathers and celebrates fatherhood.
GB,2027,2027-06-22,Windrush Day,,Observance,Windrush Day is an annual observance in the UK honoring the British Caribbean community.
GB,2027,2027-08-12,Tisha B'Av,,"Observance, Hebrew","Tisha B’Av is a Jewish day of mourning, which falls on the ninth day of the month of Av in the Jewish calendar."
GB,2027,2027-08-15,Assumption of Mary,,"Observance, Christian",The feast of the Dormition or Assumption of the Blessed Virgin Mary is celebrated by some Christian denominations in the United Kingdom on August 15.
GB,2027,2027-08-15,Milad un Nabi (Mawlid),,"Observance, Muslim","Milad un Nabi, also called Mawlid, marks the birthday of prophet Muhammad."
GB,2027,2027-10-02,Rosh Hashana,,"Observance, Hebrew","Rosh Hashanah, also spelled Rosh Hashana, is commonly known as the Jewish New Year."
GB,2027,2027-10-04,Feast of St Francis of Assisi,,"Observance, Christian","Many churches in the United Kingdom celebrate the Feast of St Francis of Assisi to honor St Francis, the patron saint of animals and the environment, on October 4 each year."
GB,2027,2027-10-11,Yom Kippur,,"Observance, Hebrew",Yom Kippur is arguably the holiest of the Jewish holidays. It is celebrated in October or November.
GB,2027,2027-10-16,First day of Sukkot,,"Observance, Hebrew","Sukkot is a Jewish holiday lasting 7 days. It begins on the 15th of Tishrei, which falls into September or October."
GB,2027,2027-10-22,Hoshana Rabbah,,"Observance, Hebrew","Jewish people in the UK celebrate Hoshana Rabbah, also spelled Hoshana Raba, on the last day of the Sukkot festival."
GB,2027,2027-10-23,Shemini Atzeret,,"Observance, Hebrew","Shemini Atzeret, also spelled Shmini Atzeret, is a joyous Jewish holiday that immediately follows the Sukkot festival."
GB,2027,2027-10-24,Simchat Torah,,"Observance, Hebrew",Simchat Torah (Simchas Torah or Simhat Torah) is a Jewish holiday that celebrates the completion of the annual reading of the Torah.
GB,2027,2027-10-31,Halloween,,Observance,"Halloween is an observance celebrated at the end of October by holding parties, dressing up and going 'trick-or-treating'."
GB,2027,2027-11-01,All Saints' Day,,"Observance, Christian","Many Christians in the United Kingdom observe All Saints' Day, also known as All Hallows' Day, each year."
GB,2027,2027-11-02,All Souls' Day,,"Observance, Christian",All Souls’ Day is observed among some Christian communities in the United Kingdom on November 2 each year.
GB,2027,2027-11-05,Guy Fawkes Day,,Observance,"Guy Fawkes' Night, or Bonfire Night, commemorates the prevention of a plot to blow up the Houses of Parliament in London in 1605."
GB,2027,2027-11-14,Remembrance Sunday,,Observance,"The United Kingdom observes Remembrance Day to remember those who sacrificed their lives during wars and conflicts, including World War I."
GB,2027,2027-11-28,First Sunday of Advent,,"Observance, Christian",The first Sunday in Advent is the start of the liturgical or church year for many Christians as well as the Christmas season for people in the United Kingdom (UK).
GB,2027,2027-11-30,St Andrew's Day,,"Local holiday, Christian",St Andrew is the patron saint of Scotland and St Andrew's Day is a bank holiday in Scotland.
GB,2027,2027-12-08,Feast of the Immaculate Conception,,"Observance, Christian","The Feast of the Immaculate Conception celebrates the conception of Mary, mother of Jesus Christ, on December 8 each year."
GB,2027,2027-12-24,Christmas Eve,,"Observance, Christian","Christmas Eve is the day before Christmas Day. It is not a public holiday in England, Scotland, Wales or Northern Ireland."
GB,2027,2027-12-25,Christmas Day,,"National holiday, Christian",Christmas Day is a holiday that traditionally celebrates Jesus Christ's birth. It is on December 25 in the United Kingdom.
GB,2027,2027-12-25,First Day of Hanukkah,,"Observance, Hebrew",Jewish people around the world celebrate Hanukkah to commemorate an event traditionally termed the miracle of the cruse of oil.
GB,2027,2027-12-26,Boxing Day,,National holiday,Boxing Day is a holiday in the United Kingdom that falls on December 26 each year.
GB,2027,2027-12-26,Isra and Mi'raj,,"Observance, Muslim","Isra and Mi'raj marks the night when the Prophet Mohammad traveled from Mecca to Jerusalem, ascended to heaven, and returned."
GB,2027,2027-12-27,Substitute Bank Holiday for Christmas Day,,National holiday,"December 27 is a bank holiday in the United Kingdom only in some years, depending on which day Christmas Day or Boxing Day occur."
GB,2027,2027-12-28,Substitute Bank Holiday for Boxing Day,,National holiday,"December 28 is a bank holiday in the United Kingdom only in some years, depending on which day Christmas Day or Boxing Day occur."
GB,2027,2027-12-31,New Year's Eve,,Observance,"New Year's Eve, or Hogmanay in Scotland, is the last day of the year in the Gregorian calendar."
GB,2028,2028-01-01,Last day of Hanukkah,,"Observance, Hebrew",The eighth and last day of Hanukkah marks the end of a period in which Jews commemorate the miracle of the cruse of oil.
GB,2028,2028-01-01,New Year's Day,,National holiday,"New Year's Day marks the start of a new year in the Gregorian calendar, the official calendar used in the United Kingdom."
GB,2028,2028-01-03,New Year's Day observed,,National holiday,"New Year's Day marks the start of a new year in the Gregorian calendar, the official calendar used in the United Kingdom."
GB,2028,2028-01-05,Twelfth Night,,"Observance, Christian",Twelfth Night is a observance and Christian holiday in the United Kingdom
GB,2028,2028-01-06,Epiphany,,"Observance, Christian",Epiphany marks the visit of the Magi to Jesus and celebrates the revelation of God incarnate as Jesus Christ.
GB,2028,2028-01-07,Orthodox Christmas Day,,"Observance, Orthodox",Orthodox Christians in the United Kingdom celebrate the Nativity of Christ (Jesus' birth) on the Orthodox Christmas Day.
GB,2028,2028-01-14,Orthodox New Year,,"Observance, Orthodox",Orthodox Christians in the United Kingdom mark the start of a new calendar year on either January 1 or 14 in the Gregorian calendar.
GB,2028,2028-01-26,Lunar New Year,,Observance,Lunar New Year in the United Kingdom (UK) marks the start of the New Year in the Chinese calendar.
GB,2028,2028-01-28,Ramadan Start,,"Observance, Muslim","Muslims in the United Kingdom welcome Ramadan as a period of fasting, self-evaluation, and spiritual growth."
GB,2028,2028-02-12,Tu B'Shevat (Arbor Day),,"Observance, Hebrew","Tu B’Shevat is known as the “New Year for Trees”, is one of the four Jewish New Years."
GB,2028,2028-02-14,Valentine's Day,,Observance,Valentine’s Day is celebrated in the UK as a day of love and falls on February 14 every year.
GB,2028,2028-02-22,Lailat al-Qadr,,"Observance, Muslim","Laylatul Qadr, the Night of Power, is the holiest day of the Islamic calendar year."
GB,2028,2028-02-27,Eid ul Fitr,,"Observance, Muslim",Eid ul-Fitr is a Muslim celebration that marks the end of the month-long fast of Ramadan.
GB,2028,2028-02-29,Carnival / Shrove Tuesday / Pancake Day,,"Observance, Christian",Shrove Tuesday is also known as Pancake Tuesday in the United Kingdom.
GB,2028,2028-03-01,Carnival / Ash Wednesday,,"Observance, Christian",Ash Wednesday is a Christian observance in the United Kingdom. It is the first day of Lent.
GB,2028,2028-03-01,St. David's Day,,"Local observance, Christian","People in Wales and Welsh communities around the world celebrate the life of their patron saint, St David, and the culture of their country on St David’s Day."
GB,2028,2028-03-12,Purim,,"Observance, Hebrew","Purim commemorates a time when Jewish people were saved from death around the fourth century BCE, according to the Book of Esther."
GB,2028,2028-03-17,St Patrick's Day,,"Local holiday, Christian","St Patrick's Day remembers the life and deeds of St Patrick, one of Ireland's patron saints. It also celebrates Irish culture."
GB,2028,2028-03-26,Mother's Day,,Observance,"Mother's Day, or Mothering Sunday, is traditionally a day to visit your mother church. It is now an occasion to bring gifts to your own mother."
GB,2028,2028-04-09,Palm Sunday,,"Observance, Christian",Palm Sunday in the United Kingdom celebrates Jesus Christ’s entry into Jerusalem. It is also the Sunday before Easter Sunday.
GB,2028,2028-04-11,First day of Passover,,"Observance, Hebrew",Passover marks the Israelites' liberation from slavery and their exodus from Egypt around 3000 years ago.
GB,2028,2028-04-13,Maundy Thursday,,"Observance, Christian",Many Christians in the United Kingdom celebrate Maundy Thursday on the Thursday before Good Friday.
GB,2028,2028-04-14,Good Friday,,"National holiday, Christian",Good Friday is just before Easter Sunday and is a public holiday in the United Kingdom.
GB,2028,2028-04-14,Orthodox Good Friday,,"Observance, Orthodox","Many Orthodox Christians in the United Kingdom remember the events leading up to Jesus Christ's crucifixion on Great Friday, also known as Holy Friday."
GB,2028,2028-04-15,Holy Saturday,,"Observance, Christian",Holy Saturday is the day before Easter Sunday in the United Kingdom.
GB,2028,2028-04-15,Orthodox Holy Saturday,,"Observance, Orthodox",Many Orthodox Christians in the United Kingdom remember Jesus Christ’s burial and his descent into Hades on Holy Saturday.
GB,2028,2028-04-16,Easter Sunday,,"Observance, Christian",Easter Sunday commemorates Jesus Christ's resurrection. The Easter egg hunt is one of the most popular Easter traditions
GB,2028,2028-04-16,Orthodox Easter,,"Observance, Orthodox","Many Orthodox Christians in the United Kingdom commemorate Jesus Christ’s resurrection on Easter Day, also known as Pascha."
GB,2028,2028-04-17,Easter Monday,,"Christian, Common local holiday","Easter Monday is the day after Easter Sunday. It is a bank holiday in England, Wales and Northern Ireland but not in Scotland."
GB,2028,2028-04-17,Easter Monday,,"Local observance, Christian","Easter Monday is the day after Easter Sunday. It is a bank holiday in England, Wales and Northern Ireland but not in Scotland."
GB,2028,2028-04-17,Orthodox Easter Monday,,"Observance, Orthodox",Many Orthodox churches in the United Kingdom observe Easter Monday on the day after the Orthodox Easter Sunday date.
GB,2028,2028-04-18,Last day of Passover,,"Observance, Hebrew","On the 8th and last day of Passover, Jews in the UK commemorate the Parting of the Red Sea and the Israelites' escape from Egypt."
GB,2028,2028-04-22,Stephen Lawrence Day,,Observance,Stephen Lawrence Day is an annual observance in the UK commemorating the racially motivated murder of Stephen Lawrence.
GB,2028,2028-04-23,Shakespeare Day,,Observance,"National Shakespeare Day, also known as Shakespeare Day, is annually held on April 23."
GB,2028,2028-04-23,St. George's Day,,"Local observance, Christian","St George's Day in England is a celebration of Saint George, a Christian martyr and soldier in the Roman army."
GB,2028,2028-04-24,St. George's Day,,"Observance, Christian","St George's Day in England is a celebration of Saint George, a Christian martyr and soldier in the Roman army."
GB,2028,2028-04-24,Yom HaShoah,,"Observance, Hebrew","Yom Hashoah, held on the 27th day of the month of Nisan, remembers the Holocaust victims who died during World War II."
GB,2028,2028-05-01,Early May Bank Holiday,,National holiday,"May Day, or the Early May Bank holiday, is on the first Monday of May each year."
GB,2028,2028-05-02,Yom HaAtzmaut,,"Observance, Hebrew","Celebrated on the fifth day of the Jewish month of Iyar, Yom Ha’Atzmaut is Israel’s Independence Day."
GB,2028,2028-05-05,Eid al-Adha,,"Observance, Muslim",Eid ul-Adha is an Islamic festival to remember Ibrahim's willingness to sacrifice his son to God.
GB,2028,2028-05-14,Lag B'Omer,,"Observance, Hebrew",Jewish people observe Lag BaOmer on the 18th day of the month of Iyar in the Jewish calendar.
GB,2028,2028-05-25,Ascension Day,,"Observance, Christian","Ascension Day is the 40th day of Easter and commemorates Jesus Christ’s ascension into heaven, according to Christian belief."
GB,2028,2028-05-25,Muharram/Islamic New Year,,"Observance, Muslim","The first day of Muharram, which is the first month in the Islamic calendar, marks the Islamic New Year."
GB,2028,2028-05-29,Spring Bank Holiday,,National holiday,The spring bank holiday in the United Kingdom is on the last Monday of May each year.
GB,2028,2028-05-31,Shavuot,,"Observance, Hebrew","Shavuot, also known as the Festival of Weeks, is one of three major Jewish festivals celebrated among Jewish people in the UK."
GB,2028,2028-06-03,Ashura,,"Observance, Muslim","On Ashura, many Muslims commemorate the martyrdom of Imam Husayn ibn Ali."
GB,2028,2028-06-04,Pentecost,,"Observance, Christian","Many Christians in the United Kingdom observe Pentecost, also known as Whitsunday or Whit Sunday."
GB,2028,2028-06-05,Whit Monday,,"Observance, Christian","Whit Monday is a Christian observance also known as Pentecost Monday. It is the day after Pentecost, or Whitsunday."
GB,2028,2028-06-11,Trinity Sunday,,"Observance, Christian","Trinity Sunday, which is the first Sunday after Pentecost, is a Christian feast that is observed in many churches in the United Kingdom."
GB,2028,2028-06-15,Corpus Christi,,"Observance, Christian",Corpus Christi is a Christian observance that honors the Holy Eucharist.
GB,2028,2028-06-17,King's Birthday,,Observance,The King’s birthday is an annual public holiday in Australia celebrating the official birthday of King Charles III.
GB,2028,2028-06-18,Father's Day,,Observance,Father's Day in the United Kingdom honors fathers and celebrates fatherhood.
GB,2028,2028-06-22,Windrush Day,,Observance,Windrush Day is an annual observance in the UK honoring the British Caribbean community.
GB,2028,2028-08-01,Tisha B'Av,,"Observance, Hebrew","Tisha B’Av is a Jewish day of mourning, which falls on the ninth day of the month of Av in the Jewish calendar."
GB,2028,2028-08-03,Milad un Nabi (Mawlid),,"Observance, Muslim","Milad un Nabi, also called Mawlid, marks the birthday of prophet Muhammad."
GB,2028,2028-08-15,Assumption of Mary,,"Observance, Christian",The feast of the Dormition or Assumption of the Blessed Virgin Mary is celebrated by some Christian denominations in the United Kingdom on August 15.
GB,2028,2028-09-21,Rosh Hashana,,"Observance, Hebrew","Rosh Hashanah, also spelled Rosh Hashana, is commonly known as the Jewish New Year."
GB,2028,2028-09-30,Yom Kippur,,"Observance, Hebrew",Yom Kippur is arguably the holiest of the Jewish holidays. It is celebrated in October or November.
GB,2028,2028-10-04,Feast of St Francis of Assisi,,"Observance, Christian","Many churches in the United Kingdom celebrate the Feast of St Francis of Assisi to honor St Francis, the patron saint of animals and the environment, on October 4 each year."
GB,2028,2028-10-05,First day of Sukkot,,"Observance, Hebrew","Sukkot is a Jewish holiday lasting 7 days. It begins on the 15th of Tishrei, which falls into September or October."
GB,2028,2028-10-11,Hoshana Rabbah,,"Observance, Hebrew","Jewish people in the UK celebrate Hoshana Rabbah, also spelled Hoshana Raba, on the last day of the Sukkot festival."
GB,2028,2028-10-12,Shemini Atzeret,,"Observance, Hebrew","Shemini Atzeret, also spelled Shmini Atzeret, is a joyous Jewish holiday that immediately follows the Sukkot festival."
GB,2028,2028-10-13,Simchat Torah,,"Observance, Hebrew",Simchat Torah (Simchas Torah or Simhat Torah) is a Jewish holiday that celebrates the completion of the annual reading of the Torah.
GB,2028,2028-10-31,Halloween,,Observance,"Halloween is an observance celebrated at the end of October by holding parties, dressing up and going 'trick-or-treating'."
GB,2028,2028-11-01,All Saints' Day,,"Observance, Christian","Many Christians in the United Kingdom observe All Saints' Day, also known as All Hallows' Day, each year."
GB,2028,2028-11-02,All Souls' Day,,"Observance, Christian",All Souls’ Day is observed among some Christian communities in the United Kingdom on November 2 each year.
GB,2028,2028-11-05,Guy Fawkes Day,,Observance,"Guy Fawkes' Night, or Bonfire Night, commemorates the prevention of a plot to blow up the Houses of Parliament in London in 1605."
GB,2028,2028-11-12,Remembrance Sunday,,Observance,"The United Kingdom observes Remembrance Day to remember those who sacrificed their lives during wars and conflicts, including World War I."
GB,2028,2028-11-30,St Andrew's Day,,"Local holiday, Christian",St Andrew is the patron saint of Scotland and St Andrew's Day is a bank holiday in Scotland.
GB,2028,2028-12-03,First Sunday of Advent,,"Observance, Christian",The first Sunday in Advent is the start of the liturgical or church year for many Christians as well as the Christmas season for people in the United Kingdom (UK).
GB,2028,2028-12-08,Feast of the Immaculate Conception,,"Observance, Christian","The Feast of the Immaculate Conception celebrates the conception of Mary, mother of Jesus Christ, on December 8 each year."
GB,2028,2028-12-13,First Day of Hanukkah,,"Observance, Hebrew",Jewish people around the world celebrate Hanukkah to commemorate an event traditionally termed the miracle of the cruse of oil.
GB,2028,2028-12-14,Isra and Mi'raj,,"Observance, Muslim","Isra and Mi'raj marks the night when the Prophet Mohammad traveled from Mecca to Jerusalem, ascended to heaven, and returned."
GB,2028,2028-12-20,Last day of Hanukkah,,"Observance, Hebrew",The eighth and last day of Hanukkah marks the end of a period in which Jews commemorate the miracle of the cruse of oil.
GB,2028,2028-12-24,Christmas Eve,,"Observance, Christian","Christmas Eve is the day before Christmas Day. It is not a public holiday in England, Scotland, Wales or Northern Ireland."
GB,2028,2028-12-25,Christmas Day,,"National holiday, Christian",Christmas Day is a holiday that traditionally celebrates Jesus Christ's birth. It is on December 25 in the United Kingdom.
GB,2028,2028-12-26,Boxing Day,,National holiday,Boxing Day is a holiday in the United Kingdom that falls on December 26 each year.
GB,2028,2028-12-31,New Year's Eve,,Observance,"New Year's Eve, or Hogmanay in Scotland, is the last day of the year in the Gregorian calendar."
GB,2029,2029-01-01,New Year's Day,,National holiday,"New Year's Day marks the start of a new year in the Gregorian calendar, the official calendar used in the United Kingdom."
GB,2029,2029-01-05,Twelfth Night,,"Observance, Christian",Twelfth Night is a observance and Christian holiday in the United Kingdom
GB,2029,2029-01-06,Epiphany,,"Observance, Christian",Epiphany marks the visit of the Magi to Jesus and celebrates the revelation of God incarnate as Jesus Christ.
GB,2029,2029-01-07,Orthodox Christmas Day,,"Observance, Orthodox",Orthodox Christians in the United Kingdom celebrate the Nativity of Christ (Jesus' birth) on the Orthodox Christmas Day.
GB,2029,2029-01-14,Orthodox New Year,,"Observance, Orthodox",Orthodox Christians in the United Kingdom mark the start of a new calendar year on either January 1 or 14 in the Gregorian calendar.
GB,2029,2029-01-16,Ramadan Start,,"Observance, Muslim","Muslims in the United Kingdom welcome Ramadan as a period of fasting, self-evaluation, and spiritual growth."
GB,2029,2029-01-31,Tu B'Shevat (Arbor Day),,"Observance, Hebrew","Tu B’Shevat is known as the “New Year for Trees”, is one of the four Jewish New Years."
GB,2029,2029-02-10,Lailat al-Qadr,,"Observance, Muslim","Laylatul Qadr, the Night of Power, is the holiest day of the Islamic calendar year."
GB,2029,2029-02-13,Carnival / Shrove Tuesday / Pancake Day,,"Observance, Christian",Shrove Tuesday is also known as Pancake Tuesday in the United Kingdom.
GB,2029,2029-02-13,Lunar New Year,,Observance,Lunar New Year in the United Kingdom (UK) marks the start of the New Year in the Chinese calendar.
GB,2029,2029-02-14,Carnival / Ash Wednesday,,"Observance, Christian",Ash Wednesday is a Christian observance in the United Kingdom. It is the first day of Lent.
GB,2029,2029-02-14,Valentine's Day,,Observance,Valentine’s Day is celebrated in the UK as a day of love and falls on February 14 every year.
GB,2029,2029-02-15,Eid ul Fitr,,"Observance, Muslim",Eid ul-Fitr is a Muslim celebration that marks the end of the month-long fast of Ramadan.
GB,2029,2029-03-01,Purim,,"Observance, Hebrew","Purim commemorates a time when Jewish people were saved from death around the fourth century BCE, according to the Book of Esther."
GB,2029,2029-03-01,St. David's Day,,"Local observance, Christian","People in Wales and Welsh communities around the world celebrate the life of their patron saint, St David, and the culture of their country on St David’s Day."
GB,2029,2029-03-11,Mother's Day,,Observance,"Mother's Day, or Mothering Sunday, is traditionally a day to visit your mother church. It is now an occasion to bring gifts to your own mother."
GB,2029,2029-03-17,St Patrick's Day,,"Local holiday, Christian","St Patrick's Day remembers the life and deeds of St Patrick, one of Ireland's patron saints. It also celebrates Irish culture."
GB,2029,2029-03-19,Day off for St Patrick's Day,,"Local holiday, Christian","St Patrick's Day remembers the life and deeds of St Patrick, one of Ireland's patron saints. It also celebrates Irish culture."
GB,2029,2029-03-25,Palm Sunday,,"Observance, Christian",Palm Sunday in the United Kingdom celebrates Jesus Christ’s entry into Jerusalem. It is also the Sunday before Easter Sunday.
GB,2029,2029-03-29,Maundy Thursday,,"Observance, Christian",Many Christians in the United Kingdom celebrate Maundy Thursday on the Thursday before Good Friday.
GB,2029,2029-03-30,Good Friday,,"National holiday, Christian",Good Friday is just before Easter Sunday and is a public holiday in the United Kingdom.
GB,2029,2029-03-31,First day of Passover,,"Observance, Hebrew",Passover marks the Israelites' liberation from slavery and their exodus from Egypt around 3000 years ago.
GB,2029,2029-03-31,Holy Saturday,,"Observance, Christian",Holy Saturday is the day before Easter Sunday in the United Kingdom.
GB,2029,2029-04-01,Easter Sunday,,"Observance, Christian",Easter Sunday commemorates Jesus Christ's resurrection. The Easter egg hunt is one of the most popular Easter traditions
GB,2029,2029-04-02,Easter Monday,,"Local observance, Christian","Easter Monday is the day after Easter Sunday. It is a bank holiday in England, Wales and Northern Ireland but not in Scotland."
GB,2029,2029-04-02,Easter Monday,,"Christian, Common local holiday","Easter Monday is the day after Easter Sunday. It is a bank holiday in England, Wales and Northern Ireland but not in Scotland."
GB,2029,2029-04-06,Orthodox Good Friday,,"Observance, Orthodox","Many Orthodox Christians in the United Kingdom remember the events leading up to Jesus Christ's crucifixion on Great Friday, also known as Holy Friday."
GB,2029,2029-04-07,Last day of Passover,,"Observance, Hebrew","On the 8th and last day of Passover, Jews in the UK commemorate the Parting of the Red Sea and the Israelites' escape from Egypt."
GB,2029,2029-04-07,Orthodox Holy Saturday,,"Observance, Orthodox",Many Orthodox Christians in the United Kingdom remember Jesus Christ’s burial and his descent into Hades on Holy Saturday.
GB,2029,2029-04-08,Orthodox Easter,,"Observance, Orthodox","Many Orthodox Christians in the United Kingdom commemorate Jesus Christ’s resurrection on Easter Day, also known as Pascha."
GB,2029,2029-04-09,Orthodox Easter Monday,,"Observance, Orthodox",Many Orthodox churches in the United Kingdom observe Easter Monday on the day after the Orthodox Easter Sunday date.
GB,2029,2029-04-11,Yom HaShoah,,"Observance, Hebrew","Yom Hashoah, held on the 27th day of the month of Nisan, remembers the Holocaust victims who died during World War II."
GB,2029,2029-04-19,Yom HaAtzmaut,,"Observance, Hebrew","Celebrated on the fifth day of the Jewish month of Iyar, Yom Ha’Atzmaut is Israel’s Independence Day."
GB,2029,2029-04-22,Stephen Lawrence Day,,Observance,Stephen Lawrence Day is an annual observance in the UK commemorating the racially motivated murder of Stephen Lawrence.
GB,2029,2029-04-23,Shakespeare Day,,Observance,"National Shakespeare Day, also known as Shakespeare Day, is annually held on April 23."
GB,2029,2029-04-23,St. George's Day,,"Local observance, Christian","St George's Day in England is a celebration of Saint George, a Christian martyr and soldier in the Roman army."
GB,2029,2029-04-24,Eid al-Adha,,"Observance, Muslim",Eid ul-Adha is an Islamic festival to remember Ibrahim's willingness to sacrifice his son to God.
GB,2029,2029-05-03,Lag B'Omer,,"Observance, Hebrew",Jewish people observe Lag BaOmer on the 18th day of the month of Iyar in the Jewish calendar.
GB,2029,2029-05-07,Early May Bank Holiday,,National holiday,"May Day, or the Early May Bank holiday, is on the first Monday of May each year."
GB,2029,2029-05-10,Ascension Day,,"Observance, Christian","Ascension Day is the 40th day of Easter and commemorates Jesus Christ’s ascension into heaven, according to Christian belief."
GB,2029,2029-05-15,Muharram/Islamic New Year,,"Observance, Muslim","The first day of Muharram, which is the first month in the Islamic calendar, marks the Islamic New Year."
GB,2029,2029-05-20,Pentecost,,"Observance, Christian","Many Christians in the United Kingdom observe Pentecost, also known as Whitsunday or Whit Sunday."
GB,2029,2029-05-20,Shavuot,,"Observance, Hebrew","Shavuot, also known as the Festival of Weeks, is one of three major Jewish festivals celebrated among Jewish people in the UK."
GB,2029,2029-05-21,Whit Monday,,"Observance, Christian","Whit Monday is a Christian observance also known as Pentecost Monday. It is the day after Pentecost, or Whitsunday."
GB,2029,2029-05-24,Ashura,,"Observance, Muslim","On Ashura, many Muslims commemorate the martyrdom of Imam Husayn ibn Ali."
GB,2029,2029-05-27,Trinity Sunday,,"Observance, Christian","Trinity Sunday, which is the first Sunday after Pentecost, is a Christian feast that is observed in many churches in the United Kingdom."
GB,2029,2029-05-28,Spring Bank Holiday,,National holiday,The spring bank holiday in the United Kingdom is on the last Monday of May each year.
GB,2029,2029-05-31,Corpus Christi,,"Observance, Christian",Corpus Christi is a Christian observance that honors the Holy Eucharist.
GB,2029,2029-06-16,King's Birthday,,Observance,The King’s birthday is an annual public holiday in Australia celebrating the official birthday of King Charles III.
GB,2029,2029-06-17,Father's Day,,Observance,Father's Day in the United Kingdom honors fathers and celebrates fatherhood.
GB,2029,2029-06-22,Windrush Day,,Observance,Windrush Day is an annual observance in the UK honoring the British Caribbean community.
GB,2029,2029-07-22,Tisha B'Av,,"Observance, Hebrew","Tisha B’Av is a Jewish day of mourning, which falls on the ninth day of the month of Av in the Jewish calendar."
GB,2029,2029-07-24,Milad un Nabi (Mawlid),,"Observance, Muslim","Milad un Nabi, also called Mawlid, marks the birthday of prophet Muhammad."
GB,2029,2029-08-15,Assumption of Mary,,"Observance, Christian",The feast of the Dormition or Assumption of the Blessed Virgin Mary is celebrated by some Christian denominations in the United Kingdom on August 15.
GB,2029,2029-09-10,Rosh Hashana,,"Observance, Hebrew","Rosh Hashanah, also spelled Rosh Hashana, is commonly known as the Jewish New Year."
GB,2029,2029-09-19,Yom Kippur,,"Observance, Hebrew",Yom Kippur is arguably the holiest of the Jewish holidays. It is celebrated in October or November.
GB,2029,2029-09-24,First day of Sukkot,,"Observance, Hebrew","Sukkot is a Jewish holiday lasting 7 days. It begins on the 15th of Tishrei, which falls into September or October."
GB,2029,2029-09-30,Hoshana Rabbah,,"Observance, Hebrew","Jewish people in the UK celebrate Hoshana Rabbah, also spelled Hoshana Raba, on the last day of the Sukkot festival."
GB,2029,2029-10-01,Shemini Atzeret,,"Observance, Hebrew","Shemini Atzeret, also spelled Shmini Atzeret, is a joyous Jewish holiday that immediately follows the Sukkot festival."
GB,2029,2029-10-02,Simchat Torah,,"Observance, Hebrew",Simchat Torah (Simchas Torah or Simhat Torah) is a Jewish holiday that celebrates the completion of the annual reading of the Torah.
GB,2029,2029-10-04,Feast of St Francis of Assisi,,"Observance, Christian","Many churches in the United Kingdom celebrate the Feast of St Francis of Assisi to honor St Francis, the patron saint of animals and the environment, on October 4 each year."
GB,2029,2029-10-31,Halloween,,Observance,"Halloween is an observance celebrated at the end of October by holding parties, dressing up and going 'trick-or-treating'."
GB,2029,2029-11-01,All Saints' Day,,"Observance, Christian","Many Christians in the United Kingdom observe All Saints' Day, also known as All Hallows' Day, each year."
GB,2029,2029-11-02,All Souls' Day,,"Observance, Christian",All Souls’ Day is observed among some Christian communities in the United Kingdom on November 2 each year.
GB,2029,2029-11-05,Guy Fawkes Day,,Observance,"Guy Fawkes' Night, or Bonfire Night, commemorates the prevention of a plot to blow up the Houses of Parliament in London in 1605."
GB,2029,2029-11-11,Remembrance Sunday,,Observance,"The United Kingdom observes Remembrance Day to remember those who sacrificed their lives during wars and conflicts, including World War I."
GB,2029,2029-11-30,St Andrew's Day,,"Local holiday, Christian",St Andrew is the patron saint of Scotland and St Andrew's Day is a bank holiday in Scotland.
GB,2029,2029-12-02,First Day of Hanukkah,,"Observance, Hebrew",Jewish people around the world celebrate Hanukkah to commemorate an event traditionally termed the miracle of the cruse of oil.
GB,2029,2029-12-02,First Sunday of Advent,,"Observance, Christian",The first Sunday in Advent is the start of the liturgical or church year for many Christians as well as the Christmas season for people in the United Kingdom (UK).
GB,2029,2029-12-04,Isra and Mi'raj,,"Observance, Muslim","Isra and Mi'raj marks the night when the Prophet Mohammad traveled from Mecca to Jerusalem, ascended to heaven, and returned."
GB,2029,2029-12-08,Feast of the Immaculate Conception,,"Observance, Christian","The Feast of the Immaculate Conception celebrates the conception of Mary, mother of Jesus Christ, on December 8 each year."
GB,2029,2029-12-09,Last day of Hanukkah,,"Observance, Hebrew",The eighth and last day of Hanukkah marks the end of a period in which Jews commemorate the miracle of the cruse of oil.
GB,2029,2029-12-24,Christmas Eve,,"Observance, Christian","Christmas Eve is the day before Christmas Day. It is not a public holiday in England, Scotland, Wales or Northern Ireland."
GB,2029,2029-12-25,Christmas Day,,"National holiday, Christian",Christmas Day is a holiday that traditionally celebrates Jesus Christ's birth. It is on December 25 in the United Kingdom.
GB,2029,2029-12-26,Boxing Day,,National holiday,Boxing Day is a holiday in the United Kingdom that falls on December 26 each year.
GB,2029,2029-12-31,New Year's Eve,,Observance,"New Year's Eve, or Hogmanay in Scotland, is the last day of the year in the Gregorian calendar."
GB,2030,2030-01-01,New Year's Day,,National holiday,"New Year's Day marks the start of a new year in the Gregorian calendar, the official calendar used in the United Kingdom."
GB,2030,2030-01-05,Twelfth Night,,"Observance, Christian",Twelfth Night is a observance and Christian holiday in the United Kingdom
GB,2030,2030-01-06,Epiphany,,"Observance, Christian",Epiphany marks the visit of the Magi to Jesus and celebrates the revelation of God incarnate as Jesus Christ.
GB,2030,2030-01-06,Ramadan Start,,"Observance, Muslim","Muslims in the United Kingdom welcome Ramadan as a period of fasting, self-evaluation, and spiritual growth."
GB,2030,2030-01-07,Orthodox Christmas Day,,"Observance, Orthodox",Orthodox Christians in the United Kingdom celebrate the Nativity of Christ (Jesus' birth) on the Orthodox Christmas Day.
GB,2030,2030-01-14,Orthodox New Year,,"Observance, Orthodox",Orthodox Christians in the United Kingdom mark the start of a new calendar year on either January 1 or 14 in the Gregorian calendar.
GB,2030,2030-01-19,Tu B'Shevat (Arbor Day),,"Observance, Hebrew","Tu B’Shevat is known as the “New Year for Trees”, is one of the four Jewish New Years."
GB,2030,2030-01-31,Lailat al-Qadr,,"Observance, Muslim","Laylatul Qadr, the Night of Power, is the holiest day of the Islamic calendar year."
GB,2030,2030-02-03,Lunar New Year,,Observance,Lunar New Year in the United Kingdom (UK) marks the start of the New Year in the Chinese calendar.
GB,2030,2030-02-05,Eid ul Fitr,,"Observance, Muslim",Eid ul-Fitr is a Muslim celebration that marks the end of the month-long fast of Ramadan.
GB,2030,2030-02-14,Valentine's Day,,Observance,Valentine’s Day is celebrated in the UK as a day of love and falls on February 14 every year.
GB,2030,2030-03-01,St. David's Day,,"Local observance, Christian","People in Wales and Welsh communities around the world celebrate the life of their patron saint, St David, and the culture of their country on St David’s Day."
GB,2030,2030-03-05,Carnival / Shrove Tuesday / Pancake Day,,"Observance, Christian",Shrove Tuesday is also known as Pancake Tuesday in the United Kingdom.
GB,2030,2030-03-06,Carnival / Ash Wednesday,,"Observance, Christian",Ash Wednesday is a Christian observance in the United Kingdom. It is the first day of Lent.
GB,2030,2030-03-17,St Patrick's Day,,"Local holiday, Christian","St Patrick's Day remembers the life and deeds of St Patrick, one of Ireland's patron saints. It also celebrates Irish culture."
GB,2030,2030-03-18,Day off for St Patrick's Day,,"Local holiday, Christian","St Patrick's Day remembers the life and deeds of St Patrick, one of Ireland's patron saints. It also celebrates Irish culture."
GB,2030,2030-03-19,Purim,,"Observance, Hebrew","Purim commemorates a time when Jewish people were saved from death around the fourth century BCE, according to the Book of Esther."
GB,2030,2030-03-31,Mother's Day,,Observance,"Mother's Day, or Mothering Sunday, is traditionally a day to visit your mother church. It is now an occasion to bring gifts to your own mother."
GB,2030,2030-04-14,Eid al-Adha,,"Observance, Muslim",Eid ul-Adha is an Islamic festival to remember Ibrahim's willingness to sacrifice his son to God.
GB,2030,2030-04-14,Palm Sunday,,"Observance, Christian",Palm Sunday in the United Kingdom celebrates Jesus Christ’s entry into Jerusalem. It is also the Sunday before Easter Sunday.
GB,2030,2030-04-18,First day of Passover,,"Observance, Hebrew",Passover marks the Israelites' liberation from slavery and their exodus from Egypt around 3000 years ago.
GB,2030,2030-04-18,Maundy Thursday,,"Observance, Christian",Many Christians in the United Kingdom celebrate Maundy Thursday on the Thursday before Good Friday.
GB,2030,2030-04-19,Good Friday,,"National holiday, Christian",Good Friday is just before Easter Sunday and is a public holiday in the United Kingdom.
GB,2030,2030-04-20,Holy Saturday,,"Observance, Christian",Holy Saturday is the day before Easter Sunday in the United Kingdom.
GB,2030,2030-04-21,Easter Sunday,,"Observance, Christian",Easter Sunday commemorates Jesus Christ's resurrection. The Easter egg hunt is one of the most popular Easter traditions
GB,2030,2030-04-22,Easter Monday,,"Local observance, Christian","Easter Monday is the day after Easter Sunday. It is a bank holiday in England, Wales and Northern Ireland but not in Scotland."
GB,2030,2030-04-22,Easter Monday,,"Christian, Common local holiday","Easter Monday is the day after Easter Sunday. It is a bank holiday in England, Wales and Northern Ireland but not in Scotland."
GB,2030,2030-04-22,Stephen Lawrence Day,,Observance,Stephen Lawrence Day is an annual observance in the UK commemorating the racially motivated murder of Stephen Lawrence.
GB,2030,2030-04-23,Shakespeare Day,,Observance,"National Shakespeare Day, also known as Shakespeare Day, is annually held on April 23."
GB,2030,2030-04-23,St. George's Day,,"Local observance, Christian","St George's Day in England is a celebration of Saint George, a Christian martyr and soldier in the Roman army."
GB,2030,2030-04-25,Last day of Passover,,"Observance, Hebrew","On the 8th and last day of Passover, Jews in the UK commemorate the Parting of the Red Sea and the Israelites' escape from Egypt."
GB,2030,2030-04-26,Orthodox Good Friday,,"Observance, Orthodox","Many Orthodox Christians in the United Kingdom remember the events leading up to Jesus Christ's crucifixion on Great Friday, also known as Holy Friday."
GB,2030,2030-04-27,Orthodox Holy Saturday,,"Observance, Orthodox",Many Orthodox Christians in the United Kingdom remember Jesus Christ’s burial and his descent into Hades on Holy Saturday.
GB,2030,2030-04-28,Orthodox Easter,,"Observance, Orthodox","Many Orthodox Christians in the United Kingdom commemorate Jesus Christ’s resurrection on Easter Day, also known as Pascha."
GB,2030,2030-04-29,Orthodox Easter Monday,,"Observance, Orthodox",Many Orthodox churches in the United Kingdom observe Easter Monday on the day after the Orthodox Easter Sunday date.
GB,2030,2030-04-29,St. George's Day,,"Observance, Christian","St George's Day in England is a celebration of Saint George, a Christian martyr and soldier in the Roman army."
GB,2030,2030-04-30,Yom HaShoah,,"Observance, Hebrew","Yom Hashoah, held on the 27th day of the month of Nisan, remembers the Holocaust victims who died during World War II."
GB,2030,2030-05-04,Muharram/Islamic New Year,,"Observance, Muslim","The first day of Muharram, which is the first month in the Islamic calendar, marks the Islamic New Year."
GB,2030,2030-05-06,Early May Bank Holiday,,National holiday,"May Day, or the Early May Bank holiday, is on the first Monday of May each year."
GB,2030,2030-05-08,Yom HaAtzmaut,,"Observance, Hebrew","Celebrated on the fifth day of the Jewish month of Iyar, Yom Ha’Atzmaut is Israel’s Independence Day."
GB,2030,2030-05-13,Ashura,,"Observance, Muslim","On Ashura, many Muslims commemorate the martyrdom of Imam Husayn ibn Ali."
GB,2030,2030-05-21,Lag B'Omer,,"Observance, Hebrew",Jewish people observe Lag BaOmer on the 18th day of the month of Iyar in the Jewish calendar.
GB,2030,2030-05-27,Spring Bank Holiday,,National holiday,The spring bank holiday in the United Kingdom is on the last Monday of May each year.
GB,2030,2030-05-30,Ascension Day,,"Observance, Christian","Ascension Day is the 40th day of Easter and commemorates Jesus Christ’s ascension into heaven, according to Christian belief."
GB,2030,2030-06-07,Shavuot,,"Observance, Hebrew","Shavuot, also known as the Festival of Weeks, is one of three major Jewish festivals celebrated among Jewish people in the UK."
GB,2030,2030-06-09,Pentecost,,"Observance, Christian","Many Christians in the United Kingdom observe Pentecost, also known as Whitsunday or Whit Sunday."
GB,2030,2030-06-10,Whit Monday,,"Observance, Christian","Whit Monday is a Christian observance also known as Pentecost Monday. It is the day after Pentecost, or Whitsunday."
GB,2030,2030-06-15,King's Birthday,,Observance,The King’s birthday is an annual public holiday in Australia celebrating the official birthday of King Charles III.
GB,2030,2030-06-16,Father's Day,,Observance,Father's Day in the United Kingdom honors fathers and celebrates fatherhood.
GB,2030,2030-06-16,Trinity Sunday,,"Observance, Christian","Trinity Sunday, which is the first Sunday after Pentecost, is a Christian feast that is observed in many churches in the United Kingdom."
GB,2030,2030-06-20,Corpus Christi,,"Observance, Christian",Corpus Christi is a Christian observance that honors the Holy Eucharist.
GB,2030,2030-06-22,Windrush Day,,Observance,Windrush Day is an annual observance in the UK honoring the British Caribbean community.
GB,2030,2030-07-13,Milad un Nabi (Mawlid),,"Observance, Muslim","Milad un Nabi, also called Mawlid, marks the birthday of prophet Muhammad."
GB,2030,2030-08-08,Tisha B'Av,,"Observance, Hebrew","Tisha B’Av is a Jewish day of mourning, which falls on the ninth day of the month of Av in the Jewish calendar."
GB,2030,2030-08-15,Assumption of Mary,,"Observance, Christian",The feast of the Dormition or Assumption of the Blessed Virgin Mary is celebrated by some Christian denominations in the United Kingdom on August 15.
GB,2030,2030-09-28,Rosh Hashana,,"Observance, Hebrew","Rosh Hashanah, also spelled Rosh Hashana, is commonly known as the Jewish New Year."
GB,2030,2030-10-04,Feast of St Francis of Assisi,,"Observance, Christian","Many churches in the United Kingdom celebrate the Feast of St Francis of Assisi to honor St Francis, the patron saint of animals and the environment, on October 4 each year."
GB,2030,2030-10-07,Yom Kippur,,"Observance, Hebrew",Yom Kippur is arguably the holiest of the Jewish holidays. It is celebrated in October or November.
GB,2030,2030-10-12,First day of Sukkot,,"Observance, Hebrew","Sukkot is a Jewish holiday lasting 7 days. It begins on the 15th of Tishrei, which falls into September or October."
GB,2030,2030-10-18,Hoshana Rabbah,,"Observance, Hebrew","Jewish people in the UK celebrate Hoshana Rabbah, also spelled Hoshana Raba, on the last day of the Sukkot festival."
GB,2030,2030-10-19,Shemini Atzeret,,"Observance, Hebrew","Shemini Atzeret, also spelled Shmini Atzeret, is a joyous Jewish holiday that immediately follows the Sukkot festival."
GB,2030,2030-10-20,Simchat Torah,,"Observance, Hebrew",Simchat Torah (Simchas Torah or Simhat Torah) is a Jewish holiday that celebrates the completion of the annual reading of the Torah.
GB,2030,2030-10-31,Halloween,,Observance,"Halloween is an observance celebrated at the end of October by holding parties, dressing up and going 'trick-or-treating'."
GB,2030,2030-11-01,All Saints' Day,,"Observance, Christian","Many Christians in the United Kingdom observe All Saints' Day, also known as All Hallows' Day, each year."
GB,2030,2030-11-02,All Souls' Day,,"Observance, Christian",All Souls’ Day is observed among some Christian communities in the United Kingdom on November 2 each year.
GB,2030,2030-11-05,Guy Fawkes Day,,Observance,"Guy Fawkes' Night, or Bonfire Night, commemorates the prevention of a plot to blow up the Houses of Parliament in London in 1605."
GB,2030,2030-11-10,Remembrance Sunday,,Observance,"The United Kingdom observes Remembrance Day to remember those who sacrificed their lives during wars and conflicts, including World War I."
GB,2030,2030-11-23,Isra and Mi'raj,,"Observance, Muslim","Isra and Mi'raj marks the night when the Prophet Mohammad traveled from Mecca to Jerusalem, ascended to heaven, and returned."
GB,2030,2030-11-30,St Andrew's Day,,"Local holiday, Christian",St Andrew is the patron saint of Scotland and St Andrew's Day is a bank holiday in Scotland.
GB,2030,2030-12-01,First Sunday of Advent,,"Observance, Christian",The first Sunday in Advent is the start of the liturgical or church year for many Christians as well as the Christmas season for people in the United Kingdom (UK).
GB,2030,2030-12-02,St Andrew's Day observed,,"Local holiday, Christian",St Andrew is the patron saint of Scotland and St Andrew's Day is a bank holiday in Scotland.
GB,2030,2030-12-08,Feast of the Immaculate Conception,,"Observance, Christian","The Feast of the Immaculate Conception celebrates the conception of Mary, mother of Jesus Christ, on December 8 each year."
GB,2030,2030-12-21,First Day of Hanukkah,,"Observance, Hebrew",Jewish people around the world celebrate Hanukkah to commemorate an event traditionally termed the miracle of the cruse of oil.
GB,2030,2030-12-24,Christmas Eve,,"Observance, Christian","Christmas Eve is the day before Christmas Day. It is not a public holiday in England, Scotland, Wales or Northern Ireland."
GB,2030,2030-12-25,Christmas Day,,"National holiday, Christian",Christmas Day is a holiday that traditionally celebrates Jesus Christ's birth. It is on December 25 in the United Kingdom.
GB,2030,2030-12-26,Boxing Day,,National holiday,Boxing Day is a holiday in the United Kingdom that falls on December 26 each year.
GB,2030,2030-12-26,Ramadan Start,,"Observance, Muslim","Muslims in the United Kingdom welcome Ramadan as a period of fasting, self-evaluation, and spiritual growth."
GB,2030,2030-12-28,Last day of Hanukkah,,"Observance, Hebrew",The eighth and last day of Hanukkah marks the end of a period in which Jews commemorate the miracle of the cruse of oil.
GB,2030,2030-12-31,New Year's Eve,,Observance,"New Year's Eve, or Hogmanay in Scotland, is the last day of the year in the Gregorian calendar."
GB,2031,2031-01-01,New Year's Day,,National holiday,"New Year's Day marks the start of a new year in the Gregorian calendar, the official calendar used in the United Kingdom."
GB,2031,2031-01-05,Twelfth Night,,"Observance, Christian",Twelfth Night is a observance and Christian holiday in the United Kingdom
GB,2031,2031-01-06,Epiphany,,"Observance, Christian",Epiphany marks the visit of the Magi to Jesus and celebrates the revelation of God incarnate as Jesus Christ.
GB,2031,2031-01-07,Orthodox Christmas Day,,"Observance, Orthodox",Orthodox Christians in the United Kingdom celebrate the Nativity of Christ (Jesus' birth) on the Orthodox Christmas Day.
GB,2031,2031-01-14,Orthodox New Year,,"Observance, Orthodox",Orthodox Christians in the United Kingdom mark the start of a new calendar year on either January 1 or 14 in the Gregorian calendar.
GB,2031,2031-01-20,Lailat al-Qadr,,"Observance, Muslim","Laylatul Qadr, the Night of Power, is the holiest day of the Islamic calendar year."
GB,2031,2031-01-23,Lunar New Year,,Observance,Lunar New Year in the United Kingdom (UK) marks the start of the New Year in the Chinese calendar.
GB,2031,2031-01-25,Eid ul Fitr,,"Observance, Muslim",Eid ul-Fitr is a Muslim celebration that marks the end of the month-long fast of Ramadan.
GB,2031,2031-02-08,Tu B'Shevat (Arbor Day),,"Observance, Hebrew","Tu B’Shevat is known as the “New Year for Trees”, is one of the four Jewish New Years."
GB,2031,2031-02-14,Valentine's Day,,Observance,Valentine’s Day is celebrated in the UK as a day of love and falls on February 14 every year.
GB,2031,2031-02-25,Carnival / Shrove Tuesday / Pancake Day,,"Observance, Christian",Shrove Tuesday is also known as Pancake Tuesday in the United Kingdom.
GB,2031,2031-02-26,Carnival / Ash Wednesday,,"Observance, Christian",Ash Wednesday is a Christian observance in the United Kingdom. It is the first day of Lent.
GB,2031,2031-03-01,St. David's Day,,"Local observance, Christian","People in Wales and Welsh communities around the world celebrate the life of their patron saint, St David, and the culture of their country on St David’s Day."
GB,2031,2031-03-09,Purim,,"Observance, Hebrew","Purim commemorates a time when Jewish people were saved from death around the fourth century BCE, according to the Book of Esther."
GB,2031,2031-03-17,St Patrick's Day,,"Local holiday, Christian","St Patrick's Day remembers the life and deeds of St Patrick, one of Ireland's patron saints. It also celebrates Irish culture."
GB,2031,2031-03-23,Mother's Day,,Observance,"Mother's Day, or Mothering Sunday, is traditionally a day to visit your mother church. It is now an occasion to bring gifts to your own mother."
GB,2031,2031-04-03,Eid al-Adha,,"Observance, Muslim",Eid ul-Adha is an Islamic festival to remember Ibrahim's willingness to sacrifice his son to God.
GB,2031,2031-04-06,Palm Sunday,,"Observance, Christian",Palm Sunday in the United Kingdom celebrates Jesus Christ’s entry into Jerusalem. It is also the Sunday before Easter Sunday.
GB,2031,2031-04-08,First day of Passover,,"Observance, Hebrew",Passover marks the Israelites' liberation from slavery and their exodus from Egypt around 3000 years ago.
GB,2031,2031-04-10,Maundy Thursday,,"Observance, Christian",Many Christians in the United Kingdom celebrate Maundy Thursday on the Thursday before Good Friday.
GB,2031,2031-04-11,Good Friday,,"National holiday, Christian",Good Friday is just before Easter Sunday and is a public holiday in the United Kingdom.
GB,2031,2031-04-11,Orthodox Good Friday,,"Observance, Orthodox","Many Orthodox Christians in the United Kingdom remember the events leading up to Jesus Christ's crucifixion on Great Friday, also known as Holy Friday."
GB,2031,2031-04-12,Holy Saturday,,"Observance, Christian",Holy Saturday is the day before Easter Sunday in the United Kingdom.
GB,2031,2031-04-12,Orthodox Holy Saturday,,"Observance, Orthodox",Many Orthodox Christians in the United Kingdom remember Jesus Christ’s burial and his descent into Hades on Holy Saturday.
GB,2031,2031-04-13,Easter Sunday,,"Observance, Christian",Easter Sunday commemorates Jesus Christ's resurrection. The Easter egg hunt is one of the most popular Easter traditions
GB,2031,2031-04-13,Orthodox Easter,,"Observance, Orthodox","Many Orthodox Christians in the United Kingdom commemorate Jesus Christ’s resurrection on Easter Day, also known as Pascha."
GB,2031,2031-04-14,Easter Monday,,"Christian, Common local holiday","Easter Monday is the day after Easter Sunday. It is a bank holiday in England, Wales and Northern Ireland but not in Scotland."
GB,2031,2031-04-14,Easter Monday,,"Local observance, Christian","Easter Monday is the day after Easter Sunday. It is a bank holiday in England, Wales and Northern Ireland but not in Scotland."
GB,2031,2031-04-14,Orthodox Easter Monday,,"Observance, Orthodox",Many Orthodox churches in the United Kingdom observe Easter Monday on the day after the Orthodox Easter Sunday date.
GB,2031,2031-04-15,Last day of Passover,,"Observance, Hebrew","On the 8th and last day of Passover, Jews in the UK commemorate the Parting of the Red Sea and the Israelites' escape from Egypt."
GB,2031,2031-04-21,Yom HaShoah,,"Observance, Hebrew","Yom Hashoah, held on the 27th day of the month of Nisan, remembers the Holocaust victims who died during World War II."
GB,2031,2031-04-22,Stephen Lawrence Day,,Observance,Stephen Lawrence Day is an annual observance in the UK commemorating the racially motivated murder of Stephen Lawrence.
GB,2031,2031-04-23,Muharram/Islamic New Year,,"Observance, Muslim","The first day of Muharram, which is the first month in the Islamic calendar, marks the Islamic New Year."
GB,2031,2031-04-23,Shakespeare Day,,Observance,"National Shakespeare Day, also known as Shakespeare Day, is annually held on April 23."
GB,2031,2031-04-23,St. George's Day,,"Local observance, Christian","St George's Day in England is a celebration of Saint George, a Christian martyr and soldier in the Roman army."
GB,2031,2031-04-29,Yom HaAtzmaut,,"Observance, Hebrew","Celebrated on the fifth day of the Jewish month of Iyar, Yom Ha’Atzmaut is Israel’s Independence Day."
GB,2031,2031-05-02,Ashura,,"Observance, Muslim","On Ashura, many Muslims commemorate the martyrdom of Imam Husayn ibn Ali."
GB,2031,2031-05-05,Early May Bank Holiday,,National holiday,"May Day, or the Early May Bank holiday, is on the first Monday of May each year."
GB,2031,2031-05-11,Lag B'Omer,,"Observance, Hebrew",Jewish people observe Lag BaOmer on the 18th day of the month of Iyar in the Jewish calendar.
GB,2031,2031-05-22,Ascension Day,,"Observance, Christian","Ascension Day is the 40th day of Easter and commemorates Jesus Christ’s ascension into heaven, according to Christian belief."
GB,2031,2031-05-26,Spring Bank Holiday,,National holiday,The spring bank holiday in the United Kingdom is on the last Monday of May each year.
GB,2031,2031-05-28,Shavuot,,"Observance, Hebrew","Shavuot, also known as the Festival of Weeks, is one of three major Jewish festivals celebrated among Jewish people in the UK."
GB,2031,2031-06-01,Pentecost,,"Observance, Christian","Many Christians in the United Kingdom observe Pentecost, also known as Whitsunday or Whit Sunday."
GB,2031,2031-06-02,Whit Monday,,"Observance, Christian","Whit Monday is a Christian observance also known as Pentecost Monday. It is the day after Pentecost, or Whitsunday."
GB,2031,2031-06-08,Trinity Sunday,,"Observance, Christian","Trinity Sunday, which is the first Sunday after Pentecost, is a Christian feast that is observed in many churches in the United Kingdom."
GB,2031,2031-06-12,Corpus Christi,,"Observance, Christian",Corpus Christi is a Christian observance that honors the Holy Eucharist.
GB,2031,2031-06-15,Father's Day,,Observance,Father's Day in the United Kingdom honors fathers and celebrates fatherhood.
GB,2031,2031-06-21,King's Birthday,,Observance,The King’s birthday is an annual public holiday in Australia celebrating the official birthday of King Charles III.
GB,2031,2031-06-22,Windrush Day,,Observance,Windrush Day is an annual observance in the UK honoring the British Caribbean community.
GB,2031,2031-07-02,Milad un Nabi (Mawlid),,"Observance, Muslim","Milad un Nabi, also called Mawlid, marks the birthday of prophet Muhammad."
GB,2031,2031-07-29,Tisha B'Av,,"Observance, Hebrew","Tisha B’Av is a Jewish day of mourning, which falls on the ninth day of the month of Av in the Jewish calendar."
GB,2031,2031-08-15,Assumption of Mary,,"Observance, Christian",The feast of the Dormition or Assumption of the Blessed Virgin Mary is celebrated by some Christian denominations in the United Kingdom on August 15.
GB,2031,2031-09-18,Rosh Hashana,,"Observance, Hebrew","Rosh Hashanah, also spelled Rosh Hashana, is commonly known as the Jewish New Year."
GB,2031,2031-09-27,Yom Kippur,,"Observance, Hebrew",Yom Kippur is arguably the holiest of the Jewish holidays. It is celebrated in October or November.
GB,2031,2031-10-02,First day of Sukkot,,"Observance, Hebrew","Sukkot is a Jewish holiday lasting 7 days. It begins on the 15th of Tishrei, which falls into September or October."
GB,2031,2031-10-04,Feast of St Francis of Assisi,,"Observance, Christian","Many churches in the United Kingdom celebrate the Feast of St Francis of Assisi to honor St Francis, the patron saint of animals and the environment, on October 4 each year."
GB,2031,2031-10-08,Hoshana Rabbah,,"Observance, Hebrew","Jewish people in the UK celebrate Hoshana Rabbah, also spelled Hoshana Raba, on the last day of the Sukkot festival."
GB,2031,2031-10-09,Shemini Atzeret,,"Observance, Hebrew","Shemini Atzeret, also spelled Shmini Atzeret, is a joyous Jewish holiday that immediately follows the Sukkot festival."
GB,2031,2031-10-10,Simchat Torah,,"Observance, Hebrew",Simchat Torah (Simchas Torah or Simhat Torah) is a Jewish holiday that celebrates the completion of the annual reading of the Torah.
GB,2031,2031-10-31,Halloween,,Observance,"Halloween is an observance celebrated at the end of October by holding parties, dressing up and going 'trick-or-treating'."
GB,2031,2031-11-01,All Saints' Day,,"Observance, Christian","Many Christians in the United Kingdom observe All Saints' Day, also known as All Hallows' Day, each year."
GB,2031,2031-11-02,All Souls' Day,,"Observance, Christian",All Souls’ Day is observed among some Christian communities in the United Kingdom on November 2 each year.
GB,2031,2031-11-05,Guy Fawkes Day,,Observance,"Guy Fawkes' Night, or Bonfire Night, commemorates the prevention of a plot to blow up the Houses of Parliament in London in 1605."
GB,2031,2031-11-09,Remembrance Sunday,,Observance,"The United Kingdom observes Remembrance Day to remember those who sacrificed their lives during wars and conflicts, including World War I."
GB,2031,2031-11-12,Isra and Mi'raj,,"Observance, Muslim","Isra and Mi'raj marks the night when the Prophet Mohammad traveled from Mecca to Jerusalem, ascended to heaven, and returned."
GB,2031,2031-11-30,First Sunday of Advent,,"Observance, Christian",The first Sunday in Advent is the start of the liturgical or church year for many Christians as well as the Christmas season for people in the United Kingdom (UK).
GB,2031,2031-11-30,St Andrew's Day,,"Local holiday, Christian",St Andrew is the patron saint of Scotland and St Andrew's Day is a bank holiday in Scotland.
GB,2031,2031-12-01,St Andrew's Day observed,,"Local holiday, Christian",St Andrew is the patron saint of Scotland and St Andrew's Day is a bank holiday in Scotland.
GB,2031,2031-12-08,Feast of the Immaculate Conception,,"Observance, Christian","The Feast of the Immaculate Conception celebrates the conception of Mary, mother of Jesus Christ, on December 8 each year."
GB,2031,2031-12-10,First Day of Hanukkah,,"Observance, Hebrew",Jewish people around the world celebrate Hanukkah to commemorate an event traditionally termed the miracle of the cruse of oil.
GB,2031,2031-12-15,Ramadan Start,,"Observance, Muslim","Muslims in the United Kingdom welcome Ramadan as a period of fasting, self-evaluation, and spiritual growth."
GB,2031,2031-12-17,Last day of Hanukkah,,"Observance, Hebrew",The eighth and last day of Hanukkah marks the end of a period in which Jews commemorate the miracle of the cruse of oil.
GB,2031,2031-12-24,Christmas Eve,,"Observance, Christian","Christmas Eve is the day before Christmas Day. It is not a public holiday in England, Scotland, Wales or Northern Ireland."
GB,2031,2031-12-25,Christmas Day,,"National holiday, Christian",Christmas Day is a holiday that traditionally celebrates Jesus Christ's birth. It is on December 25 in the United Kingdom.
GB,2031,2031-12-26,Boxing Day,,National holiday,Boxing Day is a holiday in the United Kingdom that falls on December 26 each year.
GB,2031,2031-12-31,New Year's Eve,,Observance,"New Year's Eve, or Hogmanay in Scotland, is the last day of the year in the Gregorian calendar."
GB,2032,2032-01-01,New Year's Day,,National holiday,"New Year's Day marks the start of a new year in the Gregorian calendar, the official calendar used in the United Kingdom."
GB,2032,2032-01-05,Twelfth Night,,"Observance, Christian",Twelfth Night is a observance and Christian holiday in the United Kingdom
GB,2032,2032-01-06,Epiphany,,"Observance, Christian",Epiphany marks the visit of the Magi to Jesus and celebrates the revelation of God incarnate as Jesus Christ.
GB,2032,2032-01-07,Orthodox Christmas Day,,"Observance, Orthodox",Orthodox Christians in the United Kingdom celebrate the Nativity of Christ (Jesus' birth) on the Orthodox Christmas Day.
GB,2032,2032-01-09,Lailat al-Qadr,,"Observance, Muslim","Laylatul Qadr, the Night of Power, is the holiest day of the Islamic calendar year."
GB,2032,2032-01-14,Eid ul Fitr,,"Observance, Muslim",Eid ul-Fitr is a Muslim celebration that marks the end of the month-long fast of Ramadan.
GB,2032,2032-01-14,Orthodox New Year,,"Observance, Orthodox",Orthodox Christians in the United Kingdom mark the start of a new calendar year on either January 1 or 14 in the Gregorian calendar.
GB,2032,2032-01-28,Tu B'Shevat (Arbor Day),,"Observance, Hebrew","Tu B’Shevat is known as the “New Year for Trees”, is one of the four Jewish New Years."
GB,2032,2032-02-10,Carnival / Shrove Tuesday / Pancake Day,,"Observance, Christian",Shrove Tuesday is also known as Pancake Tuesday in the United Kingdom.
GB,2032,2032-02-11,Carnival / Ash Wednesday,,"Observance, Christian",Ash Wednesday is a Christian observance in the United Kingdom. It is the first day of Lent.
GB,2032,2032-02-11,Lunar New Year,,Observance,Lunar New Year in the United Kingdom (UK) marks the start of the New Year in the Chinese calendar.
GB,2032,2032-02-14,Valentine's Day,,Observance,Valentine’s Day is celebrated in the UK as a day of love and falls on February 14 every year.
GB,2032,2032-02-26,Purim,,"Observance, Hebrew","Purim commemorates a time when Jewish people were saved from death around the fourth century BCE, according to the Book of Esther."
GB,2032,2032-03-01,St. David's Day,,"Local observance, Christian","People in Wales and Welsh communities around the world celebrate the life of their patron saint, St David, and the culture of their country on St David’s Day."
GB,2032,2032-03-07,Mother's Day,,Observance,"Mother's Day, or Mothering Sunday, is traditionally a day to visit your mother church. It is now an occasion to bring gifts to your own mother."
GB,2032,2032-03-17,St Patrick's Day,,"Local holiday, Christian","St Patrick's Day remembers the life and deeds of St Patrick, one of Ireland's patron saints. It also celebrates Irish culture."
GB,2032,2032-03-21,Palm Sunday,,"Observance, Christian",Palm Sunday in the United Kingdom celebrates Jesus Christ’s entry into Jerusalem. It is also the Sunday before Easter Sunday.
GB,2032,2032-03-22,Eid al-Adha,,"Observance, Muslim",Eid ul-Adha is an Islamic festival to remember Ibrahim's willingness to sacrifice his son to God.
GB,2032,2032-03-25,Maundy Thursday,,"Observance, Christian",Many Christians in the United Kingdom celebrate Maundy Thursday on the Thursday before Good Friday.
GB,2032,2032-03-26,Good Friday,,"National holiday, Christian",Good Friday is just before Easter Sunday and is a public holiday in the United Kingdom.
GB,2032,2032-03-27,First day of Passover,,"Observance, Hebrew",Passover marks the Israelites' liberation from slavery and their exodus from Egypt around 3000 years ago.
GB,2032,2032-03-27,Holy Saturday,,"Observance, Christian",Holy Saturday is the day before Easter Sunday in the United Kingdom.
GB,2032,2032-03-28,Easter Sunday,,"Observance, Christian",Easter Sunday commemorates Jesus Christ's resurrection. The Easter egg hunt is one of the most popular Easter traditions
GB,2032,2032-03-29,Easter Monday,,"Local observance, Christian","Easter Monday is the day after Easter Sunday. It is a bank holiday in England, Wales and Northern Ireland but not in Scotland."
GB,2032,2032-03-29,Easter Monday,,"Christian, Common local holiday","Easter Monday is the day after Easter Sunday. It is a bank holiday in England, Wales and Northern Ireland but not in Scotland."
GB,2032,2032-04-03,Last day of Passover,,"Observance, Hebrew","On the 8th and last day of Passover, Jews in the UK commemorate the Parting of the Red Sea and the Israelites' escape from Egypt."
GB,2032,2032-04-07,Yom HaShoah,,"Observance, Hebrew","Yom Hashoah, held on the 27th day of the month of Nisan, remembers the Holocaust victims who died during World War II."
GB,2032,2032-04-12,Muharram/Islamic New Year,,"Observance, Muslim","The first day of Muharram, which is the first month in the Islamic calendar, marks the Islamic New Year."
GB,2032,2032-04-15,Yom HaAtzmaut,,"Observance, Hebrew","Celebrated on the fifth day of the Jewish month of Iyar, Yom Ha’Atzmaut is Israel’s Independence Day."
GB,2032,2032-04-21,Ashura,,"Observance, Muslim","On Ashura, many Muslims commemorate the martyrdom of Imam Husayn ibn Ali."
GB,2032,2032-04-22,Stephen Lawrence Day,,Observance,Stephen Lawrence Day is an annual observance in the UK commemorating the racially motivated murder of Stephen Lawrence.
GB,2032,2032-04-23,Shakespeare Day,,Observance,"National Shakespeare Day, also known as Shakespeare Day, is annually held on April 23."
GB,2032,2032-04-23,St. George's Day,,"Local observance, Christian","St George's Day in England is a celebration of Saint George, a Christian martyr and soldier in the Roman army."
GB,2032,2032-04-29,Lag B'Omer,,"Observance, Hebrew",Jewish people observe Lag BaOmer on the 18th day of the month of Iyar in the Jewish calendar.
GB,2032,2032-04-30,Orthodox Good Friday,,"Observance, Orthodox","Many Orthodox Christians in the United Kingdom remember the events leading up to Jesus Christ's crucifixion on Great Friday, also known as Holy Friday."
GB,2032,2032-05-01,Orthodox Holy Saturday,,"Observance, Orthodox",Many Orthodox Christians in the United Kingdom remember Jesus Christ’s burial and his descent into Hades on Holy Saturday.
GB,2032,2032-05-02,Orthodox Easter,,"Observance, Orthodox","Many Orthodox Christians in the United Kingdom commemorate Jesus Christ’s resurrection on Easter Day, also known as Pascha."
GB,2032,2032-05-03,Early May Bank Holiday,,National holiday,"May Day, or the Early May Bank holiday, is on the first Monday of May each year."
GB,2032,2032-05-03,Orthodox Easter Monday,,"Observance, Orthodox",Many Orthodox churches in the United Kingdom observe Easter Monday on the day after the Orthodox Easter Sunday date.
GB,2032,2032-05-06,Ascension Day,,"Observance, Christian","Ascension Day is the 40th day of Easter and commemorates Jesus Christ’s ascension into heaven, according to Christian belief."
GB,2032,2032-05-16,Pentecost,,"Observance, Christian","Many Christians in the United Kingdom observe Pentecost, also known as Whitsunday or Whit Sunday."
GB,2032,2032-05-16,Shavuot,,"Observance, Hebrew","Shavuot, also known as the Festival of Weeks, is one of three major Jewish festivals celebrated among Jewish people in the UK."
GB,2032,2032-05-17,Whit Monday,,"Observance, Christian","Whit Monday is a Christian observance also known as Pentecost Monday. It is the day after Pentecost, or Whitsunday."
GB,2032,2032-05-23,Trinity Sunday,,"Observance, Christian","Trinity Sunday, which is the first Sunday after Pentecost, is a Christian feast that is observed in many churches in the United Kingdom."
GB,2032,2032-05-27,Corpus Christi,,"Observance, Christian",Corpus Christi is a Christian observance that honors the Holy Eucharist.
GB,2032,2032-05-31,Spring Bank Holiday,,National holiday,The spring bank holiday in the United Kingdom is on the last Monday of May each year.
GB,2032,2032-06-19,King's Birthday,,Observance,The King’s birthday is an annual public holiday in Australia celebrating the official birthday of King Charles III.
GB,2032,2032-06-20,Father's Day,,Observance,Father's Day in the United Kingdom honors fathers and celebrates fatherhood.
GB,2032,2032-06-21,Milad un Nabi (Mawlid),,"Observance, Muslim","Milad un Nabi, also called Mawlid, marks the birthday of prophet Muhammad."
GB,2032,2032-06-22,Windrush Day,,Observance,Windrush Day is an annual observance in the UK honoring the British Caribbean community.
GB,2032,2032-07-18,Tisha B'Av,,"Observance, Hebrew","Tisha B’Av is a Jewish day of mourning, which falls on the ninth day of the month of Av in the Jewish calendar."
GB,2032,2032-08-15,Assumption of Mary,,"Observance, Christian",The feast of the Dormition or Assumption of the Blessed Virgin Mary is celebrated by some Christian denominations in the United Kingdom on August 15.
GB,2032,2032-09-06,Rosh Hashana,,"Observance, Hebrew","Rosh Hashanah, also spelled Rosh Hashana, is commonly known as the Jewish New Year."
GB,2032,2032-09-15,Yom Kippur,,"Observance, Hebrew",Yom Kippur is arguably the holiest of the Jewish holidays. It is celebrated in October or November.
GB,2032,2032-09-20,First day of Sukkot,,"Observance, Hebrew","Sukkot is a Jewish holiday lasting 7 days. It begins on the 15th of Tishrei, which falls into September or October."
GB,2032,2032-09-26,Hoshana Rabbah,,"Observance, Hebrew","Jewish people in the UK celebrate Hoshana Rabbah, also spelled Hoshana Raba, on the last day of the Sukkot festival."
GB,2032,2032-09-27,Shemini Atzeret,,"Observance, Hebrew","Shemini Atzeret, also spelled Shmini Atzeret, is a joyous Jewish holiday that immediately follows the Sukkot festival."
GB,2032,2032-09-28,Simchat Torah,,"Observance, Hebrew",Simchat Torah (Simchas Torah or Simhat Torah) is a Jewish holiday that celebrates the completion of the annual reading of the Torah.
GB,2032,2032-10-04,Feast of St Francis of Assisi,,"Observance, Christian","Many churches in the United Kingdom celebrate the Feast of St Francis of Assisi to honor St Francis, the patron saint of animals and the environment, on October 4 each year."
GB,2032,2032-10-31,Halloween,,Observance,"Halloween is an observance celebrated at the end of October by holding parties, dressing up and going 'trick-or-treating'."
GB,2032,2032-11-01,All Saints' Day,,"Observance, Christian","Many Christians in the United Kingdom observe All Saints' Day, also known as All Hallows' Day, each year."
GB,2032,2032-11-01,Isra and Mi'raj,,"Observance, Muslim","Isra and Mi'raj marks the night when the Prophet Mohammad traveled from Mecca to Jerusalem, ascended to heaven, and returned."
GB,2032,2032-11-02,All Souls' Day,,"Observance, Christian",All Souls’ Day is observed among some Christian communities in the United Kingdom on November 2 each year.
GB,2032,2032-11-05,Guy Fawkes Day,,Observance,"Guy Fawkes' Night, or Bonfire Night, commemorates the prevention of a plot to blow up the Houses of Parliament in London in 1605."
GB,2032,2032-11-14,Remembrance Sunday,,Observance,"The United Kingdom observes Remembrance Day to remember those who sacrificed their lives during wars and conflicts, including World War I."
GB,2032,2032-11-28,First Day of Hanukkah,,"Observance, Hebrew",Jewish people around the world celebrate Hanukkah to commemorate an event traditionally termed the miracle of the cruse of oil.
GB,2032,2032-11-28,First Sunday of Advent,,"Observance, Christian",The first Sunday in Advent is the start of the liturgical or church year for many Christians as well as the Christmas season for people in the United Kingdom (UK).
GB,2032,2032-11-30,St Andrew's Day,,"Local holiday, Christian",St Andrew is the patron saint of Scotland and St Andrew's Day is a bank holiday in Scotland.
GB,2032,2032-12-04,Ramadan Start,,"Observance, Muslim","Muslims in the United Kingdom welcome Ramadan as a period of fasting, self-evaluation, and spiritual growth."
GB,2032,2032-12-05,Last day of Hanukkah,,"Observance, Hebrew",The eighth and last day of Hanukkah marks the end of a period in which Jews commemorate the miracle of the cruse of oil.
GB,2032,2032-12-08,Feast of the Immaculate Conception,,"Observance, Christian","The Feast of the Immaculate Conception celebrates the conception of Mary, mother of Jesus Christ, on December 8 each year."
GB,2032,2032-12-24,Christmas Eve,,"Observance, Christian","Christmas Eve is the day before Christmas Day. It is not a public holiday in England, Scotland, Wales or Northern Ireland."
GB,2032,2032-12-25,Christmas Day,,"National holiday, Christian",Christmas Day is a holiday that traditionally celebrates Jesus Christ's birth. It is on December 25 in the United Kingdom.
GB,2032,2032-12-26,Boxing Day,,National holiday,Boxing Day is a holiday in the United Kingdom that falls on December 26 each year.
GB,2032,2032-12-27,Substitute Bank Holiday for Christmas Day,,National holiday,"December 27 is a bank holiday in the United Kingdom only in some years, depending on which day Christmas Day or Boxing Day occur."
GB,2032,2032-12-28,Substitute Bank Holiday for Boxing Day,,National holiday,"December 28 is a bank holiday in the United Kingdom only in some years, depending on which day Christmas Day or Boxing Day occur."
GB,2032,2032-12-29,Lailat al-Qadr,,"Observance, Muslim","Laylatul Qadr, the Night of Power, is the holiest day of the Islamic calendar year."
GB,2032,2032-12-31,New Year's Eve,,Observance,"New Year's Eve, or Hogmanay in Scotland, is the last day of the year in the Gregorian calendar."
GB,2033,2033-01-01,New Year's Day,,National holiday,"New Year's Day marks the start of a new year in the Gregorian calendar, the official calendar used in the United Kingdom."
GB,2033,2033-01-03,Eid ul Fitr,,"Observance, Muslim",Eid ul-Fitr is a Muslim celebration that marks the end of the month-long fast of Ramadan.
GB,2033,2033-01-03,New Year's Day observed,,National holiday,"New Year's Day marks the start of a new year in the Gregorian calendar, the official calendar used in the United Kingdom."
GB,2033,2033-01-05,Twelfth Night,,"Observance, Christian",Twelfth Night is a observance and Christian holiday in the United Kingdom
GB,2033,2033-01-06,Epiphany,,"Observance, Christian",Epiphany marks the visit of the Magi to Jesus and celebrates the revelation of God incarnate as Jesus Christ.
GB,2033,2033-01-07,Orthodox Christmas Day,,"Observance, Orthodox",Orthodox Christians in the United Kingdom celebrate the Nativity of Christ (Jesus' birth) on the Orthodox Christmas Day.
GB,2033,2033-01-14,Orthodox New Year,,"Observance, Orthodox",Orthodox Christians in the United Kingdom mark the start of a new calendar year on either January 1 or 14 in the Gregorian calendar.
GB,2033,2033-01-15,Tu B'Shevat (Arbor Day),,"Observance, Hebrew","Tu B’Shevat is known as the “New Year for Trees”, is one of the four Jewish New Years."
GB,2033,2033-01-31,Lunar New Year,,Observance,Lunar New Year in the United Kingdom (UK) marks the start of the New Year in the Chinese calendar.
GB,2033,2033-02-14,Valentine's Day,,Observance,Valentine’s Day is celebrated in the UK as a day of love and falls on February 14 every year.
GB,2033,2033-03-01,Carnival / Shrove Tuesday / Pancake Day,,"Observance, Christian",Shrove Tuesday is also known as Pancake Tuesday in the United Kingdom.
GB,2033,2033-03-01,St. David's Day,,"Local observance, Christian","People in Wales and Welsh communities around the world celebrate the life of their patron saint, St David, and the culture of their country on St David’s Day."
GB,2033,2033-03-02,Carnival / Ash Wednesday,,"Observance, Christian",Ash Wednesday is a Christian observance in the United Kingdom. It is the first day of Lent.
GB,2033,2033-03-12,Eid al-Adha,,"Observance, Muslim",Eid ul-Adha is an Islamic festival to remember Ibrahim's willingness to sacrifice his son to God.
GB,2033,2033-03-15,Purim,,"Observance, Hebrew","Purim commemorates a time when Jewish people were saved from death around the fourth century BCE, according to the Book of Esther."
GB,2033,2033-03-17,St Patrick's Day,,"Local holiday, Christian","St Patrick's Day remembers the life and deeds of St Patrick, one of Ireland's patron saints. It also celebrates Irish culture."
GB,2033,2033-03-27,Mother's Day,,Observance,"Mother's Day, or Mothering Sunday, is traditionally a day to visit your mother church. It is now an occasion to bring gifts to your own mother."
GB,2033,2033-04-01,Muharram/Islamic New Year,,"Observance, Muslim","The first day of Muharram, which is the first month in the Islamic calendar, marks the Islamic New Year."
GB,2033,2033-04-10,Ashura,,"Observance, Muslim","On Ashura, many Muslims commemorate the martyrdom of Imam Husayn ibn Ali."
GB,2033,2033-04-10,Palm Sunday,,"Observance, Christian",Palm Sunday in the United Kingdom celebrates Jesus Christ’s entry into Jerusalem. It is also the Sunday before Easter Sunday.
GB,2033,2033-04-14,First day of Passover,,"Observance, Hebrew",Passover marks the Israelites' liberation from slavery and their exodus from Egypt around 3000 years ago.
GB,2033,2033-04-14,Maundy Thursday,,"Observance, Christian",Many Christians in the United Kingdom celebrate Maundy Thursday on the Thursday before Good Friday.
GB,2033,2033-04-15,Good Friday,,"National holiday, Christian",Good Friday is just before Easter Sunday and is a public holiday in the United Kingdom.
GB,2033,2033-04-16,Holy Saturday,,"Observance, Christian",Holy Saturday is the day before Easter Sunday in the United Kingdom.
GB,2033,2033-04-17,Easter Sunday,,"Observance, Christian",Easter Sunday commemorates Jesus Christ's resurrection. The Easter egg hunt is one of the most popular Easter traditions
GB,2033,2033-04-18,Easter Monday,,"Local observance, Christian","Easter Monday is the day after Easter Sunday. It is a bank holiday in England, Wales and Northern Ireland but not in Scotland."
GB,2033,2033-04-18,Easter Monday,,"Christian, Common local holiday","Easter Monday is the day after Easter Sunday. It is a bank holiday in England, Wales and Northern Ireland but not in Scotland."
GB,2033,2033-04-21,Last day of Passover,,"Observance, Hebrew","On the 8th and last day of Passover, Jews in the UK commemorate the Parting of the Red Sea and the Israelites' escape from Egypt."
GB,2033,2033-04-22,Orthodox Good Friday,,"Observance, Orthodox","Many Orthodox Christians in the United Kingdom remember the events leading up to Jesus Christ's crucifixion on Great Friday, also known as Holy Friday."
GB,2033,2033-04-22,Stephen Lawrence Day,,Observance,Stephen Lawrence Day is an annual observance in the UK commemorating the racially motivated murder of Stephen Lawrence.
GB,2033,2033-04-23,Orthodox Holy Saturday,,"Observance, Orthodox",Many Orthodox Christians in the United Kingdom remember Jesus Christ’s burial and his descent into Hades on Holy Saturday.
GB,2033,2033-04-23,Shakespeare Day,,Observance,"National Shakespeare Day, also known as Shakespeare Day, is annually held on April 23."
GB,2033,2033-04-23,St. George's Day,,"Local observance, Christian","St George's Day in England is a celebration of Saint George, a Christian martyr and soldier in the Roman army."
GB,2033,2033-04-24,Orthodox Easter,,"Observance, Orthodox","Many Orthodox Christians in the United Kingdom commemorate Jesus Christ’s resurrection on Easter Day, also known as Pascha."
GB,2033,2033-04-25,Orthodox Easter Monday,,"Observance, Orthodox",Many Orthodox churches in the United Kingdom observe Easter Monday on the day after the Orthodox Easter Sunday date.
GB,2033,2033-04-25,St. George's Day,,"Observance, Christian","St George's Day in England is a celebration of Saint George, a Christian martyr and soldier in the Roman army."
GB,2033,2033-04-26,Yom HaShoah,,"Observance, Hebrew","Yom Hashoah, held on the 27th day of the month of Nisan, remembers the Holocaust victims who died during World War II."
GB,2033,2033-05-02,Early May Bank Holiday,,National holiday,"May Day, or the Early May Bank holiday, is on the first Monday of May each year."
GB,2033,2033-05-04,Yom HaAtzmaut,,"Observance, Hebrew","Celebrated on the fifth day of the Jewish month of Iyar, Yom Ha’Atzmaut is Israel’s Independence Day."
GB,2033,2033-05-17,Lag B'Omer,,"Observance, Hebrew",Jewish people observe Lag BaOmer on the 18th day of the month of Iyar in the Jewish calendar.
GB,2033,2033-05-26,Ascension Day,,"Observance, Christian","Ascension Day is the 40th day of Easter and commemorates Jesus Christ’s ascension into heaven, according to Christian belief."
GB,2033,2033-05-30,Spring Bank Holiday,,National holiday,The spring bank holiday in the United Kingdom is on the last Monday of May each year.
GB,2033,2033-06-03,Shavuot,,"Observance, Hebrew","Shavuot, also known as the Festival of Weeks, is one of three major Jewish festivals celebrated among Jewish people in the UK."
GB,2033,2033-06-05,Pentecost,,"Observance, Christian","Many Christians in the United Kingdom observe Pentecost, also known as Whitsunday or Whit Sunday."
GB,2033,2033-06-06,Whit Monday,,"Observance, Christian","Whit Monday is a Christian observance also known as Pentecost Monday. It is the day after Pentecost, or Whitsunday."
GB,2033,2033-06-10,Milad un Nabi (Mawlid),,"Observance, Muslim","Milad un Nabi, also called Mawlid, marks the birthday of prophet Muhammad."
GB,2033,2033-06-12,Trinity Sunday,,"Observance, Christian","Trinity Sunday, which is the first Sunday after Pentecost, is a Christian feast that is observed in many churches in the United Kingdom."
GB,2033,2033-06-16,Corpus Christi,,"Observance, Christian",Corpus Christi is a Christian observance that honors the Holy Eucharist.
GB,2033,2033-06-18,King's Birthday,,Observance,The King’s birthday is an annual public holiday in Australia celebrating the official birthday of King Charles III.
GB,2033,2033-06-19,Father's Day,,Observance,Father's Day in the United Kingdom honors fathers and celebrates fatherhood.
GB,2033,2033-06-22,Windrush Day,,Observance,Windrush Day is an annual observance in the UK honoring the British Caribbean community.
GB,2033,2033-08-04,Tisha B'Av,,"Observance, Hebrew","Tisha B’Av is a Jewish day of mourning, which falls on the ninth day of the month of Av in the Jewish calendar."
GB,2033,2033-08-15,Assumption of Mary,,"Observance, Christian",The feast of the Dormition or Assumption of the Blessed Virgin Mary is celebrated by some Christian denominations in the United Kingdom on August 15.
GB,2033,2033-09-24,Rosh Hashana,,"Observance, Hebrew","Rosh Hashanah, also spelled Rosh Hashana, is commonly known as the Jewish New Year."
GB,2033,2033-10-03,Yom Kippur,,"Observance, Hebrew",Yom Kippur is arguably the holiest of the Jewish holidays. It is celebrated in October or November.
GB,2033,2033-10-04,Feast of St Francis of Assisi,,"Observance, Christian","Many churches in the United Kingdom celebrate the Feast of St Francis of Assisi to honor St Francis, the patron saint of animals and the environment, on October 4 each year."
GB,2033,2033-10-08,First day of Sukkot,,"Observance, Hebrew","Sukkot is a Jewish holiday lasting 7 days. It begins on the 15th of Tishrei, which falls into September or October."
GB,2033,2033-10-14,Hoshana Rabbah,,"Observance, Hebrew","Jewish people in the UK celebrate Hoshana Rabbah, also spelled Hoshana Raba, on the last day of the Sukkot festival."
GB,2033,2033-10-15,Shemini Atzeret,,"Observance, Hebrew","Shemini Atzeret, also spelled Shmini Atzeret, is a joyous Jewish holiday that immediately follows the Sukkot festival."
GB,2033,2033-10-16,Simchat Torah,,"Observance, Hebrew",Simchat Torah (Simchas Torah or Simhat Torah) is a Jewish holiday that celebrates the completion of the annual reading of the Torah.
GB,2033,2033-10-21,Isra and Mi'raj,,"Observance, Muslim","Isra and Mi'raj marks the night when the Prophet Mohammad traveled from Mecca to Jerusalem, ascended to heaven, and returned."
GB,2033,2033-10-31,Halloween,,Observance,"Halloween is an observance celebrated at the end of October by holding parties, dressing up and going 'trick-or-treating'."
GB,2033,2033-11-01,All Saints' Day,,"Observance, Christian","Many Christians in the United Kingdom observe All Saints' Day, also known as All Hallows' Day, each year."
GB,2033,2033-11-02,All Souls' Day,,"Observance, Christian",All Souls’ Day is observed among some Christian communities in the United Kingdom on November 2 each year.
GB,2033,2033-11-05,Guy Fawkes Day,,Observance,"Guy Fawkes' Night, or Bonfire Night, commemorates the prevention of a plot to blow up the Houses of Parliament in London in 1605."
GB,2033,2033-11-13,Remembrance Sunday,,Observance,"The United Kingdom observes Remembrance Day to remember those who sacrificed their lives during wars and conflicts, including World War I."
GB,2033,2033-11-23,Ramadan Start,,"Observance, Muslim","Muslims in the United Kingdom welcome Ramadan as a period of fasting, self-evaluation, and spiritual growth."
GB,2033,2033-11-27,First Sunday of Advent,,"Observance, Christian",The first Sunday in Advent is the start of the liturgical or church year for many Christians as well as the Christmas season for people in the United Kingdom (UK).
GB,2033,2033-11-30,St Andrew's Day,,"Local holiday, Christian",St Andrew is the patron saint of Scotland and St Andrew's Day is a bank holiday in Scotland.
GB,2033,2033-12-08,Feast of the Immaculate Conception,,"Observance, Christian","The Feast of the Immaculate Conception celebrates the conception of Mary, mother of Jesus Christ, on December 8 each year."
GB,2033,2033-12-17,First Day of Hanukkah,,"Observance, Hebrew",Jewish people around the world celebrate Hanukkah to commemorate an event traditionally termed the miracle of the cruse of oil.
GB,2033,2033-12-18,Lailat al-Qadr,,"Observance, Muslim","Laylatul Qadr, the Night of Power, is the holiest day of the Islamic calendar year."
GB,2033,2033-12-23,Eid ul Fitr,,"Observance, Muslim",Eid ul-Fitr is a Muslim celebration that marks the end of the month-long fast of Ramadan.
GB,2033,2033-12-24,Christmas Eve,,"Observance, Christian","Christmas Eve is the day before Christmas Day. It is not a public holiday in England, Scotland, Wales or Northern Ireland."
GB,2033,2033-12-24,Last day of Hanukkah,,"Observance, Hebrew",The eighth and last day of Hanukkah marks the end of a period in which Jews commemorate the miracle of the cruse of oil.
GB,2033,2033-12-25,Christmas Day,,"National holiday, Christian",Christmas Day is a holiday that traditionally celebrates Jesus Christ's birth. It is on December 25 in the United Kingdom.
GB,2033,2033-12-26,Boxing Day,,National holiday,Boxing Day is a holiday in the United Kingdom that falls on December 26 each year.
GB,2033,2033-12-27,Substitute Bank Holiday for Christmas Day,,National holiday,"December 27 is a bank holiday in the United Kingdom only in some years, depending on which day Christmas Day or Boxing Day occur."
GB,2033,2033-12-31,New Year's Eve,,Observance,"New Year's Eve, or Hogmanay in Scotland, is the last day of the year in the Gregorian calendar."
GB,2034,2034-01-01,New Year's Day,,National holiday,"New Year's Day marks the start of a new year in the Gregorian calendar, the official calendar used in the United Kingdom."
GB,2034,2034-01-02,New Year's Day observed,,National holiday,"New Year's Day marks the start of a new year in the Gregorian calendar, the official calendar used in the United Kingdom."
GB,2034,2034-01-05,Twelfth Night,,"Observance, Christian",Twelfth Night is a observance and Christian holiday in the United Kingdom
GB,2034,2034-01-06,Epiphany,,"Observance, Christian",Epiphany marks the visit of the Magi to Jesus and celebrates the revelation of God incarnate as Jesus Christ.
GB,2034,2034-01-07,Orthodox Christmas Day,,"Observance, Orthodox",Orthodox Christians in the United Kingdom celebrate the Nativity of Christ (Jesus' birth) on the Orthodox Christmas Day.
GB,2034,2034-01-14,Orthodox New Year,,"Observance, Orthodox",Orthodox Christians in the United Kingdom mark the start of a new calendar year on either January 1 or 14 in the Gregorian calendar.
GB,2034,2034-02-04,Tu B'Shevat (Arbor Day),,"Observance, Hebrew","Tu B’Shevat is known as the “New Year for Trees”, is one of the four Jewish New Years."
GB,2034,2034-02-14,Valentine's Day,,Observance,Valentine’s Day is celebrated in the UK as a day of love and falls on February 14 every year.
GB,2034,2034-02-19,Lunar New Year,,Observance,Lunar New Year in the United Kingdom (UK) marks the start of the New Year in the Chinese calendar.
GB,2034,2034-02-21,Carnival / Shrove Tuesday / Pancake Day,,"Observance, Christian",Shrove Tuesday is also known as Pancake Tuesday in the United Kingdom.
GB,2034,2034-02-22,Carnival / Ash Wednesday,,"Observance, Christian",Ash Wednesday is a Christian observance in the United Kingdom. It is the first day of Lent.
GB,2034,2034-03-01,Eid al-Adha,,"Observance, Muslim",Eid ul-Adha is an Islamic festival to remember Ibrahim's willingness to sacrifice his son to God.
GB,2034,2034-03-01,St. David's Day,,"Local observance, Christian","People in Wales and Welsh communities around the world celebrate the life of their patron saint, St David, and the culture of their country on St David’s Day."
GB,2034,2034-03-05,Purim,,"Observance, Hebrew","Purim commemorates a time when Jewish people were saved from death around the fourth century BCE, according to the Book of Esther."
GB,2034,2034-03-17,St Patrick's Day,,"Local holiday, Christian","St Patrick's Day remembers the life and deeds of St Patrick, one of Ireland's patron saints. It also celebrates Irish culture."
GB,2034,2034-03-19,Mother's Day,,Observance,"Mother's Day, or Mothering Sunday, is traditionally a day to visit your mother church. It is now an occasion to bring gifts to your own mother."
GB,2034,2034-03-21,Muharram/Islamic New Year,,"Observance, Muslim","The first day of Muharram, which is the first month in the Islamic calendar, marks the Islamic New Year."
GB,2034,2034-03-30,Ashura,,"Observance, Muslim","On Ashura, many Muslims commemorate the martyrdom of Imam Husayn ibn Ali."
GB,2034,2034-04-02,Palm Sunday,,"Observance, Christian",Palm Sunday in the United Kingdom celebrates Jesus Christ’s entry into Jerusalem. It is also the Sunday before Easter Sunday.
GB,2034,2034-04-04,First day of Passover,,"Observance, Hebrew",Passover marks the Israelites' liberation from slavery and their exodus from Egypt around 3000 years ago.
GB,2034,2034-04-06,Maundy Thursday,,"Observance, Christian",Many Christians in the United Kingdom celebrate Maundy Thursday on the Thursday before Good Friday.
GB,2034,2034-04-07,Good Friday,,"National holiday, Christian",Good Friday is just before Easter Sunday and is a public holiday in the United Kingdom.
GB,2034,2034-04-07,Orthodox Good Friday,,"Observance, Orthodox","Many Orthodox Christians in the United Kingdom remember the events leading up to Jesus Christ's crucifixion on Great Friday, also known as Holy Friday."
GB,2034,2034-04-08,Holy Saturday,,"Observance, Christian",Holy Saturday is the day before Easter Sunday in the United Kingdom.
GB,2034,2034-04-08,Orthodox Holy Saturday,,"Observance, Orthodox",Many Orthodox Christians in the United Kingdom remember Jesus Christ’s burial and his descent into Hades on Holy Saturday.
GB,2034,2034-04-09,Easter Sunday,,"Observance, Christian",Easter Sunday commemorates Jesus Christ's resurrection. The Easter egg hunt is one of the most popular Easter traditions
GB,2034,2034-04-09,Orthodox Easter,,"Observance, Orthodox","Many Orthodox Christians in the United Kingdom commemorate Jesus Christ’s resurrection on Easter Day, also known as Pascha."
GB,2034,2034-04-10,Easter Monday,,"Christian, Common local holiday","Easter Monday is the day after Easter Sunday. It is a bank holiday in England, Wales and Northern Ireland but not in Scotland."
GB,2034,2034-04-10,Easter Monday,,"Local observance, Christian","Easter Monday is the day after Easter Sunday. It is a bank holiday in England, Wales and Northern Ireland but not in Scotland."
GB,2034,2034-04-10,Orthodox Easter Monday,,"Observance, Orthodox",Many Orthodox churches in the United Kingdom observe Easter Monday on the day after the Orthodox Easter Sunday date.
GB,2034,2034-04-11,Last day of Passover,,"Observance, Hebrew","On the 8th and last day of Passover, Jews in the UK commemorate the Parting of the Red Sea and the Israelites' escape from Egypt."
GB,2034,2034-04-17,Yom HaShoah,,"Observance, Hebrew","Yom Hashoah, held on the 27th day of the month of Nisan, remembers the Holocaust victims who died during World War II."
GB,2034,2034-04-22,Stephen Lawrence Day,,Observance,Stephen Lawrence Day is an annual observance in the UK commemorating the racially motivated murder of Stephen Lawrence.
GB,2034,2034-04-23,Shakespeare Day,,Observance,"National Shakespeare Day, also known as Shakespeare Day, is annually held on April 23."
GB,2034,2034-04-23,St. George's Day,,"Local observance, Christian","St George's Day in England is a celebration of Saint George, a Christian martyr and soldier in the Roman army."
GB,2034,2034-04-25,Yom HaAtzmaut,,"Observance, Hebrew","Celebrated on the fifth day of the Jewish month of Iyar, Yom Ha’Atzmaut is Israel’s Independence Day."
GB,2034,2034-05-01,Early May Bank Holiday,,National holiday,"May Day, or the Early May Bank holiday, is on the first Monday of May each year."
GB,2034,2034-05-07,Lag B'Omer,,"Observance, Hebrew",Jewish people observe Lag BaOmer on the 18th day of the month of Iyar in the Jewish calendar.
GB,2034,2034-05-18,Ascension Day,,"Observance, Christian","Ascension Day is the 40th day of Easter and commemorates Jesus Christ’s ascension into heaven, according to Christian belief."
GB,2034,2034-05-24,Shavuot,,"Observance, Hebrew","Shavuot, also known as the Festival of Weeks, is one of three major Jewish festivals celebrated among Jewish people in the UK."
GB,2034,2034-05-28,Pentecost,,"Observance, Christian","Many Christians in the United Kingdom observe Pentecost, also known as Whitsunday or Whit Sunday."
GB,2034,2034-05-29,Spring Bank Holiday,,National holiday,The spring bank holiday in the United Kingdom is on the last Monday of May each year.
GB,2034,2034-05-29,Whit Monday,,"Observance, Christian","Whit Monday is a Christian observance also known as Pentecost Monday. It is the day after Pentecost, or Whitsunday."
GB,2034,2034-05-30,Milad un Nabi (Mawlid),,"Observance, Muslim","Milad un Nabi, also called Mawlid, marks the birthday of prophet Muhammad."
GB,2034,2034-06-04,Trinity Sunday,,"Observance, Christian","Trinity Sunday, which is the first Sunday after Pentecost, is a Christian feast that is observed in many churches in the United Kingdom."
GB,2034,2034-06-08,Corpus Christi,,"Observance, Christian",Corpus Christi is a Christian observance that honors the Holy Eucharist.
GB,2034,2034-06-17,King's Birthday,,Observance,The King’s birthday is an annual public holiday in Australia celebrating the official birthday of King Charles III.
GB,2034,2034-06-18,Father's Day,,Observance,Father's Day in the United Kingdom honors fathers and celebrates fatherhood.
GB,2034,2034-06-22,Windrush Day,,Observance,Windrush Day is an annual observance in the UK honoring the British Caribbean community.
GB,2034,2034-07-25,Tisha B'Av,,"Observance, Hebrew","Tisha B’Av is a Jewish day of mourning, which falls on the ninth day of the month of Av in the Jewish calendar."
GB,2034,2034-08-15,Assumption of Mary,,"Observance, Christian",The feast of the Dormition or Assumption of the Blessed Virgin Mary is celebrated by some Christian denominations in the United Kingdom on August 15.
GB,2034,2034-09-14,Rosh Hashana,,"Observance, Hebrew","Rosh Hashanah, also spelled Rosh Hashana, is commonly known as the Jewish New Year."
GB,2034,2034-09-23,Yom Kippur,,"Observance, Hebrew",Yom Kippur is arguably the holiest of the Jewish holidays. It is celebrated in October or November.
GB,2034,2034-09-28,First day of Sukkot,,"Observance, Hebrew","Sukkot is a Jewish holiday lasting 7 days. It begins on the 15th of Tishrei, which falls into September or October."
GB,2034,2034-10-04,Feast of St Francis of Assisi,,"Observance, Christian","Many churches in the United Kingdom celebrate the Feast of St Francis of Assisi to honor St Francis, the patron saint of animals and the environment, on October 4 each year."
GB,2034,2034-10-04,Hoshana Rabbah,,"Observance, Hebrew","Jewish people in the UK celebrate Hoshana Rabbah, also spelled Hoshana Raba, on the last day of the Sukkot festival."
GB,2034,2034-10-05,Shemini Atzeret,,"Observance, Hebrew","Shemini Atzeret, also spelled Shmini Atzeret, is a joyous Jewish holiday that immediately follows the Sukkot festival."
GB,2034,2034-10-06,Simchat Torah,,"Observance, Hebrew",Simchat Torah (Simchas Torah or Simhat Torah) is a Jewish holiday that celebrates the completion of the annual reading of the Torah.
GB,2034,2034-10-10,Isra and Mi'raj,,"Observance, Muslim","Isra and Mi'raj marks the night when the Prophet Mohammad traveled from Mecca to Jerusalem, ascended to heaven, and returned."
GB,2034,2034-10-31,Halloween,,Observance,"Halloween is an observance celebrated at the end of October by holding parties, dressing up and going 'trick-or-treating'."
GB,2034,2034-11-01,All Saints' Day,,"Observance, Christian","Many Christians in the United Kingdom observe All Saints' Day, also known as All Hallows' Day, each year."
GB,2034,2034-11-02,All Souls' Day,,"Observance, Christian",All Souls’ Day is observed among some Christian communities in the United Kingdom on November 2 each year.
GB,2034,2034-11-05,Guy Fawkes Day,,Observance,"Guy Fawkes' Night, or Bonfire Night, commemorates the prevention of a plot to blow up the Houses of Parliament in London in 1605."
GB,2034,2034-11-12,Ramadan Start,,"Observance, Muslim","Muslims in the United Kingdom welcome Ramadan as a period of fasting, self-evaluation, and spiritual growth."
GB,2034,2034-11-12,Remembrance Sunday,,Observance,"The United Kingdom observes Remembrance Day to remember those who sacrificed their lives during wars and conflicts, including World War I."
GB,2034,2034-11-30,St Andrew's Day,,"Local holiday, Christian",St Andrew is the patron saint of Scotland and St Andrew's Day is a bank holiday in Scotland.
GB,2034,2034-12-03,First Sunday of Advent,,"Observance, Christian",The first Sunday in Advent is the start of the liturgical or church year for many Christians as well as the Christmas season for people in the United Kingdom (UK).
GB,2034,2034-12-07,First Day of Hanukkah,,"Observance, Hebrew",Jewish people around the world celebrate Hanukkah to commemorate an event traditionally termed the miracle of the cruse of oil.
GB,2034,2034-12-07,Lailat al-Qadr,,"Observance, Muslim","Laylatul Qadr, the Night of Power, is the holiest day of the Islamic calendar year."
GB,2034,2034-12-08,Feast of the Immaculate Conception,,"Observance, Christian","The Feast of the Immaculate Conception celebrates the conception of Mary, mother of Jesus Christ, on December 8 each year."
GB,2034,2034-12-12,Eid ul Fitr,,"Observance, Muslim",Eid ul-Fitr is a Muslim celebration that marks the end of the month-long fast of Ramadan.
GB,2034,2034-12-14,Last day of Hanukkah,,"Observance, Hebrew",The eighth and last day of Hanukkah marks the end of a period in which Jews commemorate the miracle of the cruse of oil.
GB,2034,2034-12-24,Christmas Eve,,"Observance, Christian","Christmas Eve is the day before Christmas Day. It is not a public holiday in England, Scotland, Wales or Northern Ireland."
GB,2034,2034-12-25,Christmas Day,,"National holiday, Christian",Christmas Day is a holiday that traditionally celebrates Jesus Christ's birth. It is on December 25 in the United Kingdom.
GB,2034,2034-12-26,Boxing Day,,National holiday,Boxing Day is a holiday in the United Kingdom that falls on December 26 each year.
GB,2034,2034-12-31,New Year's Eve,,Observance,"New Year's Eve, or Hogmanay in Scotland, is the last day of the year in the Gregorian calendar."
GB,2035,2035-01-01,New Year's Day,,National holiday,"New Year's Day marks the start of a new year in the Gregorian calendar, the official calendar used in the United Kingdom."
GB,2035,2035-01-05,Twelfth Night,,"Observance, Christian",Twelfth Night is a observance and Christian holiday in the United Kingdom
GB,2035,2035-01-06,Epiphany,,"Observance, Christian",Epiphany marks the visit of the Magi to Jesus and celebrates the revelation of God incarnate as Jesus Christ.
GB,2035,2035-01-07,Orthodox Christmas Day,,"Observance, Orthodox",Orthodox Christians in the United Kingdom celebrate the Nativity of Christ (Jesus' birth) on the Orthodox Christmas Day.
GB,2035,2035-01-14,Orthodox New Year,,"Observance, Orthodox",Orthodox Christians in the United Kingdom mark the start of a new calendar year on either January 1 or 14 in the Gregorian calendar.
GB,2035,2035-01-25,Tu B'Shevat (Arbor Day),,"Observance, Hebrew","Tu B’Shevat is known as the “New Year for Trees”, is one of the four Jewish New Years."
GB,2035,2035-02-06,Carnival / Shrove Tuesday / Pancake Day,,"Observance, Christian",Shrove Tuesday is also known as Pancake Tuesday in the United Kingdom.
GB,2035,2035-02-07,Carnival / Ash Wednesday,,"Observance, Christian",Ash Wednesday is a Christian observance in the United Kingdom. It is the first day of Lent.
GB,2035,2035-02-08,Lunar New Year,,Observance,Lunar New Year in the United Kingdom (UK) marks the start of the New Year in the Chinese calendar.
GB,2035,2035-02-14,Valentine's Day,,Observance,Valentine’s Day is celebrated in the UK as a day of love and falls on February 14 every year.
GB,2035,2035-02-18,Eid al-Adha,,"Observance, Muslim",Eid ul-Adha is an Islamic festival to remember Ibrahim's willingness to sacrifice his son to God.
GB,2035,2035-03-01,St. David's Day,,"Local observance, Christian","People in Wales and Welsh communities around the world celebrate the life of their patron saint, St David, and the culture of their country on St David’s Day."
GB,2035,2035-03-04,Mother's Day,,Observance,"Mother's Day, or Mothering Sunday, is traditionally a day to visit your mother church. It is now an occasion to bring gifts to your own mother."
GB,2035,2035-03-11,Muharram/Islamic New Year,,"Observance, Muslim","The first day of Muharram, which is the first month in the Islamic calendar, marks the Islamic New Year."
GB,2035,2035-03-17,St Patrick's Day,,"Local holiday, Christian","St Patrick's Day remembers the life and deeds of St Patrick, one of Ireland's patron saints. It also celebrates Irish culture."
GB,2035,2035-03-18,Palm Sunday,,"Observance, Christian",Palm Sunday in the United Kingdom celebrates Jesus Christ’s entry into Jerusalem. It is also the Sunday before Easter Sunday.
GB,2035,2035-03-19,Day off for St Patrick's Day,,"Local holiday, Christian","St Patrick's Day remembers the life and deeds of St Patrick, one of Ireland's patron saints. It also celebrates Irish culture."
GB,2035,2035-03-20,Ashura,,"Observance, Muslim","On Ashura, many Muslims commemorate the martyrdom of Imam Husayn ibn Ali."
GB,2035,2035-03-22,Maundy Thursday,,"Observance, Christian",Many Christians in the United Kingdom celebrate Maundy Thursday on the Thursday before Good Friday.
GB,2035,2035-03-23,Good Friday,,"National holiday, Christian",Good Friday is just before Easter Sunday and is a public holiday in the United Kingdom.
GB,2035,2035-03-24,Holy Saturday,,"Observance, Christian",Holy Saturday is the day before Easter Sunday in the United Kingdom.
GB,2035,2035-03-25,Easter Sunday,,"Observance, Christian",Easter Sunday commemorates Jesus Christ's resurrection. The Easter egg hunt is one of the most popular Easter traditions
GB,2035,2035-03-25,Purim,,"Observance, Hebrew","Purim commemorates a time when Jewish people were saved from death around the fourth century BCE, according to the Book of Esther."
GB,2035,2035-03-26,Easter Monday,,"Christian, Common local holiday","Easter Monday is the day after Easter Sunday. It is a bank holiday in England, Wales and Northern Ireland but not in Scotland."
GB,2035,2035-03-26,Easter Monday,,"Local observance, Christian","Easter Monday is the day after Easter Sunday. It is a bank holiday in England, Wales and Northern Ireland but not in Scotland."
GB,2035,2035-04-22,Stephen Lawrence Day,,Observance,Stephen Lawrence Day is an annual observance in the UK commemorating the racially motivated murder of Stephen Lawrence.
GB,2035,2035-04-23,Shakespeare Day,,Observance,"National Shakespeare Day, also known as Shakespeare Day, is annually held on April 23."
GB,2035,2035-04-23,St. George's Day,,"Local observance, Christian","St George's Day in England is a celebration of Saint George, a Christian martyr and soldier in the Roman army."
GB,2035,2035-04-24,First day of Passover,,"Observance, Hebrew",Passover marks the Israelites' liberation from slavery and their exodus from Egypt around 3000 years ago.
GB,2035,2035-04-27,Orthodox Good Friday,,"Observance, Orthodox","Many Orthodox Christians in the United Kingdom remember the events leading up to Jesus Christ's crucifixion on Great Friday, also known as Holy Friday."
GB,2035,2035-04-28,Orthodox Holy Saturday,,"Observance, Orthodox",Many Orthodox Christians in the United Kingdom remember Jesus Christ’s burial and his descent into Hades on Holy Saturday.
GB,2035,2035-04-29,Orthodox Easter,,"Observance, Orthodox","Many Orthodox Christians in the United Kingdom commemorate Jesus Christ’s resurrection on Easter Day, also known as Pascha."
GB,2035,2035-04-30,Orthodox Easter Monday,,"Observance, Orthodox",Many Orthodox churches in the United Kingdom observe Easter Monday on the day after the Orthodox Easter Sunday date.
GB,2035,2035-05-01,Last day of Passover,,"Observance, Hebrew","On the 8th and last day of Passover, Jews in the UK commemorate the Parting of the Red Sea and the Israelites' escape from Egypt."
GB,2035,2035-05-03,Ascension Day,,"Observance, Christian","Ascension Day is the 40th day of Easter and commemorates Jesus Christ’s ascension into heaven, according to Christian belief."
GB,2035,2035-05-07,Early May Bank Holiday,,National holiday,"May Day, or the Early May Bank holiday, is on the first Monday of May each year."
GB,2035,2035-05-07,Yom HaShoah,,"Observance, Hebrew","Yom Hashoah, held on the 27th day of the month of Nisan, remembers the Holocaust victims who died during World War II."
GB,2035,2035-05-13,Pentecost,,"Observance, Christian","Many Christians in the United Kingdom observe Pentecost, also known as Whitsunday or Whit Sunday."
GB,2035,2035-05-14,Whit Monday,,"Observance, Christian","Whit Monday is a Christian observance also known as Pentecost Monday. It is the day after Pentecost, or Whitsunday."
GB,2035,2035-05-15,Yom HaAtzmaut,,"Observance, Hebrew","Celebrated on the fifth day of the Jewish month of Iyar, Yom Ha’Atzmaut is Israel’s Independence Day."
GB,2035,2035-05-20,Milad un Nabi (Mawlid),,"Observance, Muslim","Milad un Nabi, also called Mawlid, marks the birthday of prophet Muhammad."
GB,2035,2035-05-20,Trinity Sunday,,"Observance, Christian","Trinity Sunday, which is the first Sunday after Pentecost, is a Christian feast that is observed in many churches in the United Kingdom."
GB,2035,2035-05-24,Corpus Christi,,"Observance, Christian",Corpus Christi is a Christian observance that honors the Holy Eucharist.
GB,2035,2035-05-27,Lag B'Omer,,"Observance, Hebrew",Jewish people observe Lag BaOmer on the 18th day of the month of Iyar in the Jewish calendar.
GB,2035,2035-05-28,Spring Bank Holiday,,National holiday,The spring bank holiday in the United Kingdom is on the last Monday of May each year.
GB,2035,2035-06-13,Shavuot,,"Observance, Hebrew","Shavuot, also known as the Festival of Weeks, is one of three major Jewish festivals celebrated among Jewish people in the UK."
GB,2035,2035-06-16,King's Birthday,,Observance,The King’s birthday is an annual public holiday in Australia celebrating the official birthday of King Charles III.
GB,2035,2035-06-17,Father's Day,,Observance,Father's Day in the United Kingdom honors fathers and celebrates fatherhood.
GB,2035,2035-06-22,Windrush Day,,Observance,Windrush Day is an annual observance in the UK honoring the British Caribbean community.
GB,2035,2035-08-14,Tisha B'Av,,"Observance, Hebrew","Tisha B’Av is a Jewish day of mourning, which falls on the ninth day of the month of Av in the Jewish calendar."
GB,2035,2035-08-15,Assumption of Mary,,"Observance, Christian",The feast of the Dormition or Assumption of the Blessed Virgin Mary is celebrated by some Christian denominations in the United Kingdom on August 15.
GB,2035,2035-09-30,Isra and Mi'raj,,"Observance, Muslim","Isra and Mi'raj marks the night when the Prophet Mohammad traveled from Mecca to Jerusalem, ascended to heaven, and returned."
GB,2035,2035-10-04,Feast of St Francis of Assisi,,"Observance, Christian","Many churches in the United Kingdom celebrate the Feast of St Francis of Assisi to honor St Francis, the patron saint of animals and the environment, on October 4 each year."
GB,2035,2035-10-04,Rosh Hashana,,"Observance, Hebrew","Rosh Hashanah, also spelled Rosh Hashana, is commonly known as the Jewish New Year."
GB,2035,2035-10-13,Yom Kippur,,"Observance, Hebrew",Yom Kippur is arguably the holiest of the Jewish holidays. It is celebrated in October or November.
GB,2035,2035-10-18,First day of Sukkot,,"Observance, Hebrew","Sukkot is a Jewish holiday lasting 7 days. It begins on the 15th of Tishrei, which falls into September or October."
GB,2035,2035-10-24,Hoshana Rabbah,,"Observance, Hebrew","Jewish people in the UK celebrate Hoshana Rabbah, also spelled Hoshana Raba, on the last day of the Sukkot festival."
GB,2035,2035-10-25,Shemini Atzeret,,"Observance, Hebrew","Shemini Atzeret, also spelled Shmini Atzeret, is a joyous Jewish holiday that immediately follows the Sukkot festival."
GB,2035,2035-10-26,Simchat Torah,,"Observance, Hebrew",Simchat Torah (Simchas Torah or Simhat Torah) is a Jewish holiday that celebrates the completion of the annual reading of the Torah.
GB,2035,2035-10-31,Halloween,,Observance,"Halloween is an observance celebrated at the end of October by holding parties, dressing up and going 'trick-or-treating'."
GB,2035,2035-11-01,All Saints' Day,,"Observance, Christian","Many Christians in the United Kingdom observe All Saints' Day, also known as All Hallows' Day, each year."
GB,2035,2035-11-02,All Souls' Day,,"Observance, Christian",All Souls’ Day is observed among some Christian communities in the United Kingdom on November 2 each year.
GB,2035,2035-11-02,Ramadan Start,,"Observance, Muslim","Muslims in the United Kingdom welcome Ramadan as a period of fasting, self-evaluation, and spiritual growth."
GB,2035,2035-11-05,Guy Fawkes Day,,Observance,"Guy Fawkes' Night, or Bonfire Night, commemorates the prevention of a plot to blow up the Houses of Parliament in London in 1605."
GB,2035,2035-11-11,Remembrance Sunday,,Observance,"The United Kingdom observes Remembrance Day to remember those who sacrificed their lives during wars and conflicts, including World War I."
GB,2035,2035-11-27,Lailat al-Qadr,,"Observance, Muslim","Laylatul Qadr, the Night of Power, is the holiest day of the Islamic calendar year."
GB,2035,2035-11-30,St Andrew's Day,,"Local holiday, Christian",St Andrew is the patron saint of Scotland and St Andrew's Day is a bank holiday in Scotland.
GB,2035,2035-12-02,Eid ul Fitr,,"Observance, Muslim",Eid ul-Fitr is a Muslim celebration that marks the end of the month-long fast of Ramadan.
GB,2035,2035-12-02,First Sunday of Advent,,"Observance, Christian",The first Sunday in Advent is the start of the liturgical or church year for many Christians as well as the Christmas season for people in the United Kingdom (UK).
GB,2035,2035-12-08,Feast of the Immaculate Conception,,"Observance, Christian","The Feast of the Immaculate Conception celebrates the conception of Mary, mother of Jesus Christ, on December 8 each year."
GB,2035,2035-12-24,Christmas Eve,,"Observance, Christian","Christmas Eve is the day before Christmas Day. It is not a public holiday in England, Scotland, Wales or Northern Ireland."
GB,2035,2035-12-25,Christmas Day,,"National holiday, Christian",Christmas Day is a holiday that traditionally celebrates Jesus Christ's birth. It is on December 25 in the United Kingdom.
GB,2035,2035-12-26,Boxing Day,,National holiday,Boxing Day is a holiday in the United Kingdom that falls on December 26 each year.
GB,2035,2035-12-26,First Day of Hanukkah,,"Observance, Hebrew",Jewish people around the world celebrate Hanukkah to commemorate an event traditionally termed the miracle of the cruse of oil.
GB,2035,2035-12-31,New Year's Eve,,Observance,"New Year's Eve, or Hogmanay in Scotland, is the last day of the year in the Gregorian calendar."
TN,2025,2025-01-01,New Year's Day,رأس السنة الميلادية,National,First day of the year
TN,2025,2025-01-14,Revolution Day,عيد الثورة,National,Tunisian Revolution Day
TN,2025,2025-03-20,Independence Day,عيد الاستقلال,National,Independence from France
TN,2025,2025-04-09,Martyrs' Day,عيد الشهداء,National,Commemoration of martyrs
TN,2025,2025-04-10,Eid al-Fitr,عيد الفطر,Muslim,Eid al-Fitr (approximate date)
TN,2025,2025-06-16,Eid al-Adha,عيد الأضحى,Muslim,Eid al-Adha (approximate date)
TN,2025,2025-07-07,Islamic New Year,رأس السنة الهجرية,Muslim,Islamic New Year (approximate date)
TN,2025,2025-07-25,Republic Day,عيد الجمهورية,National,Declaration of republic
TN,2025,2025-09-15,Mawlid,المولد النبوي,Muslim,Mawlid (approximate date)
TN,2026,2026-01-01,New Year's Day,رأس السنة الميلادية,National,First day of the year
TN,2026,2026-01-14,Revolution Day,عيد الثورة,National,Tunisian Revolution Day
TN,2026,2026-03-20,Independence Day,عيد الاستقلال,National,Independence from France
TN,2026,2026-03-30,Eid al-Fitr,عيد الفطر,Muslim,Eid al-Fitr (approximate date)
TN,2026,2026-04-09,Martyrs' Day,عيد الشهداء,National,Commemoration of martyrs
TN,2026,2026-06-06,Eid al-Adha,عيد الأضحى,Muslim,Eid al-Adha (approximate date)
TN,2026,2026-06-26,Islamic New Year,رأس السنة الهجرية,Muslim,Islamic New Year (approximate date)
TN,2026,2026-07-25,Republic Day,عيد الجمهورية,National,Declaration of republic
TN,2026,2026-09-04,Mawlid,المولد النبوي,Muslim,Mawlid (approximate date)
TN,2027,2027-01-01,New Year's Day,رأس السنة الميلادية,National,First day of the year
TN,2027,2027-01-14,Revolution Day,عيد الثورة,National,Tunisian Revolution Day
TN,2027,2027-03-20,Eid al-Fitr,عيد الفطر,Muslim,Eid al-Fitr (approximate date)
TN,2027,2027-03-20,Independence Day,عيد الاستقلال,National,Independence from France
TN,2027,2027-04-09,Martyrs' Day,عيد الشهداء,National,Commemoration of martyrs
TN,2027,2027-05-27,Eid al-Adha,عيد الأضحى,Muslim,Eid al-Adha (approximate date)
TN,2027,2027-06-16,Islamic New Year,رأس السنة الهجرية,Muslim,Islamic New Year (approximate date)
TN,2027,2027-07-25,Republic Day,عيد الجمهورية,National,Declaration of republic
TN,2027,2027-08-25,Mawlid,المولد النبوي,Muslim,Mawlid (approximate date)
TN,2028,2028-01-01,New Year's Day,رأس السنة الميلادية,National,First day of the year
TN,2028,2028-01-14,Revolution Day,عيد الثورة,National,Tunisian Revolution Day
TN,2028,2028-03-08,Eid al-Fitr,عيد الفطر,Muslim,Eid al-Fitr (approximate date)
TN,2028,2028-03-20,Independence Day,عيد الاستقلال,National,Independence from France
TN,2028,2028-04-09,Martyrs' Day,عيد الشهداء,National,Commemoration of martyrs
TN,2028,2028-05-15,Eid al-Adha,عيد الأضحى,Muslim,Eid al-Adha (approximate date)
TN,2028,2028-06-04,Islamic New Year,رأس السنة الهجرية,Muslim,Islamic New Year (approximate date)
TN,2028,2028-07-25,Republic Day,عيد الجمهورية,National,Declaration of republic
TN,2028,2028-08-13,Mawlid,المولد النبوي,Muslim,Mawlid (approximate date)
TN,2029,2029-01-01,New Year's Day,رأس السنة الميلادية,National,First day of the year
TN,2029,2029-01-14,Revolution Day,عيد الثورة,National,Tunisian Revolution Day
TN,2029,2029-02-25,Eid al-Fitr,عيد الفطر,Muslim,Eid al-Fitr (approximate date)
TN,2029,2029-03-20,Independence Day,عيد الاستقلال,National,Independence from France
TN,2029,2029-04-09,Martyrs' Day,عيد الشهداء,National,Commemoration of martyrs
TN,2029,2029-05-04,Eid al-Adha,عيد الأضحى,Muslim,Eid al-Adha (approximate date)
TN,2029,2029-05-25,Islamic New Year,رأس السنة الهجرية,Muslim,Islamic New Year (approximate date)
TN,2029,2029-07-25,Republic Day,عيد الجمهورية,National,Declaration of republic
TN,2029,2029-08-02,Mawlid,المولد النبوي,Muslim,Mawlid (approximate date)
TN,2030,2030-01-01,New Year's Day,رأس السنة الميلادية,National,First day of the year
TN,2030,2030-01-14,Revolution Day,عيد الثورة,National,Tunisian Revolution Day
TN,2030,2030-02-14,Eid al-Fitr,عيد الفطر,Muslim,Eid al-Fitr (approximate date)
TN,2030,2030-03-20,Independence Day,عيد الاستقلال,National,Independence from France
TN,2030,2030-04-09,Martyrs' Day,عيد الشهداء,National,Commemoration of martyrs
TN,2030,2030-04-23,Eid al-Adha,عيد الأضحى,Muslim,Eid al-Adha (approximate date)
TN,2030,2030-05-14,Islamic New Year,رأس السنة الهجرية,Muslim,Islamic New Year (approximate date)
TN,2030,2030-07-22,Mawlid,المولد النبوي,Muslim,Mawlid (approximate date)
TN,2030,2030-07-25,Republic Day,عيد الجمهورية,National,Declaration of republic
TN,2031,2031-01-01,New Year's Day,رأس السنة الميلادية,National,First day of the year
TN,2031,2031-01-14,Revolution Day,عيد الثورة,National,Tunisian Revolution Day
TN,2031,2031-02-03,Eid al-Fitr,عيد الفطر,Muslim,Eid al-Fitr (approximate date)
TN,2031,2031-03-20,Independence Day,عيد الاستقلال,National,Independence from France
TN,2031,2031-04-09,Martyrs' Day,عيد الشهداء,National,Commemoration of martyrs
TN,2031,2031-04-12,Eid al-Adha,عيد الأضحى,Muslim,Eid al-Adha (approximate date)
TN,2031,2031-05-03,Islamic New Year,رأس السنة الهجرية,Muslim,Islamic New Year (approximate date)
TN,2031,2031-07-11,Mawlid,المولد النبوي,Muslim,Mawlid (approximate date)
TN,2031,2031-07-25,Republic Day,عيد الجمهورية,National,Declaration of republic
TN,2032,2032-01-01,New Year's Day,رأس السنة الميلادية,National,First day of the year
TN,2032,2032-01-14,Revolution Day,عيد الثورة,National,Tunisian Revolution Day
TN,2032,2032-01-23,Eid al-Fitr,عيد الفطر,Muslim,Eid al-Fitr (approximate date)
TN,2032,2032-03-20,Independence Day,عيد الاستقلال,National,Independence from France
TN,2032,2032-03-31,Eid al-Adha,عيد الأضحى,Muslim,Eid al-Adha (approximate date)
TN,2032,2032-04-09,Martyrs' Day,عيد الشهداء,National,Commemoration of martyrs
TN,2032,2032-04-21,Islamic New Year,رأس السنة الهجرية,Muslim,Islamic New Year (approximate date)
TN,2032,2032-06-29,Mawlid,المولد النبوي,Muslim,Mawlid (approximate date)
TN,2032,2032-07-25,Republic Day,عيد الجمهورية,National,Declaration of republic
TN,2033,2033-01-01,New Year's Day,رأس السنة الميلادية,National,First day of the year
TN,2033,2033-01-11,Eid al-Fitr,عيد الفطر,Muslim,Eid al-Fitr (approximate date)
TN,2033,2033-01-14,Revolution Day,عيد الثورة,National,Tunisian Revolution Day
TN,2033,2033-03-20,Eid al-Adha,عيد الأضحى,Muslim,Eid al-Adha (approximate date)
TN,2033,2033-03-20,Independence Day,عيد الاستقلال,National,Independence from France
TN,2033,2033-04-09,Martyrs' Day,عيد الشهداء,National,Commemoration of martyrs
TN,2033,2033-04-10,Islamic New Year,رأس السنة الهجرية,Muslim,Islamic New Year (approximate date)
TN,2033,2033-06-18,Mawlid,المولد النبوي,Muslim,Mawlid (approximate date)
TN,2033,2033-07-25,Republic Day,عيد الجمهورية,National,Declaration of republic
TN,2034,2034-01-01,Eid al-Fitr,عيد الفطر,Muslim,Eid al-Fitr (approximate date)
TN,2034,2034-01-01,New Year's Day,رأس السنة الميلادية,National,First day of the year
TN,2034,2034-01-14,Revolution Day,عيد الثورة,National,Tunisian Revolution Day
TN,2034,2034-03-09,Eid al-Adha,عيد الأضحى,Muslim,Eid al-Adha (approximate date)
TN,2034,2034-03-20,Independence Day,عيد الاستقلال,National,Independence from France
TN,2034,2034-03-31,Islamic New Year,رأس السنة الهجرية,Muslim,Islamic New Year (approximate date)
TN,2034,2034-04-09,Martyrs' Day,عيد الشهداء,National,Commemoration of martyrs
TN,2034,2034-06-07,Mawlid,المولد النبوي,Muslim,Mawlid (approximate date)
TN,2034,2034-07-25,Republic Day,عيد الجمهورية,National,Declaration of republic
TN,2035,2035-01-01,New Year's Day,رأس السنة الميلادية,National,First day of the year
TN,2035,2035-01-14,Revolution Day,عيد الثورة,National,Tunisian Revolution Day
TN,2035,2035-02-26,Eid al-Adha,عيد الأضحى,Muslim,Eid al-Adha (approximate date)
TN,2035,2035-03-19,Islamic New Year,رأس السنة الهجرية,Muslim,Islamic New Year (approximate date)
TN,2035,2035-03-20,Independence Day,عيد الاستقلال,National,Independence from France
TN,2035,2035-04-09,Martyrs' Day,عيد الشهداء,National,Commemoration of martyrs
TN,2035,2035-05-27,Mawlid,المولد النبوي,Muslim,Mawlid (approximate date)
TN,2035,2035-07-25,Republic Day,عيد الجمهورية,National,Declaration of republic
TN,2035,2035-12-21,Eid al-Fitr,عيد الفطر,Muslim,Eid al-Fitr (approximate date)
US,2025,2025-01-01,New Year's Day,,National holiday,"New Year's Day is the first day of the Gregorian calendar, which is widely used in many countries such as the USA."
US,2025,2025-01-02,Last Day of Chanukah,,Hebrew,"The last day of Hanukkah marks the end of a festive Jewish occasion, known as Hanukkah or Chanukah."
US,2025,2025-01-04,World Braille Day,,United Nations observance,"World Braille Day celebrates the life and achievements of Louis Braille, who invented the braille code for the visually impaired."
US,2025,2025-01-06,Epiphany,,Christian,"Many people in the United States annually observe Epiphany, or Three Kings’ Day, on January 6. It is a Christian observance and a public holiday in the US Virgin Islands."
US,2025,2025-01-07,International Programmers' Day,,Worldwide observance,"Many people celebrate International Programmers’ Day on January 7, while others observe this event on the 256th day of the year, usually on September 13 or on September 12 in leap years."
US,2025,2025-01-07,Orthodox Christmas Day,,Orthodox,Many Orthodox Christian churches in countries such as the United States observe Christmas Day on or near January 7 in the Gregorian calendar.
US,2025,2025-01-09,National Day of Mourning for Jimmy Carter,,National holiday,National Day of Mourning for Jimmy Carter is a federal holiday in the USA
US,2025,2025-01-10,Asarah B'Tevet,,Hebrew,Asarah B'Tevet is a Jewish holiday in the USA
US,2025,2025-01-13,Stephen Foster Memorial Day,,Observance,"Stephen Foster Memorial Day is annually observed in the United States on January 13. The day remembers the achievements of Stephen Foster, who is known as the “father of American music”."
US,2025,2025-01-14,Orthodox New Year,,Orthodox,Many Orthodox Christian churches in countries such as the United States celebrate New Year’s Day on January 14 in the Gregorian calendar.
US,2025,2025-01-19,World Religion Day,,Worldwide observance,World Religion Day fosters interfaith dialogue and understanding of all religions.
US,2025,2025-01-20,Inauguration Day,,National holiday,"On Inauguration Day, the president and vice-president of the United States of America are sworn in and take office."
US,2025,2025-01-20,Martin Luther King Jr. Day,,National holiday,Martin Luther King Day marks the anniversary of the date of birth of the influential American civil right leader of the same name.
US,2025,2025-01-24,International Day of Education,,United Nations observance,International Day of Education is a United Nations observance in the USA
US,2025,2025-01-26,International Customs Day,,Worldwide observance,International Customs Day celebrates custom personnel and agencies worldwide.
US,2025,2025-01-26,World Leprosy Day,,Worldwide observance,"World Leprosy Day brings awareness of leprosy, also known as Hansen's disease, and ways to prevent the disease."
US,2025,2025-01-27,International Day of Commemoration in Memory of the Victims of the Holocaust,,United Nations observance,The United Nations' (UN) International Day of Commemoration in Memory of the Victims of the Holocaust remembers those who died and suffered during the Holocaust before and during World War II. It is on January 27 each year.
US,2025,2025-01-28,Isra and Mi'raj,,Muslim,"Isra and Mi'raj (Isra Me'raj, Israa and Mi'raaj, Laylat Al-Isra wa Al-Miraj, Lailat al Miraj, Night Journey and Ascension to Heaven) marks the night when the Prophet Mohammad traveled from Mecca to Jerusalem, ascended to heaven and returned."
US,2025,2025-01-29,Lunar New Year,,Observance,Lunar New Year marks the first day of the New Year in the Chinese calendar.
US,2025,2025-02-01,First Day of Black History Month,,Observance,First Day of Black History Month is a annual monthly observance in the USA
US,2025,2025-02-01,National Freedom Day,,Observance,National Freedom Day in the United States is observed on February 1 each year.
US,2025,2025-02-02,Groundhog Day,,Observance,Many people in the United States observe Groundhog Day on February 2.
US,2025,2025-02-02,World Wetlands Day,,Worldwide observance,World Wetlands Day raises awareness about the important role that the wetlands play in the environment and in our lives.
US,2025,2025-02-04,International Day of Human Fraternity,,United Nations observance,International Day of Human Fraternity is a United Nations observance in the USA
US,2025,2025-02-04,World Cancer Day,,Worldwide observance,World Cancer Day is an annual global event on February 4 to raise people’s awareness of cancer.
US,2025,2025-02-05,National Girls and Women in Sports Day,,Observance,National Girls and Women in Sports Day is a observance in the USA
US,2025,2025-02-06,International Day of Zero Tolerance for Female Genital Mutilation,,United Nations observance,The International Day of Zero Tolerance for Female Genital Mutilation is an awareness campaign to end a harmful practice that violates girls’ and women’s rights.
US,2025,2025-02-07,National Wear Red Day,,Observance,National Wear Red Day® raises public awareness of heart disease in women and ways to avoid and combat this problem.
US,2025,2025-02-09,Super Bowl,,Sporting event,The Super Bowl is the championship game of the National Football League (NFL) in the United States. It is played every year in February.
US,2025,2025-02-10,World Pulses Day,,United Nations observance,World Pulses Day is a United Nations observance in the USA
US,2025,2025-02-11,International Day of Women and Girls in Science,,United Nations observance,The International Day of Women and Girls in Science is a UN holiday to recognize the critical role women and girls play in science and technology communities.
US,2025,2025-02-11,World Day of the Sick,,Worldwide observance,World Day of the Sick is a global event when people remember or pray for the sick.
US,2025,2025-02-13,Tu Bishvat/Tu B'Shevat,,Hebrew,"Tu B’Shevat, known as the “New Year for Trees”, is a Jewish festival similar to Arbor Day."
US,2025,2025-02-13,World Radio Day,,United Nations observance,World Radio Day is an annual United Nations (UN) event that promotes the importance of the radio in communicating information worldwide.
US,2025,2025-02-14,Valentine's Day,,Observance,Valentine's Day is an occasion to celebrate romantic love.
US,2025,2025-02-17,Presidents' Day,,National holiday,"Washington's Birthday, or Presidents' Day, honors the life and work of the first president of the United States, George Washington."
US,2025,2025-02-20,World Day of Social Justice,,United Nations observance,"The United Nations' (UN) World Day of Social Justice promotes poverty eradication, full employment and social integration. It is on February 20 each year."
US,2025,2025-02-21,International Mother Language Day,,United Nations observance,The United Nations' (UN) International Mother Language Day is annually held on February 21 to celebrate languages spoken worldwide. It also observes the human right to use these languages.
US,2025,2025-03-01,First Day of Irish American Heritage Month,,Observance,First Day of Irish American Heritage Month is a annual monthly observance in the USA
US,2025,2025-03-01,First Day of Women's History Month,,Observance,First Day of Women's History Month is a annual monthly observance in the USA
US,2025,2025-03-01,Ramadan Starts,,Muslim,"Many Muslims in the United States fast in the hours of daylight during Ramadan, the ninth month in the Islamic calendar."
US,2025,2025-03-01,Self-Injury Awareness Day,,Worldwide observance,
US,2025,2025-03-01,St. David's Day,,"Observance, Christian","Many Welsh communities in the United States celebrate the life of their patron saint, St David, and their links with Wales on St David’s Day."
US,2025,2025-03-01,Zero Discrimination Day,,United Nations observance,"Discrimination Day highlights the negative impacts of discrimination and promotes tolerance, compassion and peace."
US,2025,2025-03-03,Read Across America Day,,Observance,Read Across America Day is observed in the United States on March 2 each year.
US,2025,2025-03-03,World Wildlife Day,,United Nations observance,"World Wildlife Day celebrates all flora and fauna, including animals, on Earth."
US,2025,2025-03-04,Shrove Tuesday/Mardi Gras,,"Observance, Christian","Shrove Tuesday is traditionally known as the day prior to Lent but it also serves as a day of celebration, known as Mardi Gras."
US,2025,2025-03-05,Ash Wednesday,,Christian,"Ash Wednesday is a Christian observance that marks the first day of Lent, which is prior to Easter."
US,2025,2025-03-07,Employee Appreciation Day,,Observance,"Employee Appreciation Day is a US unofficial observance that recognizes and appreciates employees in all industries, aimed at helping employers keep their staff."
US,2025,2025-03-08,International Women's Day,,United Nations observance,International Women’s Day celebrates women’s achievements worldwide and throughout history.
US,2025,2025-03-10,International Day of Women Judges,,United Nations observance,International Day of Women Judges is a United Nations observance in the USA
US,2025,2025-03-13,World Kidney Day,,Worldwide observance,World Kidney Day is an annual observation that attempts to raise global awareness about the importance of kidney health and tries to bring attention to the unique challenges faced by those who suffer from Chronic Kidney Disease.
US,2025,2025-03-14,Purim,,Hebrew,"Purim commemorates a time when Jewish people were saved from death around the fourth century BCE, according to the Book of Esther."
US,2025,2025-03-15,Long Covid Awareness Day,,Worldwide observance,Long Covid Awareness Day is a worldwide observance in the USA
US,2025,2025-03-17,St. Patrick's Day,,"Observance, Christian","St Patrick's Day marks the life and deeds of St Patrick, one of Ireland's patron saints. It is an Irish-American celebration in the USA."
US,2025,2025-03-20,French Language Day,,United Nations observance,French Language Day is a United Nations observance in the USA
US,2025,2025-03-20,International Day of Happiness,,United Nations observance,International Day of Happiness aims to promote the idea that the pursuit of happiness is universal.
US,2025,2025-03-21,International Day for the Elimination of Racial Discrimination,,United Nations observance,The United Nations’ (UN) International Day for the Elimination of Racial Discrimination is annually observed on March 21.
US,2025,2025-03-21,International Day of Forests,,United Nations observance,"International Day of Forests raises awareness on forests and trees, including their role in climate change."
US,2025,2025-03-21,International Day of Nowruz,,United Nations observance,"The UN’s International Day of Nowruz, also known as Nowruz, No-Ruz, No-Rooz or No Ruz, is observed on March 21 each year."
US,2025,2025-03-21,World Down Syndrome Day,,United Nations observance,World Down Syndrome Day is held on March 21 every year.
US,2025,2025-03-21,World Poetry Day,,United Nations observance,World Poetry Day celebrates poetry around the world on March 21 each year.
US,2025,2025-03-22,World Water Day,,United Nations observance,World Water Day aims to increase people's awareness of the water's importance in all aspects of life.
US,2025,2025-03-23,World Meteorological Day,,United Nations observance,"World Meteorological Day marks the anniversary of the World Meteorological Organization's establishment on March 23, 1950."
US,2025,2025-03-24,International Day for the Right to the Truth concerning Gross Human Rights Violations and for the Dignity of Victims,,United Nations observance,March 24 is the UN’s International Day for the Right to the Truth concerning Gross Human Rights Violations and for the Dignity of Victims
US,2025,2025-03-24,World Tuberculosis Day,,United Nations observance,World Tuberculosis Day is annually held on March 24 to raise awareness of tuberculosis and ways to eradicate the disease.
US,2025,2025-03-25,International Day of Remembrance of Slavery Victims and the Transatlantic Slave Trade,,United Nations observance,"The International Day of Remembrance of the Victims of Slavery and the Transatlantic Slave Trade remembers the lives of Africans who were forced into slavery in North, Central and South America."
US,2025,2025-03-25,International Day of Solidarity with Detained and Missing Staff Members,,United Nations observance,The UN’s International Day of Solidarity with Detained and Missing Staff Members is annually held on March 25.
US,2025,2025-03-26,Lailat al-Qadr,,Muslim,Laylat al Qadr is most likely to be held on one of the last 10 days of month of Ramadan in the Islamic calendar.
US,2025,2025-03-29,Earth Hour,,Worldwide observance,Earth Hour is an annual event in which many people worldwide turn their lights off on the last Saturday in March.
US,2025,2025-03-29,National Vietnam War Veterans Day,,Observance,National Vietnam War Veterans Day is an US observance to honor US military members who served during the Vietnam War.
US,2025,2025-03-30,Doctors' Day,,Observance,Doctors' Day is a observance in the USA
US,2025,2025-03-30,Eid al-Fitr,,Muslim,"Eid al-Fitr, which is on the first day of the Islamic month of Shawwal, marks the end of the month-long fast of Ramadan."
US,2025,2025-03-31,Eid al-Fitr,,Muslim,"Eid al-Fitr is a holiday to mark the end of the Islamic month of Ramadan, during which Muslims fast during the hours of daylight."
US,2025,2025-03-31,International Transgender Day of Visibility,,Worldwide observance,International Transgender Day of Visibility is a worldwide observance in the USA
US,2025,2025-04-01,April Fool's Day,,Worldwide observance,"April Fool's Day, on April 1, is a day to play practical jokes and tricks."
US,2025,2025-04-02,World Autism Awareness Day,,United Nations observance,"World Autism Awareness Day raises an awareness of issues surrounding people, particularly children, with autism worldwide."
US,2025,2025-04-04,United Nations' Mine Awareness Day,,United Nations observance,The United Nations' International Day for Mine Awareness and Assistance in Mine Action is annually observed on April 4.
US,2025,2025-04-05,International Day of Conscience,,United Nations observance,International Day of Conscience is a United Nations observance in the USA
US,2025,2025-04-06,International Day of Sport for Development and Peace,,United Nations observance,The International Day of Sport for Development and Peace aims to bring goodwill and positive social outcomes through sporting achievements.
US,2025,2025-04-06,National Tartan Day,,Observance,National Tartan Day is annually observed on April 6 to honor the major role that Scottish Americans played in the founding of the United States of America.
US,2025,2025-04-07,Day of Remembrance of the Victims of the Rwanda Genocide,,United Nations observance,The UN’s Day of Remembrance of the Victims of the Rwanda Genocide is observed on April 7 each year.
US,2025,2025-04-07,United Nations' World Health Day,,United Nations observance,"The World Health Organization, the United Nations' the directing and coordinating authority for health, annually highlights one of its priorities for global health on World Health Day."
US,2025,2025-04-08,National Library Workers' Day,,Observance,"National Library Workers’ Day recognizes the efforts and achievements that librarians make to give Americans access to information via books, computers and other media."
US,2025,2025-04-12,International Day of Human Space Flight,,United Nations observance,The UN’s International Day of Human Space Flight is annually held on April 12.
US,2025,2025-04-12,Passover Eve,,Hebrew,Passover Eve is a Jewish holiday in the USA
US,2025,2025-04-13,Palm Sunday,,Christian,Palm Sunday in the United States celebrates Jesus Christ’s entry into Jerusalem. It is also the Sunday before Easter Sunday.
US,2025,2025-04-13,Passover (first day),,Hebrew,Passover marks the Israelites' liberation from slavery and their exodus from Egypt around 3000 years ago.
US,2025,2025-04-13,Thomas Jefferson's Birthday,,Observance,Americans celebrate president Thomas Jefferson's Birthday on April 13.
US,2025,2025-04-14,World Chagas Disease Day,,United Nations observance,World Chagas Disease Day is a United Nations observance in the USA
US,2025,2025-04-15,Tax Day,,Observance,Tax Day is the deadline for United States residents to file details of their income to the Internal Revenue Service (IRS) so that their liability for income tax can be assessed.
US,2025,2025-04-15,World Art Day,,Worldwide observance,World Art Day is a worldwide observance in the USA
US,2025,2025-04-17,Maundy Thursday,,Christian,"Maundy Thursday, which is also known as Holy Thursday, is the day before Good Friday."
US,2025,2025-04-18,Good Friday,,"Local holiday, Christian",Good Friday commemorates Jesus Christ's crucifixion.
US,2025,2025-04-18,International Day for Monuments and Sites,,Worldwide observance,The International Day for Monuments and Sites raises awareness on preserving and conserving historical and archeological heritage sites.
US,2025,2025-04-18,Orthodox Good Friday,,Orthodox,Many Orthodox Christians in the United States remember the events leading up to Jesus Christ's crucifixion on Great Friday.
US,2025,2025-04-19,Holy Saturday,,Christian,Holy Saturday is the day before Easter Sunday in the United States.
US,2025,2025-04-19,Orthodox Holy Saturday,,Orthodox,Many Orthodox Christians in the United States remember Jesus Christ’s burial and his descent into Hades on Holy Saturday.
US,2025,2025-04-20,Chinese Language Day,,United Nations observance,Chinese Language Day is a United Nations observance that celebrates one of the organization’s 6 official languages – Chinese.
US,2025,2025-04-20,Easter Sunday,,"Observance, Christian","Easter Sunday is an important day in the Christian church calendar because it celebrates Jesus Christ's resurrection, according to Christian belief."
US,2025,2025-04-20,Last Day of Passover,,Hebrew,"The last day of Passover marks the end of the Passover period, which lasts for seven or eight days."
US,2025,2025-04-20,Orthodox Easter,,Orthodox,"Many Orthodox Christians in the United States mark Easter Sunday, also known as Pascha, as the day Jesus Christ was resurrected, according to the Christian bible."
US,2025,2025-04-21,Boston Marathon,,Sporting event,Boston Marathon is one of the world's oldest yearly marathon. It is held annually on Patriot's Day in the month of April.
US,2025,2025-04-21,Easter Monday,,"Observance, Christian",Easter Monday is the day after Easter Sunday. It is not a federal holiday in the United States of America (USA).
US,2025,2025-04-21,Orthodox Easter Monday,,Orthodox,Many Orthodox churches in the United States observe Easter Monday on the day after the Orthodox Easter Sunday date.
US,2025,2025-04-21,World Creativity and Innovation Day,,United Nations observance,World Creativity and Innovation Day is a United Nations observance in the USA
US,2025,2025-04-22,Earth Day,,United Nations observance,The United Nations' International Mother Earth Day promotes environmental awareness and calls for the protection of our planet.
US,2025,2025-04-23,Administrative Professionals Day,,Observance,Administrative Professionals Day® is on the Wednesday of the last full week of April. It remembers the important role of administrative professionals.
US,2025,2025-04-23,English Language Day,,United Nations observance,"English Language Day promotes the history, culture and accomplishments of the English language."
US,2025,2025-04-23,World Book and Copyright Day,,United Nations observance,World Book and Copyright Day is an occasion to celebrate the contribution of books and authors to our global culture and the connection between copyright and books.
US,2025,2025-04-23,World Spanish Language Day,,United Nations observance,World Spanish Language Day is a United Nations observance in the USA
US,2025,2025-04-23,Yom HaShoah,,Hebrew,Many people in the United States observe Yom Hashoah by remembering Holocaust victims who died during World War II.
US,2025,2025-04-24,International Day of Multilateralism and Diplomacy for Peace,,United Nations observance,International Day of Multilateralism and Diplomacy for Peace is a United Nations observance in the USA
US,2025,2025-04-24,International Girls in ICT Day,,United Nations observance,International Girls in ICT Day is a United Nations observance in the USA
US,2025,2025-04-24,Take our Daughters and Sons to Work Day,,Observance,Take our Daughters and Sons to Work Day is a observance in the USA
US,2025,2025-04-25,International Delegate's Day,,United Nations observance,International Delegate's Day is a United Nations observance in the USA
US,2025,2025-04-25,World Malaria Day,,United Nations observance,World Malaria Day is annually observed on April 25 to promote efforts that provide effective control of malaria worldwide.
US,2025,2025-04-26,International Chernobyl Disaster Remembrance Day,,United Nations observance,International Chernobyl Disaster Remembrance Day is a UN holiday designed to raise awareness of the consequences of the 1986 nuclear accident.
US,2025,2025-04-26,World Intellectual Property Day,,United Nations observance,World Intellectual Property Day is annually held on April 26 to increase awareness and understanding of intellectual property worldwide.
US,2025,2025-04-28,World Day for Safety and Health at Work,,United Nations observance,The World Day for Safety and Health at Work is observed on April 28 each year.
US,2025,2025-04-30,International Jazz Day,,United Nations observance,"International Jazz Day recognizes the historical, cultural, and educational contribution of jazz."
US,2025,2025-05-01,First Day of Asian Pacific American Heritage Month,,Observance,First Day of Asian Pacific American Heritage Month is a annual monthly observance in the USA
US,2025,2025-05-01,First Day of Jewish American Heritage Month,,Observance,First Day of Jewish American Heritage Month is a annual monthly observance in the USA
US,2025,2025-05-01,First Day of Military Appreciation Month,,Observance,First Day of Military Appreciation Month is a annual monthly observance in the USA
US,2025,2025-05-01,Law Day,,Observance,Law Day in the United States is annually held on May 1.
US,2025,2025-05-01,Loyalty Day,,Observance,Loyalty Day is a special day for people to reaffirm their loyalty to the United States and to recognize the heritage of American freedom.
US,2025,2025-05-01,National Day of Prayer,,Observance,"National Day of Prayer is held on the first Thursday of May each year, inviting Americans of all faiths to pray for the country and its leaders."
US,2025,2025-05-01,Yom Ha'atzmaut,,Hebrew,"Many Jewish communities in the United States celebrate Yom Ha’Atzmaut, which is Israel’s Independence Day, on the fifth day of the month of Iyar in the Jewish calendar."
US,2025,2025-05-02,Kentucky Oaks,,Sporting event,The Kentucky Oaks is a rade 1 Stakes horse race held annually on the Friday before the Kentucky Derby in May.
US,2025,2025-05-02,World Tuna Day,,United Nations observance,World Tuna Day is a UN holiday designed to raise awareness of the global importance of tuna.
US,2025,2025-05-03,Kentucky Derby,,Sporting event,"Kentucky Derby is a Grade I Stakes horse race held annually in Louisville, Kentucky in May."
US,2025,2025-05-03,National Explosive Ordnance Disposal (EOD) Day,,Observance,National Explosive Ordnance Disposal (EOD) Day is an occasion to remember those serving the profession of explosive ordnance disposal in the United States Armed Forces.
US,2025,2025-05-03,World Press Freedom Day,,United Nations observance,World Press Freedom Day focuses on the importance of the freedom of the press and freedom of expression.
US,2025,2025-05-04,International Family Equality Day,,Worldwide observance,International Family Equality Day is a worldwide observance in the USA
US,2025,2025-05-05,Cinco de Mayo,,Observance,"'Cinco de Mayo' means ""Fifth of May"" in Spanish and is a festival of Mexican pride and heritage."
US,2025,2025-05-05,World Portuguese Language Day,,United Nations observance,World Portuguese Language Day is a United Nations observance in the USA
US,2025,2025-05-06,National Nurses Day,,Observance,National Nurses Day is an occasion to honor the work of nurses.
US,2025,2025-05-06,National Teacher Appreciation Day,,Observance,National Teacher Appreciation Day is a observance in the USA
US,2025,2025-05-08,Time of Remembrance and Reconciliation for Those Who Lost Their Lives during the Second World War,,United Nations observance,"The United Nations’ (UN) Time of Remembrance and Reconciliation for Those Who Lost Their Lives during the Second World War is annually held over two days, from May 8-9."
US,2025,2025-05-08,Victory in Europe Day,,Observance,Victory in Europe Day is a observance in the USA
US,2025,2025-05-08,World Ovarian Cancer Day,,Worldwide observance,World Ovarian Cancer Day aims to spread global awareness about ovarian cancer.
US,2025,2025-05-08,World Red Cross and Red Crescent Day,,Worldwide observance,World Red Cross and Red Crescent Day is a worldwide observance in the USA
US,2025,2025-05-09,Military Spouse Appreciation Day,,Observance,Appreciate and thank all the military spouses and partners you know on Military Spouse Appreciation Day.
US,2025,2025-05-10,International Day of Argania,,United Nations observance,International Day of Argania is a United Nations observance in the USA
US,2025,2025-05-10,World Migratory Bird Day,,United Nations observance,World Migratory Bird Day is observed the second weekend of May every year.
US,2025,2025-05-11,Mother's Day,,Observance,Mother's Day celebrates the role of mothers and mother figures.
US,2025,2025-05-12,Day of Vesak,,United Nations observance,Vesak Day is a Buddhist holiday that celebrates the birth of its founder. It is usually observed on the day of the full moon in May.
US,2025,2025-05-12,International Nurses Day,,Worldwide observance,International Nurses Day focuses on the critical contribution of nurses around the world in maintaining public health.
US,2025,2025-05-15,International Day of Families,,United Nations observance,"The International Day of Families is an occasion to celebrate the importance of families to people, societies and cultures around the world."
US,2025,2025-05-15,Peace Officers Memorial Day,,Observance,"Peace Officers Memorial Day is held annually in the United States on May 15 in honor of federal, state and local officers killed or disabled in the line of duty."
US,2025,2025-05-16,International Day of Light,,United Nations observance,International Day of Light is a United Nations observance in the USA
US,2025,2025-05-16,International Day of Living Together in Peace,,United Nations observance,International Day of Living Together in Peace is a United Nations observance in the USA
US,2025,2025-05-16,Lag BaOmer,,Hebrew,Many Jewish Americans observe Lag B’Omer on the 18th day of the month of Iyar in the Jewish calendar.
US,2025,2025-05-16,National Defense Transportation Day,,Observance,National Defense Transportation Day occurs annually in the United States on the third Friday of May.
US,2025,2025-05-17,Armed Forces Day,,Observance,Armed Forces Day is a national observance in the United States on the third Saturday of May each year.
US,2025,2025-05-17,Preakness Stakes,,Sporting event,The Preakness Stakes is the second event in the Triple Crown and is annually held two weeks after the Kentucky Derby.
US,2025,2025-05-17,World Telecommunication and Information Society Day,,United Nations observance,World Information Society Day is celebrated each year to raise awareness of how information and communication can be beneficial for societies and economies.
US,2025,2025-05-20,World Autoimmune / Autoinflammatory Arthritis Day,,Worldwide observance,World Autoimmune / Autoinflammatory Arthritis Day is a worldwide observance in the USA
US,2025,2025-05-20,World Bee Day,,United Nations observance,World Bee Day is a United Nations observance in the USA
US,2025,2025-05-21,Emergency Medical Services for Children Day,,Observance,"Emergency Medical Services for Children (EMSC) Day is observed on the Wednesday of Emergency Medical Services (EMS) Week, May 19–25, in the United States."
US,2025,2025-05-21,International Tea Day,,United Nations observance,International Tea Day is a United Nations observance in the USA
US,2025,2025-05-21,World Day for Cultural Diversity for Dialogue and Development,,United Nations observance,"The World Day for Cultural Diversity for Dialogue and Development, held on May 21, is an occasion for people to deepen their understanding of cultural diversity."
US,2025,2025-05-22,International Day for Biological Diversity,,United Nations observance,The International Day for Biological Diversity is an occasion to increase the global understanding and awareness of issues and challenges around biodiversity.
US,2025,2025-05-22,National Maritime Day,,Observance,"National Maritime Day is annually observed in the United States on May 22. It is a time to observe its maritime heritage, to honor those who served as merchant mariners, and to recognize the benefits of the maritime industry."
US,2025,2025-05-23,International Day to End Obstetric Fistula,,United Nations observance,The International Day to End Obstetric Fistula raises awareness of fistula and calls for support to tackle the problem.
US,2025,2025-05-25,African Liberation Day,,Worldwide observance,African Liberation Day celebrates African nations' hard-fought freedom from European colonial powers.
US,2025,2025-05-25,National Missing Children's Day,,Observance,National Missing Children's Day is an observation dedicated to addressing the problem of child abduction.
US,2025,2025-05-26,Memorial Day,,National holiday,Memorial Day commemorates all Americans who have died in military service for the United States.
US,2025,2025-05-29,Ascension Day,,Christian,Ascension Day is the 40th day of Easter and commemorates the ascension of Jesus Christ into heaven.
US,2025,2025-05-29,International Day of United Nations Peacekeepers,,United Nations observance,The International Day of United Nations Peacekeepers is an occasion to pay tribute to people who served in United Nations (UN) peacekeeping operations.
US,2025,2025-05-31,World No Tobacco Day,,United Nations observance,World No Tobacco Day draws attention to the health problems caused by tobacco use.
US,2025,2025-06-01,First Day of Caribbean-American Heritage Month,,Observance,First Day of Caribbean-American Heritage Month is a annual monthly observance in the USA
US,2025,2025-06-01,First Day of Pride Month,,Observance,First Day of Pride Month is a annual monthly observance in the USA
US,2025,2025-06-01,Global Day of Parents,,United Nations observance,Global Day of Parents appreciates the role of a parent in nurturing and fostering growth for their children.
US,2025,2025-06-02,Shavuot,,Hebrew,"Shavuot, also known as the Festival of Weeks, is one of three major Jewish festivals."
US,2025,2025-06-03,World Bicycle Day,,United Nations observance,World Bicycle Day is a United Nations observance in the USA
US,2025,2025-06-04,International Day of Innocent Children Victims of Aggression,,United Nations observance,The United Nations' (UN) International Day of Innocent Children Victims of Aggression is observed on June 4 each year.
US,2025,2025-06-05,"International Day for the Fight against Illegal, Unreported and Unregulated Fishing",,United Nations observance,"International Day for the Fight against Illegal, Unreported and Unregulated Fishing is a United Nations observance in the USA"
US,2025,2025-06-05,World Environment Day,,United Nations observance,World Environment Day is held each year on June 5. It is one of the principal vehicles through which the United Nations (UN) stimulates worldwide awareness of the environment and enhances political attention and action.
US,2025,2025-06-06,D-Day,,Observance,"D-Day is a special anniversary in some countries, including the United States (U.S.), to remember Allied forces’ invasion of Normandy, France, in the Second World War."
US,2025,2025-06-06,Day of the Russian Language,,United Nations observance,Day of the Russian Language is a United Nations observance in the USA
US,2025,2025-06-07,Belmont Stakes,,Sporting event,The Belmont Stakes is the third and final horse race of the Triple Crown. It is run annually five weeks after the Kentucky Derby.
US,2025,2025-06-07,Eid al-Adha,,Muslim,"For more than 3 millions Muslims in the US, Eid al-Adha, the Festival of Sacrifice, is one of the most important dates in the calendar."
US,2025,2025-06-07,World Food Safety Day,,United Nations observance,World Food Safety Day is a United Nations observance in the USA
US,2025,2025-06-08,Pentecost,,Christian,"Many Christians in the United States observe Pentecost, also known as Whitsunday or Whit Sunday."
US,2025,2025-06-08,World Oceans Day,,United Nations observance,World Oceans Day is annually observed on June 8 to raise awareness of the challenges humanity faces to protect the world's oceans.
US,2025,2025-06-09,Whit Monday,,Christian,"Many Christians in the United States will observe Whit Monday, or Pentecost Monday. It is the day after Pentecost, which is also known as Whit Sunday or Whitsunday."
US,2025,2025-06-12,Loving Day,,Observance,Loving Day is a observance in the USA
US,2025,2025-06-12,World Day Against Child Labour,,United Nations observance,Poverty and injustice against widows is a world-wide problem addressed by International Widows' Day.
US,2025,2025-06-13,Friday the 13th,,Worldwide observance,Friday the 13th is a day full of superstitious beliefs in communities worldwide.
US,2025,2025-06-13,International Albinism Awareness Day,,United Nations observance,International Albinism Awareness Day aims to stop the persecution and murders of people with albinism.
US,2025,2025-06-14,Army Birthday,,Observance,Army Birthday is a observance in the USA
US,2025,2025-06-14,Flag Day,,Observance,Flag Day is annually held on June 14 to honor the United States flag.
US,2025,2025-06-14,World Blood Donor Day,,United Nations observance,On World Blood Donor Day numerous events are held worldwide to raise awareness about the importance of safe blood supplies.
US,2025,2025-06-15,Father's Day,,Observance,Father's Day celebrates the contribution that fathers and father figures make to the lives of their children.
US,2025,2025-06-15,Trinity Sunday,,Christian,Trinity Sunday is the first Sunday after Pentecost and is celebrated by many Christians in the United States.
US,2025,2025-06-15,World Elder Abuse Awareness Day,,United Nations observance,"World Elder Abuse Awareness Day attempts to shine a light on the problem of physical, emotional, and financial abuse of elders."
US,2025,2025-06-16,International Day of Family Remittances,,United Nations observance,The UN estimates that family remittances worth over 500 billion US$ are transferred worldwide every year.
US,2025,2025-06-17,World Day to Combat Desertification and Drought,,United Nations observance,The United Nations' World Day to Combat Desertification and Drought is observed worldwide on June 17 each year.
US,2025,2025-06-18,Sustainable Gastronomy Day,,United Nations observance,Sustainable Gastronomy Day is a United Nations observance in the USA
US,2025,2025-06-19,Corpus Christi,,Christian,Corpus Christi is observed in honor of the Holy Eucharist.
US,2025,2025-06-19,International Day for the Elimination of Sexual Violence in Conflict,,United Nations observance,International Day for the Elimination of Sexual Violence in Conflict is a UN day aiming to rid the world of conflict-related sexual violence.
US,2025,2025-06-19,Juneteenth,,National holiday,"Juneteenth, also known as Freedom Day and Emancipation Day, is a holiday or observance in many US states to celebrate the anniversary of the abolition of slavery in Texas on June 19, 1865."
US,2025,2025-06-20,American Eagle Day,,Observance,"Observed annually on June 20 in 47 American states, American Eagle Day is an unofficial holiday that celebrates the removal of the American Bald Eagle from a list of ""endangered species""."
US,2025,2025-06-20,World Refugee Day,,United Nations observance,"The United Nations' World Refugee Day honors refugees' courage, strength and determination."
US,2025,2025-06-21,International Day of Yoga,,United Nations observance,The International Day of Yoga is a UN-day that aims to raise awareness worldwide of the many benefits of practicing yoga.
US,2025,2025-06-21,International Day of the Celebration of the Solstice,,United Nations observance,International Day of the Celebration of the Solstice is a United Nations observance in the USA
US,2025,2025-06-23,International Widows' Day,,United Nations observance,Poverty and injustice against widows is a world-wide problem addressed by International Widows' Day.
US,2025,2025-06-23,Public Service Day,,United Nations observance,The United Nations’ Public Service Day celebrates the idea that democracy and successful governance depend on a competent civil service.
US,2025,2025-06-25,Day of the Seafarer,,United Nations observance,"The Day of the Seafarer aims to acknowledge the social, and economic contribution of the millions of seafarers around the world."
US,2025,2025-06-26,International Day Against Drug Abuse and Illicit Trafficking,,United Nations observance,The United Nations’ (UN) International Day Against Drug Abuse and Illicit Trafficking raise awareness about the dangers of illicit drugs.
US,2025,2025-06-26,International Day in Support of Victims of Torture,,United Nations observance,The United Nations’ (UN) International Day in Support of Victims of Torture is annually observed on June 26 to remind people that human torture is not only unacceptable – it is also a crime.
US,2025,2025-06-27,"Micro-, Small and Medium-sized Enterprises Day",,United Nations observance,"Micro-, Small and Medium-sized Enterprises Day is a United Nations observance in the USA"
US,2025,2025-06-27,Muharram,,Muslim,"The first day of Muharram, which is the first month in the Islamic calendar, marks the start of the Islamic New Year."
US,2025,2025-06-29,International Day of the Tropics,,United Nations observance,International Day of the Tropics is a United Nations observance in the USA
US,2025,2025-06-30,International Asteroid Day,,United Nations observance,The United Nations established International Asteroid Day to raise public awareness of the asteroid impact hazard.
US,2025,2025-06-30,International Day of Parliamentarism,,United Nations observance,International Day of Parliamentarism is a United Nations observance in the USA
US,2025,2025-07-04,Independence Day,,National holiday,"On Independence Day, Americans celebrate the anniversary of publication of the Declaration of Independence from Great Britain in 1776."
US,2025,2025-07-05,International Day of Cooperatives,,United Nations observance,"The United Nations' (UN) International Day of Cooperatives recognizes and reaffirms the role of cooperatives in economic, social and cultural development and in the achievement of social policy objectives."
US,2025,2025-07-06,Ashura,,Muslim,Ashura is a Muslim in the USA
US,2025,2025-07-11,World Population Day,,United Nations observance,The United Nations' (UN) World Population Day reaffirms the human right to plan for a family.
US,2025,2025-07-14,Bastille Day,,Observance,Bastille Day is a observance in the USA
US,2025,2025-07-15,World Youth Skills Day,,United Nations observance,Acquiring skills enhances youths' ability to make informed choices and empowers them to gain access to changing labor markets.
US,2025,2025-07-16,Rural Transit Day,,Observance,Rural Transit Day is a observance in the USA
US,2025,2025-07-18,Nelson Mandela Day,,United Nations observance,Nelson Mandela International Day is annually observed on July 18 to recognize the former South African president’s contribution to peace and freedom.
US,2025,2025-07-20,World Chess Day,,United Nations observance,World Chess Day is a United Nations observance in the USA
US,2025,2025-07-25,World Drowning Prevention Day,,United Nations observance,World Drowning Prevention Day is a United Nations observance in the USA
US,2025,2025-07-27,National Korean War Veterans Armistice Day,,Observance,National Korean War Veterans Armistice Day is a observance in the USA
US,2025,2025-07-27,Parents' Day,,Observance,Parents’ Day is celebrated in the United States on the fourth Sunday of July each year to recognize and promote parenting as a crucial part of families and the wider community.
US,2025,2025-07-28,World Hepatitis Day,,United Nations observance,World Hepatitis Day is observed on July 28 every year to raise awareness of hepatitis and encourage prevention and treatment.
US,2025,2025-07-30,International Day of Friendship,,United Nations observance,The International Day of Friendship is annually held on July 30 to celebrate friendships worldwide.
US,2025,2025-07-30,World Day Against Trafficking in Persons,,United Nations observance,July 30 is the UN World Day Against Trafficking in Persons
US,2025,2025-08-03,Tisha B'Av,,Hebrew,Tisha B’Av is on the ninth day of the month of Av in the Jewish calendar.
US,2025,2025-08-04,Barack Obama Day,,Observance,Barack Obama Day is a observance in the USA
US,2025,2025-08-04,Coast Guard Birthday,,Observance,Coast Guard Birthday is a observance in the USA
US,2025,2025-08-07,Purple Heart Day,,Observance,Purple Heart Day on August 7 commemorates the day in 1782 when General George Washington created the Purple Heart Medal – a military decoration that is awarded to those wounded or killed while serving in the United States Armed Forces.
US,2025,2025-08-09,International Day of the World's Indigenous People,,United Nations observance,The United Nations’ (UN) International Day of the World's Indigenous People is observed on August 9 each year to promote and protect the rights of the world’s indigenous peoples.
US,2025,2025-08-12,International Youth Day,,United Nations observance,The United Nations’ (UN) International Youth Day is annually held on August 12 to celebrate the achievements of the world’s youth and to encourage their participation in enhancing society.
US,2025,2025-08-15,Assumption of Mary,,Christian,Assumption Day is a Christian observance in the United States that is held annually on August 15. Catholics observe the Dormition (falling asleep) or the day that the Blessed Virgin Mary was received into heaven.
US,2025,2025-08-17,National Senior Citizens Day,,Observance,National Senior Citizens Day is an observance on the third Sunday of August to honor the contributions of senior citizens in the United States.
US,2025,2025-08-19,National Aviation Day,,Observance,National Aviation Day is observed in the United States on August 19 each year to celebrate the history and development of the aviation.
US,2025,2025-08-19,World Humanitarian Day,,United Nations observance,The United Nations’(UN) World Humanitarian Day focuses on increasing public awareness about humanitarian service worldwide and is annually observed on August 19.
US,2025,2025-08-21,International Day of Remembrance of and Tribute to the Victims of Terrorism,,United Nations observance,International Day of Remembrance of and Tribute to the Victims of Terrorism is a United Nations observance in the USA
US,2025,2025-08-22,International Day Commemorating the Victims of Acts of Violence Based on Religion or Belief,,United Nations observance,International Day Commemorating the Victims of Acts of Violence Based on Religion or Belief is a United Nations observance in the USA
US,2025,2025-08-23,International Day for the Remembrance of the Slave Trade and its Abolition,,United Nations observance,The United Nations’ (UN) International Day for the Remembrance of the Slave Trade and its Abolition is held on August 23 each year to remind people of the tragedy of the transatlantic slave trade.
US,2025,2025-08-26,Women's Equality Day,,Observance,Women's Equality Day on August 26 is an annual observance that commemorates the anniversary of the first time voting rights were extended to women in the United States.
US,2025,2025-08-29,International Day against Nuclear Tests,,United Nations observance,The United Nations’ (UN) International Day against Nuclear Tests is annually observed on August 29. The day raises awareness of the dangers of nuclear weapons and a closer approach to eliminating the use of those weapons.
US,2025,2025-08-30,International Day of the Victims of Enforced Disappearances,,United Nations observance,The International Day of the Victims of Enforced Disappearances is annually observed on August 30.
US,2025,2025-08-31,International Day for People of African Descent,,United Nations observance,International Day for People of African Descent is a United Nations observance in the USA
US,2025,2025-08-31,International Overdose Awareness Day,,Worldwide observance, International Overdose Awareness Day is an annual observation which aims to raise global awareness of about the impact of drug overdose on families and communities. The campaign also attempts to remove the stigma associated with overdose.
US,2025,2025-09-01,Labor Day,,National holiday,Labor Day is a federal holiday in the United States. It gives workers a day of rest and it celebrates their contribution to the American economy.
US,2025,2025-09-04,World Sexual Health Day,,Worldwide observance, World Sexual Health Day is an annual awareness day that attempts to break down social and cultural taboos associated with sexuality and to promote sexual health around the world.
US,2025,2025-09-05,International Day of Charity,,United Nations observance,The International Day of Charity raises public awareness of what charities do to help minimize poverty.
US,2025,2025-09-05,The Prophet's Birthday,,Muslim,Eid Milad ul-Nabi (Mawlid or Milad-un-Nabi) commemorates the Prophet Muhammed's birthday.
US,2025,2025-09-06,Carl Garner Federal Lands Cleanup Day,,Observance,Carl Garner Federal Lands Cleanup Day encourages people in the United States to participate in cleaning up the federal lands. It is observed on the first Saturday after Labor Day.
US,2025,2025-09-07,International Day of Clean Air for Blue Skies,,United Nations observance,International Day of Clean Air for Blue Skies is a United Nations observance in the USA
US,2025,2025-09-07,National Grandparents Day,,Observance,National Grandparents Day is celebrated on the first Sunday of September after Labor Day in the United States.
US,2025,2025-09-07,Still's Disease Awareness Day,,Worldwide observance,Still's Disease Awareness Day is a worldwide observance in the USA
US,2025,2025-09-08,International Literacy Day,,United Nations observance,The United Nations' (UN) International Literacy Day is held on September 8 each year.
US,2025,2025-09-09,International Day to Protect Education from Attack,,United Nations observance,International Day to Protect Education from Attack is a United Nations observance in the USA
US,2025,2025-09-10,World Suicide Prevention Day,,Worldwide observance,World Suicide Prevention Day promotes worldwide action to prevent suicides on September 10 each year.
US,2025,2025-09-11,Patriot Day,,Observance,"Patriot Day is held in memory of nearly 3000 people who died during terrorist attacks in New York, Washington DC and Shanksville, Pennsylvania, in the United States."
US,2025,2025-09-12,International Day for South-South Cooperation,,United Nations observance,The United Nations Day for South-South Cooperation is observed on September 12 each year.
US,2025,2025-09-13,International Programmers' Day,,Worldwide observance,"Many people celebrate International Programmers’ Day on January 7, while others observe this event on the 256th day of the year, usually on September 13 or on September 12 in leap years."
US,2025,2025-09-15,First Day of National Hispanic Heritage Month,,Observance,First Day of National Hispanic Heritage Month is a annual monthly observance in the USA
US,2025,2025-09-15,International Day of Democracy,,United Nations observance,The United Nations’ (UN) International Day of Democracy is observed on September 15 each year.
US,2025,2025-09-16,International Day for the Preservation of the Ozone Layer,,United Nations observance,The United Nations' (UN) International Day for the Preservation of the Ozone Layer focuses on the importance of protecting human health and the environment.
US,2025,2025-09-17,Constitution Day and Citizenship Day,,Observance,Constitution Day and Citizenship Day is a combined event that occurs in the United States on September 17 each year.
US,2025,2025-09-17,World Patient Safety Day,,United Nations observance,World Patient Safety Day is a United Nations observance in the USA
US,2025,2025-09-18,Air Force Birthday,,Observance,Air Force Birthday is a observance in the USA
US,2025,2025-09-18,International Equal Pay Day,,United Nations observance,International Equal Pay Day is a United Nations observance in the USA
US,2025,2025-09-19,National POW/MIA Recognition Day,,Observance,National POW/MIA Recognition Day is annually observed in the United States on the third Friday of September.
US,2025,2025-09-21,International Day of Peace,,United Nations observance,"The United Nations' (UN) International Day of Peace is annually held on September 21 to recognize the efforts of individuals, organizations and governments to end conflict and promote peace."
US,2025,2025-09-23,International Celebrate Bisexuality Day,,Worldwide observance,"International Celebrate Bisexuality Day, also known as Bi Visibility Day, promotes the rights of bisexual people around the world."
US,2025,2025-09-23,International Day of Sign Languages,,United Nations observance,International Day of Sign Languages is a United Nations observance in the USA
US,2025,2025-09-23,Rosh Hashana,,Hebrew,Rosh Hashanah is the Jewish New Year. Many Jewish-run organizations in the US are closed during the two-day celebration.
US,2025,2025-09-25,World Maritime Day,,United Nations observance,"World Maritime Day is held on the last week of September each year, although the exact date is up to individual governments around the world."
US,2025,2025-09-26,International Day for the Total Elimination of Nuclear Weapons,,United Nations observance,The International Day for the Total Elimination of Nuclear Weapons raises awareness about the dangers of nuclear weapons.
US,2025,2025-09-27,National Public Lands Day,,Observance,National Public Lands Day is a observance in the USA
US,2025,2025-09-27,World Tourism Day,,United Nations observance,The United Nations’ (UN) World Tourism Day is annually held on September 27 to raise awareness on the benefits of tourism.
US,2025,2025-09-28,Gold Star Mother's Day,,Observance,Gold Star Mother’s Day is annually observed in the United States on the last Sunday of September.
US,2025,2025-09-28,International Day for Universal Access to Information,,United Nations observance,International Day for Universal Access to Information is a United Nations observance in the USA
US,2025,2025-09-28,World Rabies Day,,Worldwide observance,World Rabies Day is annually observed on September 28 to raise awareness about rabies and how it can be prevented.
US,2025,2025-09-29,International Day of Awareness of Food Loss and Waste,,United Nations observance,International Day of Awareness of Food Loss and Waste is a United Nations observance in the USA
US,2025,2025-09-29,World Heart Day,,Worldwide observance,World Heart Day raises awareness of cardiovascular diseases and ways to reduce their risk.
US,2025,2025-09-30,International Translation Day,,United Nations observance,International Translation Day is a United Nations observance in the USA
US,2025,2025-10-01,International Day of Older Persons,,United Nations observance,The United Nations' (UN) International Day of Older Persons is celebrated on October 1 each year as a special day for older persons worldwide.
US,2025,2025-10-01,World Vegetarian Day,,Worldwide observance,"World Vegetarian Day is an annual observation that spreads awareness about the health, environmental, and ethical benefits of following a vegetarian lifestyle. The unofficial holiday encourages people to avoid eating foods that include animal products and to adopt a plant-based diet."
US,2025,2025-10-02,International Day of Non-Violence,,United Nations observance,The United Nations’ (UN) International Day of Non-Violence is a globally observed on October 2 each year to promote non-violence.
US,2025,2025-10-02,Yom Kippur,,Hebrew,Yom Kippur is an important Jewish holiday that falls on the 10th day of the month of Tishrei in the Jewish calendar.
US,2025,2025-10-04,Feast of St Francis of Assisi,,Christian,"Many Catholics in the United States, particularly those with pets, celebrate the Feast of St Francis of Assisi, the patron saint of animals and the environment, on October 4 each year."
US,2025,2025-10-05,World Teachers' Day,,United Nations observance,The United Nations' (UN) World Teachers' Day commemorates the work of teachers and their contributions to society. It is observed on October 5 each year.
US,2025,2025-10-06,Child Health Day,,Observance,Child Health Day is annually celebrated in the United States on the first Monday of October.
US,2025,2025-10-06,German American Day,,Observance,German American Day is a observance in the USA
US,2025,2025-10-06,World Cerebral Palsy Day,,Worldwide observance,"World Cerebral Palsy Day is an annual awareness observation that brings together people with cerebral palsy, their families and loved ones, and organizations working to ensure equal rights for them."
US,2025,2025-10-06,World Habitat Day,,United Nations observance,The United Nations’ (UN) World Habitat Day reflects on the state of human settlements and people’s right to sufficient shelter.
US,2025,2025-10-07,First Day of Sukkot,,Hebrew,"The first day of Sukkot marks the start of the Sukkot festival for Jewish communities in many countries, including the United States."
US,2025,2025-10-08,International Day for Natural Disaster Reduction,,United Nations observance,The United Nations’ (UN) International Day for Natural Disaster Reduction is annually observed on the second Wednesday of October to promote a global culture of natural disaster risk reduction.
US,2025,2025-10-09,Leif Erikson Day,,Observance,Leif Erikson Day honors the first Scandinavian known to have set foot on American soil and the contribution of the Nordic peoples to the United States.
US,2025,2025-10-09,World Post Day,,United Nations observance,World Post Day marks the anniversary of the Universal Postal Union's establishment in 1874. It is held on October 9 each year.
US,2025,2025-10-09,World Sight Day,,Worldwide observance,World Sight Day is annually held on the second Thursday of October to raise awareness about blindness and vision impairment.
US,2025,2025-10-10,World Mental Health Day,,United Nations observance,"World Mental Health Day, which is supported by the United Nations (UN), is annually held on October 10 to raise public awareness about mental health issues worldwide."
US,2025,2025-10-11,International Day of the Girl Child,,United Nations observance,The International Day of the Girl Child is a United Nations (UN) observance on October 11 each year.
US,2025,2025-10-11,World Migratory Bird Day,,United Nations observance,World Migratory Bird Day is observed the second weekend of May every year.
US,2025,2025-10-12,Chicago Marathon,,Sporting event,The Chicago Marathon is one of the six World Marathon Majors and is held annually in October.
US,2025,2025-10-13,Columbus Day,,National holiday,Columbus Day celebrates 15th century explorer Christopher Columbus's arrival in America in 1492.
US,2025,2025-10-13,Last Day of Sukkot,,Hebrew,"Many Jewish communities in countries such as the United States observe the last day of Sukkot, which marks the end of the Sukkot festival."
US,2025,2025-10-13,Navy Birthday,,Observance,"Navy Birthday celebrates the establishment of the United States Navy on October 13, 1775."
US,2025,2025-10-14,Shmini Atzeret,,Hebrew,"Shemini Atzeret (or Shmini Atzeret) is a Jewish holiday dedicated to the love of God, while Simchat Torah (Simchas Torah or Simhat Torah) marks the end of Sukkot and celebrates the completion of the annual reading of the Torah."
US,2025,2025-10-15,International Day of Rural Women,,United Nations observance,The United Nations’ (UN) International Day of Rural Women is annually celebrated on October 15 to recognize rural women’s role in supporting their communities.
US,2025,2025-10-15,Simchat Torah,,Hebrew,Simchat Torah (Simchas Torah or Simhat Torah) is a Jewish holiday that marks the end of Sukkot and celebrates the completion of the annual reading of the Torah.
US,2025,2025-10-15,White Cane Safety Day,,Observance,White Cane Safety Day is a United States observance annually held on October 15 to celebrate blind and visually impaired people's achievements and the importance of the white cane.
US,2025,2025-10-16,Boss's Day,,Observance,"Boss’s Day is observed in many workplaces in the United States on October 16, or the nearest working day, each year."
US,2025,2025-10-16,World Food Day,,United Nations observance,World Food Day is celebrated on October 16 each year.
US,2025,2025-10-17,International Day for the Eradication of Poverty,,United Nations observance,The United Nations’ (UN) International Day for the Eradication of Poverty is annually observed on October 17 to promote awareness of the need to eradicate poverty worldwide.
US,2025,2025-10-18,Sweetest Day,,Observance,Sweetest Day is a observance in the USA
US,2025,2025-10-20,World Statistics Day,,United Nations observance,World Statistics Day is a UN day that acknowledges the role of statistics in countries' policy decisions.
US,2025,2025-10-24,United Nations Day,,United Nations observance,United Nations Day marks the anniversary of the United Nations Charter coming into force in 1945 and celebrates the work of this organization. United Nations Day annually falls on October 24.
US,2025,2025-10-24,World Development Information Day,,United Nations observance,The United Nations' (UN) World Development Information Day falls on October 24 each year.
US,2025,2025-10-27,World Day for Audiovisual Heritage,,United Nations observance,The World Day for Audiovisual Heritage is observed on October 27 every year.
US,2025,2025-10-29,World Stroke Day,,Worldwide observance,World Stroke Day is annually held on October 29 to raise awareness about stroke and ways to combat it.
US,2025,2025-10-31,Halloween,,Observance,"Halloween is celebrated by hosting costume parties, playing 'trick-or-treat', watching horror films, visiting haunted houses or carving lanterns out of pumpkins."
US,2025,2025-10-31,World Cities Day,,United Nations observance,World Cities Day is a UN observance that aims to recognize the role of cities as  a foundation for social and economic development.
US,2025,2025-11-01,All Saints' Day,,Christian,"Many Catholics honor all the saints on All Saints' Day, also known as All Hallows' Day, in the United States."
US,2025,2025-11-01,First Day of Native American Heritage Month,,Observance,First Day of Native American Heritage Month is a annual monthly observance in the USA
US,2025,2025-11-01,World Vegan Day,,Worldwide observance,World Vegan Day is an annual observation that brings together vegans around the world to bring attention to animal rights and to spread the word about the health advantages of following a vegan diet.
US,2025,2025-11-02,All Souls' Day,,Christian,"Prayers for the dead are made on All Souls’ Day in the United States, which falls on November 2 each year. The Day of the Dead is also celebrated on this day."
US,2025,2025-11-02,International Day to End Impunity for Crimes against Journalists,,United Nations observance,The International Day to End Impunity for Crimes against Journalists raises awareness about violence against journalists.
US,2025,2025-11-02,New York City Marathon,,Sporting event,The New York City Marathon is one of the world's largest marathons and takes place every year in November.
US,2025,2025-11-04,Election Day,,Observance,Election Day in the United States of America is the day on which popular ballots are held to select public officials.
US,2025,2025-11-05,World Tsunami Awareness Day,,United Nations observance,World Tsunami Awareness Day is a United Nations observance in the USA
US,2025,2025-11-06,International Day for Preventing the Exploitation of the Environment in War and Armed Conflict,,United Nations observance,The United Nations’ (UN) International Day for Preventing the Exploitation of the Environment in War and Armed Conflict is held on November 6 each year.
US,2025,2025-11-10,Marine Corps Birthday,,Observance,"Marine Corps Birthday celebrates the establishment of the United States Marine Corps on November 10, 1775."
US,2025,2025-11-10,World Science Day for Peace and Development,,United Nations observance,The World Science Day for Peace and Development (WSDPD) is celebrated on November 10 each year.
US,2025,2025-11-11,Singles’ Day,,Worldwide observance,
US,2025,2025-11-11,Veterans Day,,National holiday,Veterans Day in the USA is a holiday to honor all who have served in the United States Military Services.
US,2025,2025-11-12,World Pneumonia Day,,Worldwide observance,"World Pneumonia Day supports all efforts made to protect and treat people against pneumonia, the single largest cause of child deaths worldwide."
US,2025,2025-11-14,World Diabetes Day,,United Nations observance,World Diabetes Day is held annually to raise awareness of diabetes and its complications and the care that people with this condition need. It is observed on November 14 each year.
US,2025,2025-11-16,International Day for Tolerance,,United Nations observance,The United Nations’ (UN) International Day for Tolerance is observed on November 16 each year to help people understand the importance of tolerance worldwide.
US,2025,2025-11-16,World Day of Remembrance for Road Traffic Victims,,United Nations observance,The World Day of Remembrance for Road Traffic Victims serves as a major advocacy day for road traffic injury prevention.
US,2025,2025-11-17,World Prematurity Day,,Worldwide observance, World Prematurity Day is an annual observance that is dedicated to raising awareness about the health and emotional issues surrounding preterm birth.
US,2025,2025-11-19,International Men's Day,,Worldwide observance,International Men’s Day celebrates men's achievements worldwide and throughout history.
US,2025,2025-11-19,World Toilet Day,,United Nations observance,World Toilet Day aims to promote public awareness of the need for adequate toilets to improve people’s health and save lives.
US,2025,2025-11-20,Africa Industrialization Day,,United Nations observance,Africa Industrialization Day aims to stimulate the international community's commitment to the industrialization of Africa.
US,2025,2025-11-20,Transgender Day of Remembrance,,Worldwide observance,Transgender Day of Remembrance is a worldwide observance in the USA
US,2025,2025-11-20,Universal Children's Day,,United Nations observance,The United Nations' (UN) Universal Children's Day is an occasion to promote the welfare of children and an understanding between children all over the world. It is held on November 20 each year
US,2025,2025-11-20,World Philosophy Day,,United Nations observance,World Philosophy Day is celebrated on the third Thursday of November each year.
US,2025,2025-11-21,Fake Friday,,Worldwide observance,"Many early-bird shoppers look for bargains on Fake Friday to get ahead of the crowds in stores on Black Friday, observed a week later."
US,2025,2025-11-21,World Television Day,,United Nations observance,The United Nations’ (UN) World Television Day is globally celebrated on November 21 each year.
US,2025,2025-11-25,International Day for the Elimination of Violence against Women,,United Nations observance,The United Nations' (UN) International Day for the Elimination of Violence against Women raises public awareness of violence against women in all countries around the world and at all levels of society. It is observed each year on November 25.
US,2025,2025-11-27,Thanksgiving Day,,National holiday,Thanksgiving Day in the United States is traditionally a holiday to give thanks for the food collected at the end of the harvest season.
US,2025,2025-11-28,Black Friday,,Observance,Black Friday is the day after Thanksgiving Day in the USA. It is a busy shopping day and is a holiday in some states.
US,2025,2025-11-28,Native American Heritage Day,,Observance,Native American Heritage Day is a observance in the USA
US,2025,2025-11-29,International Day of Solidarity with the Palestinian People,,United Nations observance,The United Nations’ (UN) International Day of Solidarity with the Palestinian People is annually observed on November 29.
US,2025,2025-11-30,Day of Remembrance for all Victims of Chemical Warfare,,United Nations observance,The UN’s Day of Remembrance for all Victims of Chemical Warfare is annually observed on April 29.
US,2025,2025-11-30,First Sunday of Advent,,Christian,"Many Christians in the United States observe the first Sunday of Advent, which marks the start of the Christian year."
US,2025,2025-12-01,Cyber Monday,,Observance,Most online retailers in the US offer discounted prices on their products and services on Cyber Monday.
US,2025,2025-12-01,World AIDS Day,,United Nations observance,The United Nations' (UN) World AIDS Day is annually observed on December 1.
US,2025,2025-12-02,Giving Tuesday,,Worldwide observance,
US,2025,2025-12-02,Giving Tuesday,,Observance,The first Tuesday after Thanksgiving has been dubbed “Giving Tuesday” by charities.
US,2025,2025-12-02,International Day for the Abolition of Slavery,,United Nations observance,The United Nations’ (UN) International Day for the Abolition of Slavery is annually observed on December 2.
US,2025,2025-12-03,International Day of Persons with Disabilities,,United Nations observance,The United Nations' (UN) International Day of Persons with Disabilities is annually observed on December 3 to re-affirm and draw attention to the rights of people who live with disabilities.
US,2025,2025-12-04,International Day of Banks,,United Nations observance,International Day of Banks is a United Nations observance in the USA
US,2025,2025-12-05,International Volunteer Day for Economic and Social Development,,United Nations observance,"The United Nations’ (UN) International Volunteer Day for Economic and Social Development, also known as International Volunteer Day (IVD), is observed on December 5 each year."
US,2025,2025-12-05,World Soil Day,,United Nations observance,World Soil Day raises awareness of why soil is needed for sustainable living.
US,2025,2025-12-06,St Nicholas Day,,Observance,Some churches in the United States recognize St Nicholas' Day as a feast day.
US,2025,2025-12-07,International Civil Aviation Day,,United Nations observance,International Civil Aviation Day is observed globally on December 7 each year. It is observed by organizations such as the International Civil Aviation Organization (ICAO).
US,2025,2025-12-07,Pearl Harbor Remembrance Day,,Observance,"National Pearl Harbor Remembrance Day remembers those who died or were injured when Pearl Harbor, in Hawaii, was attacked in 1941."
US,2025,2025-12-08,Feast of the Immaculate Conception,,Christian,The Feast of the Immaculate Conception is a Christian observance on December 8 each year.
US,2025,2025-12-08,Green Monday,,Worldwide observance,The last Monday at least ten days before Christmas has been dubbed “Green Monday” by online marketers.
US,2025,2025-12-09,International Anti-Corruption Day,,United Nations observance,The United Nations’ (UN) International Anti-Corruption Day is annually observed on December 9 to raise public awareness of corruption and ways to fight it.
US,2025,2025-12-09,World Genocide Commemoration Day,,United Nations observance,World Genocide Commemoration Day is a UN holiday dedicated to the victims of genocide.
US,2025,2025-12-10,Human Rights Day,,United Nations observance,Human Rights Day marks the anniversary of when the Universal Declaration of Human Rights was proclaimed.
US,2025,2025-12-11,International Mountain Day,,United Nations observance,"The United Nations' (UN) International Mountain Day is an occasion to help raise awareness of the people who live in mountainous regions and the role that these regions play in providing food, water, and recreation. It is observed on December 11 each year."
US,2025,2025-12-12,Feast of Our Lady of Guadalupe,,Christian,"The Feast of Our Lady Guadalupe, in honor of Jesus’ mother Mary, is a Catholic observance in the United States."
US,2025,2025-12-12,International Day of Neutrality,,United Nations observance,International Day of Neutrality is a United Nations observance in the USA
US,2025,2025-12-12,International Universal Health Coverage Day,,United Nations observance,International Universal Health Coverage Day is a United Nations observance in the USA
US,2025,2025-12-13,National Guard Birthday,,Observance,National Guard Birthday is a observance in the USA
US,2025,2025-12-15,Bill of Rights Day,,Observance,Bill of Rights Day is a observance in the USA
US,2025,2025-12-15,Chanukah/Hanukkah (first day),,Hebrew,"The first day of Hanukkah is the start of the Hanukkah period, which lasts for eight days, from the 25th day of the month of Kislev to the second day of Tevet in the Hebrew calendar."
US,2025,2025-12-17,Pan American Aviation Day,,Observance,"December 17 marks Pan American Aviation Day, which is annually observed in the United States."
US,2025,2025-12-17,Wright Brothers Day,,Observance,The Wright Brothers Day is annually celebrated in the United States on December 17 to commemorate the historic flight made by Orville and Wilbur Wright on that date in 1903.
US,2025,2025-12-18,Arabic Language Day,,United Nations observance,World Arabic Language Day is a United Nations (UN) observance that celebrates one of the organization’s 6 official languages – Arabic.
US,2025,2025-12-18,International Migrants Day,,United Nations observance,The United Nations (UN) International Migrants Day is celebrated on December 18 each year.
US,2025,2025-12-20,International Human Solidarity Day,,United Nations observance,The United Nations' (UN) International Human Solidarity Day is celebrated on December 20 each year to raise public awareness on the importance of solidarity in fighting poverty.
US,2025,2025-12-20,Super Saturday,,Worldwide observance,"The final Saturday before Christmas has become a very popular shopping day in the US, earning the nickname Super Saturday."
US,2025,2025-12-22,Last Day of Chanukah,,Hebrew,"The last day of Hanukkah marks the end of a festive Jewish occasion, known as Hanukkah or Chanukah."
US,2025,2025-12-24,Christmas Eve,,"Observance, Christian",Christmas Eve in the United States is on December 24 each year.
US,2025,2025-12-25,Christmas Day,,"Local holiday, Christian",Christmas Day celebrates Jesus Christ's birth.
US,2025,2025-12-25,Christmas Day,,"National holiday, Christian",Christmas Day celebrates Jesus Christ's birth.
US,2025,2025-12-26,Kwanzaa (first day),,Observance,"Kwanzaa is a week-long holiday honoring the culture and traditions of African people and their descendants worldwide, especially in the United States."
US,2025,2025-12-27,International Day of Epidemic Preparedness,,United Nations observance,International Day of Epidemic Preparedness is a United Nations observance in the USA
US,2025,2025-12-30,Asarah B'Tevet,,Hebrew,Asarah B'Tevet is a Jewish holiday in the USA
US,2025,2025-12-31,New Year's Eve,,Observance,New Year's Eve is the last day of the year in the Gregorian calendar. Many parties to welcome the New Year are held in in the United States on New Year's Eve.
US,2026,2026-01-01,New Year's Day,,National holiday,"New Year's Day is the first day of the Gregorian calendar, which is widely used in many countries such as the USA."
US,2026,2026-01-04,World Braille Day,,United Nations observance,"World Braille Day celebrates the life and achievements of Louis Braille, who invented the braille code for the visually impaired."
US,2026,2026-01-06,Epiphany,,Christian,"Many people in the United States annually observe Epiphany, or Three Kings’ Day, on January 6. It is a Christian observance and a public holiday in the US Virgin Islands."
US,2026,2026-01-07,International Programmers' Day,,Worldwide observance,"Many people celebrate International Programmers’ Day on January 7, while others observe this event on the 256th day of the year, usually on September 13 or on September 12 in leap years."
US,2026,2026-01-07,Orthodox Christmas Day,,Orthodox,Many Orthodox Christian churches in countries such as the United States observe Christmas Day on or near January 7 in the Gregorian calendar.
US,2026,2026-01-13,Stephen Foster Memorial Day,,Observance,"Stephen Foster Memorial Day is annually observed in the United States on January 13. The day remembers the achievements of Stephen Foster, who is known as the “father of American music”."
US,2026,2026-01-14,Orthodox New Year,,Orthodox,Many Orthodox Christian churches in countries such as the United States celebrate New Year’s Day on January 14 in the Gregorian calendar.
US,2026,2026-01-16,Isra and Mi'raj,,Muslim,"Isra and Mi'raj (Isra Me'raj, Israa and Mi'raaj, Laylat Al-Isra wa Al-Miraj, Lailat al Miraj, Night Journey and Ascension to Heaven) marks the night when the Prophet Mohammad traveled from Mecca to Jerusalem, ascended to heaven and returned."
US,2026,2026-01-18,World Religion Day,,Worldwide observance,World Religion Day fosters interfaith dialogue and understanding of all religions.
US,2026,2026-01-19,Martin Luther King Jr. Day,,National holiday,Martin Luther King Day marks the anniversary of the date of birth of the influential American civil right leader of the same name.
US,2026,2026-01-24,International Day of Education,,United Nations observance,International Day of Education is a United Nations observance in the USA
US,2026,2026-01-25,World Leprosy Day,,Worldwide observance,"World Leprosy Day brings awareness of leprosy, also known as Hansen's disease, and ways to prevent the disease."
US,2026,2026-01-26,International Customs Day,,Worldwide observance,International Customs Day celebrates custom personnel and agencies worldwide.
US,2026,2026-01-27,International Day of Commemoration in Memory of the Victims of the Holocaust,,United Nations observance,The United Nations' (UN) International Day of Commemoration in Memory of the Victims of the Holocaust remembers those who died and suffered during the Holocaust before and during World War II. It is on January 27 each year.
US,2026,2026-02-01,First Day of Black History Month,,Observance,First Day of Black History Month is a annual monthly observance in the USA
US,2026,2026-02-01,National Freedom Day,,Observance,National Freedom Day in the United States is observed on February 1 each year.
US,2026,2026-02-02,Groundhog Day,,Observance,Many people in the United States observe Groundhog Day on February 2.
US,2026,2026-02-02,Tu Bishvat/Tu B'Shevat,,Hebrew,"Tu B’Shevat, known as the “New Year for Trees”, is a Jewish festival similar to Arbor Day."
US,2026,2026-02-02,World Wetlands Day,,Worldwide observance,World Wetlands Day raises awareness about the important role that the wetlands play in the environment and in our lives.
US,2026,2026-02-04,International Day of Human Fraternity,,United Nations observance,International Day of Human Fraternity is a United Nations observance in the USA
US,2026,2026-02-04,National Girls and Women in Sports Day,,Observance,National Girls and Women in Sports Day is a observance in the USA
US,2026,2026-02-04,World Cancer Day,,Worldwide observance,World Cancer Day is an annual global event on February 4 to raise people’s awareness of cancer.
US,2026,2026-02-06,International Day of Zero Tolerance for Female Genital Mutilation,,United Nations observance,The International Day of Zero Tolerance for Female Genital Mutilation is an awareness campaign to end a harmful practice that violates girls’ and women’s rights.
US,2026,2026-02-06,National Wear Red Day,,Observance,National Wear Red Day® raises public awareness of heart disease in women and ways to avoid and combat this problem.
US,2026,2026-02-08,Super Bowl,,Sporting event,The Super Bowl is the championship game of the National Football League (NFL) in the United States. It is played every year in February.
US,2026,2026-02-10,World Pulses Day,,United Nations observance,World Pulses Day is a United Nations observance in the USA
US,2026,2026-02-11,International Day of Women and Girls in Science,,United Nations observance,The International Day of Women and Girls in Science is a UN holiday to recognize the critical role women and girls play in science and technology communities.
US,2026,2026-02-11,World Day of the Sick,,Worldwide observance,World Day of the Sick is a global event when people remember or pray for the sick.
US,2026,2026-02-13,Friday the 13th,,Worldwide observance,Friday the 13th is a day full of superstitious beliefs in communities worldwide.
US,2026,2026-02-13,World Radio Day,,United Nations observance,World Radio Day is an annual United Nations (UN) event that promotes the importance of the radio in communicating information worldwide.
US,2026,2026-02-14,Valentine's Day,,Observance,Valentine's Day is an occasion to celebrate romantic love.
US,2026,2026-02-16,Presidents' Day,,National holiday,"Washington's Birthday, or Presidents' Day, honors the life and work of the first president of the United States, George Washington."
US,2026,2026-02-17,Lunar New Year,,Observance,Lunar New Year marks the first day of the New Year in the Chinese calendar.
US,2026,2026-02-17,Shrove Tuesday/Mardi Gras,,"Observance, Christian","Shrove Tuesday is traditionally known as the day prior to Lent but it also serves as a day of celebration, known as Mardi Gras."
US,2026,2026-02-18,Ash Wednesday,,Christian,"Ash Wednesday is a Christian observance that marks the first day of Lent, which is prior to Easter."
US,2026,2026-02-18,Ramadan Starts,,Muslim,"Many Muslims in the United States fast in the hours of daylight during Ramadan, the ninth month in the Islamic calendar."
US,2026,2026-02-20,World Day of Social Justice,,United Nations observance,"The United Nations' (UN) World Day of Social Justice promotes poverty eradication, full employment and social integration. It is on February 20 each year."
US,2026,2026-02-21,International Mother Language Day,,United Nations observance,The United Nations' (UN) International Mother Language Day is annually held on February 21 to celebrate languages spoken worldwide. It also observes the human right to use these languages.
US,2026,2026-03-01,First Day of Irish American Heritage Month,,Observance,First Day of Irish American Heritage Month is a annual monthly observance in the USA
US,2026,2026-03-01,First Day of Women's History Month,,Observance,First Day of Women's History Month is a annual monthly observance in the USA
US,2026,2026-03-01,Self-Injury Awareness Day,,Worldwide observance,
US,2026,2026-03-01,St. David's Day,,"Observance, Christian","Many Welsh communities in the United States celebrate the life of their patron saint, St David, and their links with Wales on St David’s Day."
US,2026,2026-03-01,Zero Discrimination Day,,United Nations observance,"Discrimination Day highlights the negative impacts of discrimination and promotes tolerance, compassion and peace."
US,2026,2026-03-02,Read Across America Day,,Observance,Read Across America Day is observed in the United States on March 2 each year.
US,2026,2026-03-03,Purim,,Hebrew,"Purim commemorates a time when Jewish people were saved from death around the fourth century BCE, according to the Book of Esther."
US,2026,2026-03-03,World Wildlife Day,,United Nations observance,"World Wildlife Day celebrates all flora and fauna, including animals, on Earth."
US,2026,2026-03-06,Employee Appreciation Day,,Observance,"Employee Appreciation Day is a US unofficial observance that recognizes and appreciates employees in all industries, aimed at helping employers keep their staff."
US,2026,2026-03-08,International Women's Day,,United Nations observance,International Women’s Day celebrates women’s achievements worldwide and throughout history.
US,2026,2026-03-10,International Day of Women Judges,,United Nations observance,International Day of Women Judges is a United Nations observance in the USA
US,2026,2026-03-12,World Kidney Day,,Worldwide observance,World Kidney Day is an annual observation that attempts to raise global awareness about the importance of kidney health and tries to bring attention to the unique challenges faced by those who suffer from Chronic Kidney Disease.
US,2026,2026-03-13,Friday the 13th,,Worldwide observance,Friday the 13th is a day full of superstitious beliefs in communities worldwide.
US,2026,2026-03-15,Lailat al-Qadr,,Muslim,Laylat al Qadr is most likely to be held on one of the last 10 days of month of Ramadan in the Islamic calendar.
US,2026,2026-03-15,Long Covid Awareness Day,,Worldwide observance,Long Covid Awareness Day is a worldwide observance in the USA
US,2026,2026-03-17,St. Patrick's Day,,"Observance, Christian","St Patrick's Day marks the life and deeds of St Patrick, one of Ireland's patron saints. It is an Irish-American celebration in the USA."
US,2026,2026-03-20,Eid al-Fitr,,Muslim,"Eid al-Fitr is a holiday to mark the end of the Islamic month of Ramadan, during which Muslims fast during the hours of daylight."
US,2026,2026-03-20,French Language Day,,United Nations observance,French Language Day is a United Nations observance in the USA
US,2026,2026-03-20,International Day of Happiness,,United Nations observance,International Day of Happiness aims to promote the idea that the pursuit of happiness is universal.
US,2026,2026-03-21,International Day for the Elimination of Racial Discrimination,,United Nations observance,The United Nations’ (UN) International Day for the Elimination of Racial Discrimination is annually observed on March 21.
US,2026,2026-03-21,International Day of Forests,,United Nations observance,"International Day of Forests raises awareness on forests and trees, including their role in climate change."
US,2026,2026-03-21,International Day of Nowruz,,United Nations observance,"The UN’s International Day of Nowruz, also known as Nowruz, No-Ruz, No-Rooz or No Ruz, is observed on March 21 each year."
US,2026,2026-03-21,World Down Syndrome Day,,United Nations observance,World Down Syndrome Day is held on March 21 every year.
US,2026,2026-03-21,World Poetry Day,,United Nations observance,World Poetry Day celebrates poetry around the world on March 21 each year.
US,2026,2026-03-22,World Water Day,,United Nations observance,World Water Day aims to increase people's awareness of the water's importance in all aspects of life.
US,2026,2026-03-23,World Meteorological Day,,United Nations observance,"World Meteorological Day marks the anniversary of the World Meteorological Organization's establishment on March 23, 1950."
US,2026,2026-03-24,International Day for the Right to the Truth concerning Gross Human Rights Violations and for the Dignity of Victims,,United Nations observance,March 24 is the UN’s International Day for the Right to the Truth concerning Gross Human Rights Violations and for the Dignity of Victims
US,2026,2026-03-24,World Tuberculosis Day,,United Nations observance,World Tuberculosis Day is annually held on March 24 to raise awareness of tuberculosis and ways to eradicate the disease.
US,2026,2026-03-25,International Day of Remembrance of Slavery Victims and the Transatlantic Slave Trade,,United Nations observance,"The International Day of Remembrance of the Victims of Slavery and the Transatlantic Slave Trade remembers the lives of Africans who were forced into slavery in North, Central and South America."
US,2026,2026-03-25,International Day of Solidarity with Detained and Missing Staff Members,,United Nations observance,The UN’s International Day of Solidarity with Detained and Missing Staff Members is annually held on March 25.
US,2026,2026-03-28,Earth Hour,,Worldwide observance,Earth Hour is an annual event in which many people worldwide turn their lights off on the last Saturday in March.
US,2026,2026-03-29,National Vietnam War Veterans Day,,Observance,National Vietnam War Veterans Day is an US observance to honor US military members who served during the Vietnam War.
US,2026,2026-03-29,Palm Sunday,,Christian,Palm Sunday in the United States celebrates Jesus Christ’s entry into Jerusalem. It is also the Sunday before Easter Sunday.
US,2026,2026-03-30,Doctors' Day,,Observance,Doctors' Day is a observance in the USA
US,2026,2026-03-31,International Transgender Day of Visibility,,Worldwide observance,International Transgender Day of Visibility is a worldwide observance in the USA
US,2026,2026-04-01,April Fool's Day,,Worldwide observance,"April Fool's Day, on April 1, is a day to play practical jokes and tricks."
US,2026,2026-04-01,Passover Eve,,Hebrew,Passover Eve is a Jewish holiday in the USA
US,2026,2026-04-02,Maundy Thursday,,Christian,"Maundy Thursday, which is also known as Holy Thursday, is the day before Good Friday."
US,2026,2026-04-02,Passover (first day),,Hebrew,Passover marks the Israelites' liberation from slavery and their exodus from Egypt around 3000 years ago.
US,2026,2026-04-02,World Autism Awareness Day,,United Nations observance,"World Autism Awareness Day raises an awareness of issues surrounding people, particularly children, with autism worldwide."
US,2026,2026-04-03,Good Friday,,"Local holiday, Christian",Good Friday commemorates Jesus Christ's crucifixion.
US,2026,2026-04-04,Holy Saturday,,Christian,Holy Saturday is the day before Easter Sunday in the United States.
US,2026,2026-04-04,United Nations' Mine Awareness Day,,United Nations observance,The United Nations' International Day for Mine Awareness and Assistance in Mine Action is annually observed on April 4.
US,2026,2026-04-05,Easter Sunday,,"Observance, Christian","Easter Sunday is an important day in the Christian church calendar because it celebrates Jesus Christ's resurrection, according to Christian belief."
US,2026,2026-04-05,International Day of Conscience,,United Nations observance,International Day of Conscience is a United Nations observance in the USA
US,2026,2026-04-06,Easter Monday,,"Observance, Christian",Easter Monday is the day after Easter Sunday. It is not a federal holiday in the United States of America (USA).
US,2026,2026-04-06,International Day of Sport for Development and Peace,,United Nations observance,The International Day of Sport for Development and Peace aims to bring goodwill and positive social outcomes through sporting achievements.
US,2026,2026-04-06,National Tartan Day,,Observance,National Tartan Day is annually observed on April 6 to honor the major role that Scottish Americans played in the founding of the United States of America.
US,2026,2026-04-07,Day of Remembrance of the Victims of the Rwanda Genocide,,United Nations observance,The UN’s Day of Remembrance of the Victims of the Rwanda Genocide is observed on April 7 each year.
US,2026,2026-04-07,United Nations' World Health Day,,United Nations observance,"The World Health Organization, the United Nations' the directing and coordinating authority for health, annually highlights one of its priorities for global health on World Health Day."
US,2026,2026-04-09,Last Day of Passover,,Hebrew,"The last day of Passover marks the end of the Passover period, which lasts for seven or eight days."
US,2026,2026-04-10,Orthodox Good Friday,,Orthodox,Many Orthodox Christians in the United States remember the events leading up to Jesus Christ's crucifixion on Great Friday.
US,2026,2026-04-11,Orthodox Holy Saturday,,Orthodox,Many Orthodox Christians in the United States remember Jesus Christ’s burial and his descent into Hades on Holy Saturday.
US,2026,2026-04-12,International Day of Human Space Flight,,United Nations observance,The UN’s International Day of Human Space Flight is annually held on April 12.
US,2026,2026-04-12,Orthodox Easter,,Orthodox,"Many Orthodox Christians in the United States mark Easter Sunday, also known as Pascha, as the day Jesus Christ was resurrected, according to the Christian bible."
US,2026,2026-04-13,Orthodox Easter Monday,,Orthodox,Many Orthodox churches in the United States observe Easter Monday on the day after the Orthodox Easter Sunday date.
US,2026,2026-04-13,Thomas Jefferson's Birthday,,Observance,Americans celebrate president Thomas Jefferson's Birthday on April 13.
US,2026,2026-04-14,National Library Workers' Day,,Observance,"National Library Workers’ Day recognizes the efforts and achievements that librarians make to give Americans access to information via books, computers and other media."
US,2026,2026-04-14,World Chagas Disease Day,,United Nations observance,World Chagas Disease Day is a United Nations observance in the USA
US,2026,2026-04-14,Yom HaShoah,,Hebrew,Many people in the United States observe Yom Hashoah by remembering Holocaust victims who died during World War II.
US,2026,2026-04-15,Tax Day,,Observance,Tax Day is the deadline for United States residents to file details of their income to the Internal Revenue Service (IRS) so that their liability for income tax can be assessed.
US,2026,2026-04-15,World Art Day,,Worldwide observance,World Art Day is a worldwide observance in the USA
US,2026,2026-04-18,International Day for Monuments and Sites,,Worldwide observance,The International Day for Monuments and Sites raises awareness on preserving and conserving historical and archeological heritage sites.
US,2026,2026-04-20,Boston Marathon,,Sporting event,Boston Marathon is one of the world's oldest yearly marathon. It is held annually on Patriot's Day in the month of April.
US,2026,2026-04-20,Chinese Language Day,,United Nations observance,Chinese Language Day is a United Nations observance that celebrates one of the organization’s 6 official languages – Chinese.
US,2026,2026-04-21,World Creativity and Innovation Day,,United Nations observance,World Creativity and Innovation Day is a United Nations observance in the USA
US,2026,2026-04-22,Administrative Professionals Day,,Observance,Administrative Professionals Day® is on the Wednesday of the last full week of April. It remembers the important role of administrative professionals.
US,2026,2026-04-22,Earth Day,,United Nations observance,The United Nations' International Mother Earth Day promotes environmental awareness and calls for the protection of our planet.
US,2026,2026-04-22,Yom Ha'atzmaut,,Hebrew,"Many Jewish communities in the United States celebrate Yom Ha’Atzmaut, which is Israel’s Independence Day, on the fifth day of the month of Iyar in the Jewish calendar."
US,2026,2026-04-23,English Language Day,,United Nations observance,"English Language Day promotes the history, culture and accomplishments of the English language."
US,2026,2026-04-23,International Girls in ICT Day,,United Nations observance,International Girls in ICT Day is a United Nations observance in the USA
US,2026,2026-04-23,Take our Daughters and Sons to Work Day,,Observance,Take our Daughters and Sons to Work Day is a observance in the USA
US,2026,2026-04-23,World Book and Copyright Day,,United Nations observance,World Book and Copyright Day is an occasion to celebrate the contribution of books and authors to our global culture and the connection between copyright and books.
US,2026,2026-04-23,World Spanish Language Day,,United Nations observance,World Spanish Language Day is a United Nations observance in the USA
US,2026,2026-04-24,International Day of Multilateralism and Diplomacy for Peace,,United Nations observance,International Day of Multilateralism and Diplomacy for Peace is a United Nations observance in the USA
US,2026,2026-04-25,International Delegate's Day,,United Nations observance,International Delegate's Day is a United Nations observance in the USA
US,2026,2026-04-25,World Malaria Day,,United Nations observance,World Malaria Day is annually observed on April 25 to promote efforts that provide effective control of malaria worldwide.
US,2026,2026-04-26,International Chernobyl Disaster Remembrance Day,,United Nations observance,International Chernobyl Disaster Remembrance Day is a UN holiday designed to raise awareness of the consequences of the 1986 nuclear accident.
US,2026,2026-04-26,World Intellectual Property Day,,United Nations observance,World Intellectual Property Day is annually held on April 26 to increase awareness and understanding of intellectual property worldwide.
US,2026,2026-04-28,World Day for Safety and Health at Work,,United Nations observance,The World Day for Safety and Health at Work is observed on April 28 each year.
US,2026,2026-04-30,International Jazz Day,,United Nations observance,"International Jazz Day recognizes the historical, cultural, and educational contribution of jazz."
US,2026,2026-05-01,First Day of Asian Pacific American Heritage Month,,Observance,First Day of Asian Pacific American Heritage Month is a annual monthly observance in the USA
US,2026,2026-05-01,First Day of Jewish American Heritage Month,,Observance,First Day of Jewish American Heritage Month is a annual monthly observance in the USA
US,2026,2026-05-01,First Day of Military Appreciation Month,,Observance,First Day of Military Appreciation Month is a annual monthly observance in the USA
US,2026,2026-05-01,Kentucky Oaks,,Sporting event,The Kentucky Oaks is a rade 1 Stakes horse race held annually on the Friday before the Kentucky Derby in May.
US,2026,2026-05-01,Law Day,,Observance,Law Day in the United States is annually held on May 1.
US,2026,2026-05-01,Loyalty Day,,Observance,Loyalty Day is a special day for people to reaffirm their loyalty to the United States and to recognize the heritage of American freedom.
US,2026,2026-05-02,Kentucky Derby,,Sporting event,"Kentucky Derby is a Grade I Stakes horse race held annually in Louisville, Kentucky in May."
US,2026,2026-05-02,National Explosive Ordnance Disposal (EOD) Day,,Observance,National Explosive Ordnance Disposal (EOD) Day is an occasion to remember those serving the profession of explosive ordnance disposal in the United States Armed Forces.
US,2026,2026-05-02,World Tuna Day,,United Nations observance,World Tuna Day is a UN holiday designed to raise awareness of the global importance of tuna.
US,2026,2026-05-03,International Family Equality Day,,Worldwide observance,International Family Equality Day is a worldwide observance in the USA
US,2026,2026-05-03,World Press Freedom Day,,United Nations observance,World Press Freedom Day focuses on the importance of the freedom of the press and freedom of expression.
US,2026,2026-05-05,Cinco de Mayo,,Observance,"'Cinco de Mayo' means ""Fifth of May"" in Spanish and is a festival of Mexican pride and heritage."
US,2026,2026-05-05,Lag BaOmer,,Hebrew,Many Jewish Americans observe Lag B’Omer on the 18th day of the month of Iyar in the Jewish calendar.
US,2026,2026-05-05,National Teacher Appreciation Day,,Observance,National Teacher Appreciation Day is a observance in the USA
US,2026,2026-05-05,World Portuguese Language Day,,United Nations observance,World Portuguese Language Day is a United Nations observance in the USA
US,2026,2026-05-06,National Nurses Day,,Observance,National Nurses Day is an occasion to honor the work of nurses.
US,2026,2026-05-07,National Day of Prayer,,Observance,"National Day of Prayer is held on the first Thursday of May each year, inviting Americans of all faiths to pray for the country and its leaders."
US,2026,2026-05-08,Military Spouse Appreciation Day,,Observance,Appreciate and thank all the military spouses and partners you know on Military Spouse Appreciation Day.
US,2026,2026-05-08,Time of Remembrance and Reconciliation for Those Who Lost Their Lives during the Second World War,,United Nations observance,"The United Nations’ (UN) Time of Remembrance and Reconciliation for Those Who Lost Their Lives during the Second World War is annually held over two days, from May 8-9."
US,2026,2026-05-08,Victory in Europe Day,,Observance,Victory in Europe Day is a observance in the USA
US,2026,2026-05-08,World Ovarian Cancer Day,,Worldwide observance,World Ovarian Cancer Day aims to spread global awareness about ovarian cancer.
US,2026,2026-05-08,World Red Cross and Red Crescent Day,,Worldwide observance,World Red Cross and Red Crescent Day is a worldwide observance in the USA
US,2026,2026-05-09,World Migratory Bird Day,,United Nations observance,World Migratory Bird Day is observed the second weekend of May every year.
US,2026,2026-05-10,International Day of Argania,,United Nations observance,International Day of Argania is a United Nations observance in the USA
US,2026,2026-05-10,Mother's Day,,Observance,Mother's Day celebrates the role of mothers and mother figures.
US,2026,2026-05-12,International Nurses Day,,Worldwide observance,International Nurses Day focuses on the critical contribution of nurses around the world in maintaining public health.
US,2026,2026-05-14,Ascension Day,,Christian,Ascension Day is the 40th day of Easter and commemorates the ascension of Jesus Christ into heaven.
US,2026,2026-05-15,International Day of Families,,United Nations observance,"The International Day of Families is an occasion to celebrate the importance of families to people, societies and cultures around the world."
US,2026,2026-05-15,National Defense Transportation Day,,Observance,National Defense Transportation Day occurs annually in the United States on the third Friday of May.
US,2026,2026-05-15,Peace Officers Memorial Day,,Observance,"Peace Officers Memorial Day is held annually in the United States on May 15 in honor of federal, state and local officers killed or disabled in the line of duty."
US,2026,2026-05-16,Armed Forces Day,,Observance,Armed Forces Day is a national observance in the United States on the third Saturday of May each year.
US,2026,2026-05-16,International Day of Light,,United Nations observance,International Day of Light is a United Nations observance in the USA
US,2026,2026-05-16,International Day of Living Together in Peace,,United Nations observance,International Day of Living Together in Peace is a United Nations observance in the USA
US,2026,2026-05-16,Preakness Stakes,,Sporting event,The Preakness Stakes is the second event in the Triple Crown and is annually held two weeks after the Kentucky Derby.
US,2026,2026-05-17,World Telecommunication and Information Society Day,,United Nations observance,World Information Society Day is celebrated each year to raise awareness of how information and communication can be beneficial for societies and economies.
US,2026,2026-05-20,Emergency Medical Services for Children Day,,Observance,"Emergency Medical Services for Children (EMSC) Day is observed on the Wednesday of Emergency Medical Services (EMS) Week, May 19–25, in the United States."
US,2026,2026-05-20,World Autoimmune / Autoinflammatory Arthritis Day,,Worldwide observance,World Autoimmune / Autoinflammatory Arthritis Day is a worldwide observance in the USA
US,2026,2026-05-20,World Bee Day,,United Nations observance,World Bee Day is a United Nations observance in the USA
US,2026,2026-05-21,International Tea Day,,United Nations observance,International Tea Day is a United Nations observance in the USA
US,2026,2026-05-21,World Day for Cultural Diversity for Dialogue and Development,,United Nations observance,"The World Day for Cultural Diversity for Dialogue and Development, held on May 21, is an occasion for people to deepen their understanding of cultural diversity."
US,2026,2026-05-22,International Day for Biological Diversity,,United Nations observance,The International Day for Biological Diversity is an occasion to increase the global understanding and awareness of issues and challenges around biodiversity.
US,2026,2026-05-22,National Maritime Day,,Observance,"National Maritime Day is annually observed in the United States on May 22. It is a time to observe its maritime heritage, to honor those who served as merchant mariners, and to recognize the benefits of the maritime industry."
US,2026,2026-05-22,Shavuot,,Hebrew,"Shavuot, also known as the Festival of Weeks, is one of three major Jewish festivals."
US,2026,2026-05-23,International Day to End Obstetric Fistula,,United Nations observance,The International Day to End Obstetric Fistula raises awareness of fistula and calls for support to tackle the problem.
US,2026,2026-05-24,Pentecost,,Christian,"Many Christians in the United States observe Pentecost, also known as Whitsunday or Whit Sunday."
US,2026,2026-05-25,African Liberation Day,,Worldwide observance,African Liberation Day celebrates African nations' hard-fought freedom from European colonial powers.
US,2026,2026-05-25,Memorial Day,,National holiday,Memorial Day commemorates all Americans who have died in military service for the United States.
US,2026,2026-05-25,National Missing Children's Day,,Observance,National Missing Children's Day is an observation dedicated to addressing the problem of child abduction.
US,2026,2026-05-25,Whit Monday,,Christian,"Many Christians in the United States will observe Whit Monday, or Pentecost Monday. It is the day after Pentecost, which is also known as Whit Sunday or Whitsunday."
US,2026,2026-05-27,Eid al-Adha,,Muslim,"For more than 3 millions Muslims in the US, Eid al-Adha, the Festival of Sacrifice, is one of the most important dates in the calendar."
US,2026,2026-05-29,International Day of United Nations Peacekeepers,,United Nations observance,The International Day of United Nations Peacekeepers is an occasion to pay tribute to people who served in United Nations (UN) peacekeeping operations.
US,2026,2026-05-31,Trinity Sunday,,Christian,Trinity Sunday is the first Sunday after Pentecost and is celebrated by many Christians in the United States.
US,2026,2026-05-31,World No Tobacco Day,,United Nations observance,World No Tobacco Day draws attention to the health problems caused by tobacco use.
US,2026,2026-06-01,First Day of Caribbean-American Heritage Month,,Observance,First Day of Caribbean-American Heritage Month is a annual monthly observance in the USA
US,2026,2026-06-01,First Day of Pride Month,,Observance,First Day of Pride Month is a annual monthly observance in the USA
US,2026,2026-06-01,Global Day of Parents,,United Nations observance,Global Day of Parents appreciates the role of a parent in nurturing and fostering growth for their children.
US,2026,2026-06-03,World Bicycle Day,,United Nations observance,World Bicycle Day is a United Nations observance in the USA
US,2026,2026-06-04,Corpus Christi,,Christian,Corpus Christi is observed in honor of the Holy Eucharist.
US,2026,2026-06-04,International Day of Innocent Children Victims of Aggression,,United Nations observance,The United Nations' (UN) International Day of Innocent Children Victims of Aggression is observed on June 4 each year.
US,2026,2026-06-05,"International Day for the Fight against Illegal, Unreported and Unregulated Fishing",,United Nations observance,"International Day for the Fight against Illegal, Unreported and Unregulated Fishing is a United Nations observance in the USA"
US,2026,2026-06-05,World Environment Day,,United Nations observance,World Environment Day is held each year on June 5. It is one of the principal vehicles through which the United Nations (UN) stimulates worldwide awareness of the environment and enhances political attention and action.
US,2026,2026-06-06,Belmont Stakes,,Sporting event,The Belmont Stakes is the third and final horse race of the Triple Crown. It is run annually five weeks after the Kentucky Derby.
US,2026,2026-06-06,D-Day,,Observance,"D-Day is a special anniversary in some countries, including the United States (U.S.), to remember Allied forces’ invasion of Normandy, France, in the Second World War."
US,2026,2026-06-06,Day of the Russian Language,,United Nations observance,Day of the Russian Language is a United Nations observance in the USA
US,2026,2026-06-07,World Food Safety Day,,United Nations observance,World Food Safety Day is a United Nations observance in the USA
US,2026,2026-06-08,World Oceans Day,,United Nations observance,World Oceans Day is annually observed on June 8 to raise awareness of the challenges humanity faces to protect the world's oceans.
US,2026,2026-06-12,Loving Day,,Observance,Loving Day is a observance in the USA
US,2026,2026-06-12,World Day Against Child Labour,,United Nations observance,Poverty and injustice against widows is a world-wide problem addressed by International Widows' Day.
US,2026,2026-06-13,International Albinism Awareness Day,,United Nations observance,International Albinism Awareness Day aims to stop the persecution and murders of people with albinism.
US,2026,2026-06-14,Army Birthday,,Observance,Army Birthday is a observance in the USA
US,2026,2026-06-14,Flag Day,,Observance,Flag Day is annually held on June 14 to honor the United States flag.
US,2026,2026-06-14,World Blood Donor Day,,United Nations observance,On World Blood Donor Day numerous events are held worldwide to raise awareness about the importance of safe blood supplies.
US,2026,2026-06-15,World Elder Abuse Awareness Day,,United Nations observance,"World Elder Abuse Awareness Day attempts to shine a light on the problem of physical, emotional, and financial abuse of elders."
US,2026,2026-06-16,International Day of Family Remittances,,United Nations observance,The UN estimates that family remittances worth over 500 billion US$ are transferred worldwide every year.
US,2026,2026-06-17,Muharram,,Muslim,"The first day of Muharram, which is the first month in the Islamic calendar, marks the start of the Islamic New Year."
US,2026,2026-06-17,World Day to Combat Desertification and Drought,,United Nations observance,The United Nations' World Day to Combat Desertification and Drought is observed worldwide on June 17 each year.
US,2026,2026-06-18,Sustainable Gastronomy Day,,United Nations observance,Sustainable Gastronomy Day is a United Nations observance in the USA
US,2026,2026-06-19,International Day for the Elimination of Sexual Violence in Conflict,,United Nations observance,International Day for the Elimination of Sexual Violence in Conflict is a UN day aiming to rid the world of conflict-related sexual violence.
US,2026,2026-06-19,Juneteenth,,National holiday,"Juneteenth, also known as Freedom Day and Emancipation Day, is a holiday or observance in many US states to celebrate the anniversary of the abolition of slavery in Texas on June 19, 1865."
US,2026,2026-06-20,American Eagle Day,,Observance,"Observed annually on June 20 in 47 American states, American Eagle Day is an unofficial holiday that celebrates the removal of the American Bald Eagle from a list of ""endangered species""."
US,2026,2026-06-20,World Refugee Day,,United Nations observance,"The United Nations' World Refugee Day honors refugees' courage, strength and determination."
US,2026,2026-06-21,Father's Day,,Observance,Father's Day celebrates the contribution that fathers and father figures make to the lives of their children.
US,2026,2026-06-21,International Day of Yoga,,United Nations observance,The International Day of Yoga is a UN-day that aims to raise awareness worldwide of the many benefits of practicing yoga.
US,2026,2026-06-21,International Day of the Celebration of the Solstice,,United Nations observance,International Day of the Celebration of the Solstice is a United Nations observance in the USA
US,2026,2026-06-23,International Widows' Day,,United Nations observance,Poverty and injustice against widows is a world-wide problem addressed by International Widows' Day.
US,2026,2026-06-23,Public Service Day,,United Nations observance,The United Nations’ Public Service Day celebrates the idea that democracy and successful governance depend on a competent civil service.
US,2026,2026-06-25,Day of the Seafarer,,United Nations observance,"The Day of the Seafarer aims to acknowledge the social, and economic contribution of the millions of seafarers around the world."
US,2026,2026-06-26,Ashura,,Muslim,Ashura is a Muslim in the USA
US,2026,2026-06-26,International Day Against Drug Abuse and Illicit Trafficking,,United Nations observance,The United Nations’ (UN) International Day Against Drug Abuse and Illicit Trafficking raise awareness about the dangers of illicit drugs.
US,2026,2026-06-26,International Day in Support of Victims of Torture,,United Nations observance,The United Nations’ (UN) International Day in Support of Victims of Torture is annually observed on June 26 to remind people that human torture is not only unacceptable – it is also a crime.
US,2026,2026-06-27,"Micro-, Small and Medium-sized Enterprises Day",,United Nations observance,"Micro-, Small and Medium-sized Enterprises Day is a United Nations observance in the USA"
US,2026,2026-06-29,International Day of the Tropics,,United Nations observance,International Day of the Tropics is a United Nations observance in the USA
US,2026,2026-06-30,International Asteroid Day,,United Nations observance,The United Nations established International Asteroid Day to raise public awareness of the asteroid impact hazard.
US,2026,2026-06-30,International Day of Parliamentarism,,United Nations observance,International Day of Parliamentarism is a United Nations observance in the USA
US,2026,2026-07-03,Independence Day (substitute),,National holiday,"On Independence Day, Americans celebrate the anniversary of publication of the Declaration of Independence from Great Britain in 1776."
US,2026,2026-07-04,Independence Day,,National holiday,"On Independence Day, Americans celebrate the anniversary of publication of the Declaration of Independence from Great Britain in 1776."
US,2026,2026-07-04,International Day of Cooperatives,,United Nations observance,"The United Nations' (UN) International Day of Cooperatives recognizes and reaffirms the role of cooperatives in economic, social and cultural development and in the achievement of social policy objectives."
US,2026,2026-07-11,World Population Day,,United Nations observance,The United Nations' (UN) World Population Day reaffirms the human right to plan for a family.
US,2026,2026-07-14,Bastille Day,,Observance,Bastille Day is a observance in the USA
US,2026,2026-07-15,World Youth Skills Day,,United Nations observance,Acquiring skills enhances youths' ability to make informed choices and empowers them to gain access to changing labor markets.
US,2026,2026-07-16,Rural Transit Day,,Observance,Rural Transit Day is a observance in the USA
US,2026,2026-07-18,Nelson Mandela Day,,United Nations observance,Nelson Mandela International Day is annually observed on July 18 to recognize the former South African president’s contribution to peace and freedom.
US,2026,2026-07-20,World Chess Day,,United Nations observance,World Chess Day is a United Nations observance in the USA
US,2026,2026-07-23,Tisha B'Av,,Hebrew,Tisha B’Av is on the ninth day of the month of Av in the Jewish calendar.
US,2026,2026-07-25,World Drowning Prevention Day,,United Nations observance,World Drowning Prevention Day is a United Nations observance in the USA
US,2026,2026-07-26,Parents' Day,,Observance,Parents’ Day is celebrated in the United States on the fourth Sunday of July each year to recognize and promote parenting as a crucial part of families and the wider community.
US,2026,2026-07-27,National Korean War Veterans Armistice Day,,Observance,National Korean War Veterans Armistice Day is a observance in the USA
US,2026,2026-07-28,World Hepatitis Day,,United Nations observance,World Hepatitis Day is observed on July 28 every year to raise awareness of hepatitis and encourage prevention and treatment.
US,2026,2026-07-30,International Day of Friendship,,United Nations observance,The International Day of Friendship is annually held on July 30 to celebrate friendships worldwide.
US,2026,2026-07-30,World Day Against Trafficking in Persons,,United Nations observance,July 30 is the UN World Day Against Trafficking in Persons
US,2026,2026-08-04,Barack Obama Day,,Observance,Barack Obama Day is a observance in the USA
US,2026,2026-08-04,Coast Guard Birthday,,Observance,Coast Guard Birthday is a observance in the USA
US,2026,2026-08-07,Purple Heart Day,,Observance,Purple Heart Day on August 7 commemorates the day in 1782 when General George Washington created the Purple Heart Medal – a military decoration that is awarded to those wounded or killed while serving in the United States Armed Forces.
US,2026,2026-08-09,International Day of the World's Indigenous People,,United Nations observance,The United Nations’ (UN) International Day of the World's Indigenous People is observed on August 9 each year to promote and protect the rights of the world’s indigenous peoples.
US,2026,2026-08-12,International Youth Day,,United Nations observance,The United Nations’ (UN) International Youth Day is annually held on August 12 to celebrate the achievements of the world’s youth and to encourage their participation in enhancing society.
US,2026,2026-08-15,Assumption of Mary,,Christian,Assumption Day is a Christian observance in the United States that is held annually on August 15. Catholics observe the Dormition (falling asleep) or the day that the Blessed Virgin Mary was received into heaven.
US,2026,2026-08-16,National Senior Citizens Day,,Observance,National Senior Citizens Day is an observance on the third Sunday of August to honor the contributions of senior citizens in the United States.
US,2026,2026-08-19,National Aviation Day,,Observance,National Aviation Day is observed in the United States on August 19 each year to celebrate the history and development of the aviation.
US,2026,2026-08-19,World Humanitarian Day,,United Nations observance,The United Nations’(UN) World Humanitarian Day focuses on increasing public awareness about humanitarian service worldwide and is annually observed on August 19.
US,2026,2026-08-21,International Day of Remembrance of and Tribute to the Victims of Terrorism,,United Nations observance,International Day of Remembrance of and Tribute to the Victims of Terrorism is a United Nations observance in the USA
US,2026,2026-08-22,International Day Commemorating the Victims of Acts of Violence Based on Religion or Belief,,United Nations observance,International Day Commemorating the Victims of Acts of Violence Based on Religion or Belief is a United Nations observance in the USA
US,2026,2026-08-23,International Day for the Remembrance of the Slave Trade and its Abolition,,United Nations observance,The United Nations’ (UN) International Day for the Remembrance of the Slave Trade and its Abolition is held on August 23 each year to remind people of the tragedy of the transatlantic slave trade.
US,2026,2026-08-26,The Prophet's Birthday,,Muslim,Eid Milad ul-Nabi (Mawlid or Milad-un-Nabi) commemorates the Prophet Muhammed's birthday.
US,2026,2026-08-26,Women's Equality Day,,Observance,Women's Equality Day on August 26 is an annual observance that commemorates the anniversary of the first time voting rights were extended to women in the United States.
US,2026,2026-08-29,International Day against Nuclear Tests,,United Nations observance,The United Nations’ (UN) International Day against Nuclear Tests is annually observed on August 29. The day raises awareness of the dangers of nuclear weapons and a closer approach to eliminating the use of those weapons.
US,2026,2026-08-30,International Day of the Victims of Enforced Disappearances,,United Nations observance,The International Day of the Victims of Enforced Disappearances is annually observed on August 30.
US,2026,2026-08-31,International Day for People of African Descent,,United Nations observance,International Day for People of African Descent is a United Nations observance in the USA
US,2026,2026-08-31,International Overdose Awareness Day,,Worldwide observance, International Overdose Awareness Day is an annual observation which aims to raise global awareness of about the impact of drug overdose on families and communities. The campaign also attempts to remove the stigma associated with overdose.
US,2026,2026-09-04,World Sexual Health Day,,Worldwide observance, World Sexual Health Day is an annual awareness day that attempts to break down social and cultural taboos associated with sexuality and to promote sexual health around the world.
US,2026,2026-09-05,International Day of Charity,,United Nations observance,The International Day of Charity raises public awareness of what charities do to help minimize poverty.
US,2026,2026-09-07,International Day of Clean Air for Blue Skies,,United Nations observance,International Day of Clean Air for Blue Skies is a United Nations observance in the USA
US,2026,2026-09-07,Labor Day,,National holiday,Labor Day is a federal holiday in the United States. It gives workers a day of rest and it celebrates their contribution to the American economy.
US,2026,2026-09-07,Still's Disease Awareness Day,,Worldwide observance,Still's Disease Awareness Day is a worldwide observance in the USA
US,2026,2026-09-08,International Literacy Day,,United Nations observance,The United Nations' (UN) International Literacy Day is held on September 8 each year.
US,2026,2026-09-09,International Day to Protect Education from Attack,,United Nations observance,International Day to Protect Education from Attack is a United Nations observance in the USA
US,2026,2026-09-10,World Suicide Prevention Day,,Worldwide observance,World Suicide Prevention Day promotes worldwide action to prevent suicides on September 10 each year.
US,2026,2026-09-11,Patriot Day,,Observance,"Patriot Day is held in memory of nearly 3000 people who died during terrorist attacks in New York, Washington DC and Shanksville, Pennsylvania, in the United States."
US,2026,2026-09-12,Carl Garner Federal Lands Cleanup Day,,Observance,Carl Garner Federal Lands Cleanup Day encourages people in the United States to participate in cleaning up the federal lands. It is observed on the first Saturday after Labor Day.
US,2026,2026-09-12,International Day for South-South Cooperation,,United Nations observance,The United Nations Day for South-South Cooperation is observed on September 12 each year.
US,2026,2026-09-12,Rosh Hashana,,Hebrew,Rosh Hashanah is the Jewish New Year. Many Jewish-run organizations in the US are closed during the two-day celebration.
US,2026,2026-09-13,International Programmers' Day,,Worldwide observance,"Many people celebrate International Programmers’ Day on January 7, while others observe this event on the 256th day of the year, usually on September 13 or on September 12 in leap years."
US,2026,2026-09-13,National Grandparents Day,,Observance,National Grandparents Day is celebrated on the first Sunday of September after Labor Day in the United States.
US,2026,2026-09-15,First Day of National Hispanic Heritage Month,,Observance,First Day of National Hispanic Heritage Month is a annual monthly observance in the USA
US,2026,2026-09-15,International Day of Democracy,,United Nations observance,The United Nations’ (UN) International Day of Democracy is observed on September 15 each year.
US,2026,2026-09-16,International Day for the Preservation of the Ozone Layer,,United Nations observance,The United Nations' (UN) International Day for the Preservation of the Ozone Layer focuses on the importance of protecting human health and the environment.
US,2026,2026-09-17,Constitution Day and Citizenship Day,,Observance,Constitution Day and Citizenship Day is a combined event that occurs in the United States on September 17 each year.
US,2026,2026-09-17,World Patient Safety Day,,United Nations observance,World Patient Safety Day is a United Nations observance in the USA
US,2026,2026-09-18,Air Force Birthday,,Observance,Air Force Birthday is a observance in the USA
US,2026,2026-09-18,International Equal Pay Day,,United Nations observance,International Equal Pay Day is a United Nations observance in the USA
US,2026,2026-09-18,National POW/MIA Recognition Day,,Observance,National POW/MIA Recognition Day is annually observed in the United States on the third Friday of September.
US,2026,2026-09-21,International Day of Peace,,United Nations observance,"The United Nations' (UN) International Day of Peace is annually held on September 21 to recognize the efforts of individuals, organizations and governments to end conflict and promote peace."
US,2026,2026-09-21,Yom Kippur,,Hebrew,Yom Kippur is an important Jewish holiday that falls on the 10th day of the month of Tishrei in the Jewish calendar.
US,2026,2026-09-23,International Celebrate Bisexuality Day,,Worldwide observance,"International Celebrate Bisexuality Day, also known as Bi Visibility Day, promotes the rights of bisexual people around the world."
US,2026,2026-09-23,International Day of Sign Languages,,United Nations observance,International Day of Sign Languages is a United Nations observance in the USA
US,2026,2026-09-24,World Maritime Day,,United Nations observance,"World Maritime Day is held on the last week of September each year, although the exact date is up to individual governments around the world."
US,2026,2026-09-26,First Day of Sukkot,,Hebrew,"The first day of Sukkot marks the start of the Sukkot festival for Jewish communities in many countries, including the United States."
US,2026,2026-09-26,International Day for the Total Elimination of Nuclear Weapons,,United Nations observance,The International Day for the Total Elimination of Nuclear Weapons raises awareness about the dangers of nuclear weapons.
US,2026,2026-09-26,National Public Lands Day,,Observance,National Public Lands Day is a observance in the USA
US,2026,2026-09-27,Gold Star Mother's Day,,Observance,Gold Star Mother’s Day is annually observed in the United States on the last Sunday of September.
US,2026,2026-09-27,World Tourism Day,,United Nations observance,The United Nations’ (UN) World Tourism Day is annually held on September 27 to raise awareness on the benefits of tourism.
US,2026,2026-09-28,International Day for Universal Access to Information,,United Nations observance,International Day for Universal Access to Information is a United Nations observance in the USA
US,2026,2026-09-28,World Rabies Day,,Worldwide observance,World Rabies Day is annually observed on September 28 to raise awareness about rabies and how it can be prevented.
US,2026,2026-09-29,International Day of Awareness of Food Loss and Waste,,United Nations observance,International Day of Awareness of Food Loss and Waste is a United Nations observance in the USA
US,2026,2026-09-29,World Heart Day,,Worldwide observance,World Heart Day raises awareness of cardiovascular diseases and ways to reduce their risk.
US,2026,2026-09-30,International Translation Day,,United Nations observance,International Translation Day is a United Nations observance in the USA
US,2026,2026-10-01,International Day of Older Persons,,United Nations observance,The United Nations' (UN) International Day of Older Persons is celebrated on October 1 each year as a special day for older persons worldwide.
US,2026,2026-10-01,World Vegetarian Day,,Worldwide observance,"World Vegetarian Day is an annual observation that spreads awareness about the health, environmental, and ethical benefits of following a vegetarian lifestyle. The unofficial holiday encourages people to avoid eating foods that include animal products and to adopt a plant-based diet."
US,2026,2026-10-02,International Day of Non-Violence,,United Nations observance,The United Nations’ (UN) International Day of Non-Violence is a globally observed on October 2 each year to promote non-violence.
US,2026,2026-10-02,Last Day of Sukkot,,Hebrew,"Many Jewish communities in countries such as the United States observe the last day of Sukkot, which marks the end of the Sukkot festival."
US,2026,2026-10-03,Shmini Atzeret,,Hebrew,"Shemini Atzeret (or Shmini Atzeret) is a Jewish holiday dedicated to the love of God, while Simchat Torah (Simchas Torah or Simhat Torah) marks the end of Sukkot and celebrates the completion of the annual reading of the Torah."
US,2026,2026-10-04,Feast of St Francis of Assisi,,Christian,"Many Catholics in the United States, particularly those with pets, celebrate the Feast of St Francis of Assisi, the patron saint of animals and the environment, on October 4 each year."
US,2026,2026-10-04,Simchat Torah,,Hebrew,Simchat Torah (Simchas Torah or Simhat Torah) is a Jewish holiday that marks the end of Sukkot and celebrates the completion of the annual reading of the Torah.
US,2026,2026-10-05,Child Health Day,,Observance,Child Health Day is annually celebrated in the United States on the first Monday of October.
US,2026,2026-10-05,World Habitat Day,,United Nations observance,The United Nations’ (UN) World Habitat Day reflects on the state of human settlements and people’s right to sufficient shelter.
US,2026,2026-10-05,World Teachers' Day,,United Nations observance,The United Nations' (UN) World Teachers' Day commemorates the work of teachers and their contributions to society. It is observed on October 5 each year.
US,2026,2026-10-06,German American Day,,Observance,German American Day is a observance in the USA
US,2026,2026-10-06,World Cerebral Palsy Day,,Worldwide observance,"World Cerebral Palsy Day is an annual awareness observation that brings together people with cerebral palsy, their families and loved ones, and organizations working to ensure equal rights for them."
US,2026,2026-10-08,World Sight Day,,Worldwide observance,World Sight Day is annually held on the second Thursday of October to raise awareness about blindness and vision impairment.
US,2026,2026-10-09,Leif Erikson Day,,Observance,Leif Erikson Day honors the first Scandinavian known to have set foot on American soil and the contribution of the Nordic peoples to the United States.
US,2026,2026-10-09,World Post Day,,United Nations observance,World Post Day marks the anniversary of the Universal Postal Union's establishment in 1874. It is held on October 9 each year.
US,2026,2026-10-10,World Mental Health Day,,United Nations observance,"World Mental Health Day, which is supported by the United Nations (UN), is annually held on October 10 to raise public awareness about mental health issues worldwide."
US,2026,2026-10-10,World Migratory Bird Day,,United Nations observance,World Migratory Bird Day is observed the second weekend of May every year.
US,2026,2026-10-11,International Day of the Girl Child,,United Nations observance,The International Day of the Girl Child is a United Nations (UN) observance on October 11 each year.
US,2026,2026-10-12,Columbus Day,,National holiday,Columbus Day celebrates 15th century explorer Christopher Columbus's arrival in America in 1492.
US,2026,2026-10-13,Navy Birthday,,Observance,"Navy Birthday celebrates the establishment of the United States Navy on October 13, 1775."
US,2026,2026-10-14,International Day for Natural Disaster Reduction,,United Nations observance,The United Nations’ (UN) International Day for Natural Disaster Reduction is annually observed on the second Wednesday of October to promote a global culture of natural disaster risk reduction.
US,2026,2026-10-15,International Day of Rural Women,,United Nations observance,The United Nations’ (UN) International Day of Rural Women is annually celebrated on October 15 to recognize rural women’s role in supporting their communities.
US,2026,2026-10-15,White Cane Safety Day,,Observance,White Cane Safety Day is a United States observance annually held on October 15 to celebrate blind and visually impaired people's achievements and the importance of the white cane.
US,2026,2026-10-16,Boss's Day,,Observance,"Boss’s Day is observed in many workplaces in the United States on October 16, or the nearest working day, each year."
US,2026,2026-10-16,World Food Day,,United Nations observance,World Food Day is celebrated on October 16 each year.
US,2026,2026-10-17,International Day for the Eradication of Poverty,,United Nations observance,The United Nations’ (UN) International Day for the Eradication of Poverty is annually observed on October 17 to promote awareness of the need to eradicate poverty worldwide.
US,2026,2026-10-17,Sweetest Day,,Observance,Sweetest Day is a observance in the USA
US,2026,2026-10-24,United Nations Day,,United Nations observance,United Nations Day marks the anniversary of the United Nations Charter coming into force in 1945 and celebrates the work of this organization. United Nations Day annually falls on October 24.
US,2026,2026-10-24,World Development Information Day,,United Nations observance,The United Nations' (UN) World Development Information Day falls on October 24 each year.
US,2026,2026-10-27,World Day for Audiovisual Heritage,,United Nations observance,The World Day for Audiovisual Heritage is observed on October 27 every year.
US,2026,2026-10-29,World Stroke Day,,Worldwide observance,World Stroke Day is annually held on October 29 to raise awareness about stroke and ways to combat it.
US,2026,2026-10-31,Halloween,,Observance,"Halloween is celebrated by hosting costume parties, playing 'trick-or-treat', watching horror films, visiting haunted houses or carving lanterns out of pumpkins."
US,2026,2026-10-31,World Cities Day,,United Nations observance,World Cities Day is a UN observance that aims to recognize the role of cities as  a foundation for social and economic development.
US,2026,2026-11-01,All Saints' Day,,Christian,"Many Catholics honor all the saints on All Saints' Day, also known as All Hallows' Day, in the United States."
US,2026,2026-11-01,First Day of Native American Heritage Month,,Observance,First Day of Native American Heritage Month is a annual monthly observance in the USA
US,2026,2026-11-01,New York City Marathon,,Sporting event,The New York City Marathon is one of the world's largest marathons and takes place every year in November.
US,2026,2026-11-01,World Vegan Day,,Worldwide observance,World Vegan Day is an annual observation that brings together vegans around the world to bring attention to animal rights and to spread the word about the health advantages of following a vegan diet.
US,2026,2026-11-02,All Souls' Day,,Christian,"Prayers for the dead are made on All Souls’ Day in the United States, which falls on November 2 each year. The Day of the Dead is also celebrated on this day."
US,2026,2026-11-02,International Day to End Impunity for Crimes against Journalists,,United Nations observance,The International Day to End Impunity for Crimes against Journalists raises awareness about violence against journalists.
US,2026,2026-11-03,Election Day,,Observance,Election Day in the United States of America is the day on which popular ballots are held to select public officials.
US,2026,2026-11-05,World Tsunami Awareness Day,,United Nations observance,World Tsunami Awareness Day is a United Nations observance in the USA
US,2026,2026-11-06,International Day for Preventing the Exploitation of the Environment in War and Armed Conflict,,United Nations observance,The United Nations’ (UN) International Day for Preventing the Exploitation of the Environment in War and Armed Conflict is held on November 6 each year.
US,2026,2026-11-10,Marine Corps Birthday,,Observance,"Marine Corps Birthday celebrates the establishment of the United States Marine Corps on November 10, 1775."
US,2026,2026-11-10,World Science Day for Peace and Development,,United Nations observance,The World Science Day for Peace and Development (WSDPD) is celebrated on November 10 each year.
US,2026,2026-11-11,Singles’ Day,,Worldwide observance,
US,2026,2026-11-11,Veterans Day,,National holiday,Veterans Day in the USA is a holiday to honor all who have served in the United States Military Services.
US,2026,2026-11-12,World Pneumonia Day,,Worldwide observance,"World Pneumonia Day supports all efforts made to protect and treat people against pneumonia, the single largest cause of child deaths worldwide."
US,2026,2026-11-13,Friday the 13th,,Worldwide observance,Friday the 13th is a day full of superstitious beliefs in communities worldwide.
US,2026,2026-11-14,World Diabetes Day,,United Nations observance,World Diabetes Day is held annually to raise awareness of diabetes and its complications and the care that people with this condition need. It is observed on November 14 each year.
US,2026,2026-11-15,World Day of Remembrance for Road Traffic Victims,,United Nations observance,The World Day of Remembrance for Road Traffic Victims serves as a major advocacy day for road traffic injury prevention.
US,2026,2026-11-16,International Day for Tolerance,,United Nations observance,The United Nations’ (UN) International Day for Tolerance is observed on November 16 each year to help people understand the importance of tolerance worldwide.
US,2026,2026-11-17,World Prematurity Day,,Worldwide observance, World Prematurity Day is an annual observance that is dedicated to raising awareness about the health and emotional issues surrounding preterm birth.
US,2026,2026-11-19,International Men's Day,,Worldwide observance,International Men’s Day celebrates men's achievements worldwide and throughout history.
US,2026,2026-11-19,World Philosophy Day,,United Nations observance,World Philosophy Day is celebrated on the third Thursday of November each year.
US,2026,2026-11-19,World Toilet Day,,United Nations observance,World Toilet Day aims to promote public awareness of the need for adequate toilets to improve people’s health and save lives.
US,2026,2026-11-20,Africa Industrialization Day,,United Nations observance,Africa Industrialization Day aims to stimulate the international community's commitment to the industrialization of Africa.
US,2026,2026-11-20,Fake Friday,,Worldwide observance,"Many early-bird shoppers look for bargains on Fake Friday to get ahead of the crowds in stores on Black Friday, observed a week later."
US,2026,2026-11-20,Transgender Day of Remembrance,,Worldwide observance,Transgender Day of Remembrance is a worldwide observance in the USA
US,2026,2026-11-20,Universal Children's Day,,United Nations observance,The United Nations' (UN) Universal Children's Day is an occasion to promote the welfare of children and an understanding between children all over the world. It is held on November 20 each year
US,2026,2026-11-21,World Television Day,,United Nations observance,The United Nations’ (UN) World Television Day is globally celebrated on November 21 each year.
US,2026,2026-11-25,International Day for the Elimination of Violence against Women,,United Nations observance,The United Nations' (UN) International Day for the Elimination of Violence against Women raises public awareness of violence against women in all countries around the world and at all levels of society. It is observed each year on November 25.
US,2026,2026-11-26,Thanksgiving Day,,National holiday,Thanksgiving Day in the United States is traditionally a holiday to give thanks for the food collected at the end of the harvest season.
US,2026,2026-11-27,Black Friday,,Observance,Black Friday is the day after Thanksgiving Day in the USA. It is a busy shopping day and is a holiday in some states.
US,2026,2026-11-27,Native American Heritage Day,,Observance,Native American Heritage Day is a observance in the USA
US,2026,2026-11-29,First Sunday of Advent,,Christian,"Many Christians in the United States observe the first Sunday of Advent, which marks the start of the Christian year."
US,2026,2026-11-29,International Day of Solidarity with the Palestinian People,,United Nations observance,The United Nations’ (UN) International Day of Solidarity with the Palestinian People is annually observed on November 29.
US,2026,2026-11-30,Cyber Monday,,Observance,Most online retailers in the US offer discounted prices on their products and services on Cyber Monday.
US,2026,2026-11-30,Day of Remembrance for all Victims of Chemical Warfare,,United Nations observance,The UN’s Day of Remembrance for all Victims of Chemical Warfare is annually observed on April 29.
US,2026,2026-12-01,Giving Tuesday,,Worldwide observance,
US,2026,2026-12-01,Giving Tuesday,,Observance,The first Tuesday after Thanksgiving has been dubbed “Giving Tuesday” by charities.
US,2026,2026-12-01,World AIDS Day,,United Nations observance,The United Nations' (UN) World AIDS Day is annually observed on December 1.
US,2026,2026-12-02,International Day for the Abolition of Slavery,,United Nations observance,The United Nations’ (UN) International Day for the Abolition of Slavery is annually observed on December 2.
US,2026,2026-12-03,International Day of Persons with Disabilities,,United Nations observance,The United Nations' (UN) International Day of Persons with Disabilities is annually observed on December 3 to re-affirm and draw attention to the rights of people who live with disabilities.
US,2026,2026-12-04,International Day of Banks,,United Nations observance,International Day of Banks is a United Nations observance in the USA
US,2026,2026-12-05,Chanukah/Hanukkah (first day),,Hebrew,"The first day of Hanukkah is the start of the Hanukkah period, which lasts for eight days, from the 25th day of the month of Kislev to the second day of Tevet in the Hebrew calendar."
US,2026,2026-12-05,International Volunteer Day for Economic and Social Development,,United Nations observance,"The United Nations’ (UN) International Volunteer Day for Economic and Social Development, also known as International Volunteer Day (IVD), is observed on December 5 each year."
US,2026,2026-12-05,World Soil Day,,United Nations observance,World Soil Day raises awareness of why soil is needed for sustainable living.
US,2026,2026-12-06,St Nicholas Day,,Observance,Some churches in the United States recognize St Nicholas' Day as a feast day.
US,2026,2026-12-07,International Civil Aviation Day,,United Nations observance,International Civil Aviation Day is observed globally on December 7 each year. It is observed by organizations such as the International Civil Aviation Organization (ICAO).
US,2026,2026-12-07,Pearl Harbor Remembrance Day,,Observance,"National Pearl Harbor Remembrance Day remembers those who died or were injured when Pearl Harbor, in Hawaii, was attacked in 1941."
US,2026,2026-12-08,Feast of the Immaculate Conception,,Christian,The Feast of the Immaculate Conception is a Christian observance on December 8 each year.
US,2026,2026-12-09,International Anti-Corruption Day,,United Nations observance,The United Nations’ (UN) International Anti-Corruption Day is annually observed on December 9 to raise public awareness of corruption and ways to fight it.
US,2026,2026-12-09,World Genocide Commemoration Day,,United Nations observance,World Genocide Commemoration Day is a UN holiday dedicated to the victims of genocide.
US,2026,2026-12-10,Human Rights Day,,United Nations observance,Human Rights Day marks the anniversary of when the Universal Declaration of Human Rights was proclaimed.
US,2026,2026-12-11,International Mountain Day,,United Nations observance,"The United Nations' (UN) International Mountain Day is an occasion to help raise awareness of the people who live in mountainous regions and the role that these regions play in providing food, water, and recreation. It is observed on December 11 each year."
US,2026,2026-12-12,Feast of Our Lady of Guadalupe,,Christian,"The Feast of Our Lady Guadalupe, in honor of Jesus’ mother Mary, is a Catholic observance in the United States."
US,2026,2026-12-12,International Day of Neutrality,,United Nations observance,International Day of Neutrality is a United Nations observance in the USA
US,2026,2026-12-12,International Universal Health Coverage Day,,United Nations observance,International Universal Health Coverage Day is a United Nations observance in the USA
US,2026,2026-12-12,Last Day of Chanukah,,Hebrew,"The last day of Hanukkah marks the end of a festive Jewish occasion, known as Hanukkah or Chanukah."
US,2026,2026-12-13,National Guard Birthday,,Observance,National Guard Birthday is a observance in the USA
US,2026,2026-12-14,Green Monday,,Worldwide observance,The last Monday at least ten days before Christmas has been dubbed “Green Monday” by online marketers.
US,2026,2026-12-15,Bill of Rights Day,,Observance,Bill of Rights Day is a observance in the USA
US,2026,2026-12-17,Pan American Aviation Day,,Observance,"December 17 marks Pan American Aviation Day, which is annually observed in the United States."
US,2026,2026-12-17,Wright Brothers Day,,Observance,The Wright Brothers Day is annually celebrated in the United States on December 17 to commemorate the historic flight made by Orville and Wilbur Wright on that date in 1903.
US,2026,2026-12-18,Arabic Language Day,,United Nations observance,World Arabic Language Day is a United Nations (UN) observance that celebrates one of the organization’s 6 official languages – Arabic.
US,2026,2026-12-18,International Migrants Day,,United Nations observance,The United Nations (UN) International Migrants Day is celebrated on December 18 each year.
US,2026,2026-12-19,Super Saturday,,Worldwide observance,"The final Saturday before Christmas has become a very popular shopping day in the US, earning the nickname Super Saturday."
US,2026,2026-12-20,Asarah B'Tevet,,Hebrew,Asarah B'Tevet is a Jewish holiday in the USA
US,2026,2026-12-20,International Human Solidarity Day,,United Nations observance,The United Nations' (UN) International Human Solidarity Day is celebrated on December 20 each year to raise public awareness on the importance of solidarity in fighting poverty.
US,2026,2026-12-24,Christmas Eve,,"Observance, Christian",Christmas Eve in the United States is on December 24 each year.
US,2026,2026-12-25,Christmas Day,,"Local holiday, Christian",Christmas Day celebrates Jesus Christ's birth.
US,2026,2026-12-25,Christmas Day,,"National holiday, Christian",Christmas Day celebrates Jesus Christ's birth.
US,2026,2026-12-26,Kwanzaa (first day),,Observance,"Kwanzaa is a week-long holiday honoring the culture and traditions of African people and their descendants worldwide, especially in the United States."
US,2026,2026-12-27,International Day of Epidemic Preparedness,,United Nations observance,International Day of Epidemic Preparedness is a United Nations observance in the USA
US,2026,2026-12-31,New Year's Eve,,Observance,New Year's Eve is the last day of the year in the Gregorian calendar. Many parties to welcome the New Year are held in in the United States on New Year's Eve.
US,2027,2027-01-01,New Year's Day,,National holiday,"New Year's Day is the first day of the Gregorian calendar, which is widely used in many countries such as the USA."
US,2027,2027-01-04,World Braille Day,,United Nations observance,"World Braille Day celebrates the life and achievements of Louis Braille, who invented the braille code for the visually impaired."
US,2027,2027-01-06,Epiphany,,Christian,"Many people in the United States annually observe Epiphany, or Three Kings’ Day, on January 6. It is a Christian observance and a public holiday in the US Virgin Islands."
US,2027,2027-01-06,Isra and Mi'raj,,Muslim,"Isra and Mi'raj (Isra Me'raj, Israa and Mi'raaj, Laylat Al-Isra wa Al-Miraj, Lailat al Miraj, Night Journey and Ascension to Heaven) marks the night when the Prophet Mohammad traveled from Mecca to Jerusalem, ascended to heaven and returned."
US,2027,2027-01-07,International Programmers' Day,,Worldwide observance,"Many people celebrate International Programmers’ Day on January 7, while others observe this event on the 256th day of the year, usually on September 13 or on September 12 in leap years."
US,2027,2027-01-07,Orthodox Christmas Day,,Orthodox,Many Orthodox Christian churches in countries such as the United States observe Christmas Day on or near January 7 in the Gregorian calendar.
US,2027,2027-01-13,Stephen Foster Memorial Day,,Observance,"Stephen Foster Memorial Day is annually observed in the United States on January 13. The day remembers the achievements of Stephen Foster, who is known as the “father of American music”."
US,2027,2027-01-14,Orthodox New Year,,Orthodox,Many Orthodox Christian churches in countries such as the United States celebrate New Year’s Day on January 14 in the Gregorian calendar.
US,2027,2027-01-17,World Religion Day,,Worldwide observance,World Religion Day fosters interfaith dialogue and understanding of all religions.
US,2027,2027-01-18,Martin Luther King Jr. Day,,National holiday,Martin Luther King Day marks the anniversary of the date of birth of the influential American civil right leader of the same name.
US,2027,2027-01-23,Tu Bishvat/Tu B'Shevat,,Hebrew,"Tu B’Shevat, known as the “New Year for Trees”, is a Jewish festival similar to Arbor Day."
US,2027,2027-01-24,International Day of Education,,United Nations observance,International Day of Education is a United Nations observance in the USA
US,2027,2027-01-26,International Customs Day,,Worldwide observance,International Customs Day celebrates custom personnel and agencies worldwide.
US,2027,2027-01-27,International Day of Commemoration in Memory of the Victims of the Holocaust,,United Nations observance,The United Nations' (UN) International Day of Commemoration in Memory of the Victims of the Holocaust remembers those who died and suffered during the Holocaust before and during World War II. It is on January 27 each year.
US,2027,2027-01-31,World Leprosy Day,,Worldwide observance,"World Leprosy Day brings awareness of leprosy, also known as Hansen's disease, and ways to prevent the disease."
US,2027,2027-02-01,First Day of Black History Month,,Observance,First Day of Black History Month is a annual monthly observance in the USA
US,2027,2027-02-01,National Freedom Day,,Observance,National Freedom Day in the United States is observed on February 1 each year.
US,2027,2027-02-02,Groundhog Day,,Observance,Many people in the United States observe Groundhog Day on February 2.
US,2027,2027-02-02,World Wetlands Day,,Worldwide observance,World Wetlands Day raises awareness about the important role that the wetlands play in the environment and in our lives.
US,2027,2027-02-03,National Girls and Women in Sports Day,,Observance,National Girls and Women in Sports Day is a observance in the USA
US,2027,2027-02-04,International Day of Human Fraternity,,United Nations observance,International Day of Human Fraternity is a United Nations observance in the USA
US,2027,2027-02-04,World Cancer Day,,Worldwide observance,World Cancer Day is an annual global event on February 4 to raise people’s awareness of cancer.
US,2027,2027-02-05,National Wear Red Day,,Observance,National Wear Red Day® raises public awareness of heart disease in women and ways to avoid and combat this problem.
US,2027,2027-02-06,International Day of Zero Tolerance for Female Genital Mutilation,,United Nations observance,The International Day of Zero Tolerance for Female Genital Mutilation is an awareness campaign to end a harmful practice that violates girls’ and women’s rights.
US,2027,2027-02-06,Lunar New Year,,Observance,Lunar New Year marks the first day of the New Year in the Chinese calendar.
US,2027,2027-02-08,Ramadan Starts,,Muslim,"Many Muslims in the United States fast in the hours of daylight during Ramadan, the ninth month in the Islamic calendar."
US,2027,2027-02-09,Shrove Tuesday/Mardi Gras,,"Observance, Christian","Shrove Tuesday is traditionally known as the day prior to Lent but it also serves as a day of celebration, known as Mardi Gras."
US,2027,2027-02-10,Ash Wednesday,,Christian,"Ash Wednesday is a Christian observance that marks the first day of Lent, which is prior to Easter."
US,2027,2027-02-10,World Pulses Day,,United Nations observance,World Pulses Day is a United Nations observance in the USA
US,2027,2027-02-11,International Day of Women and Girls in Science,,United Nations observance,The International Day of Women and Girls in Science is a UN holiday to recognize the critical role women and girls play in science and technology communities.
US,2027,2027-02-11,World Day of the Sick,,Worldwide observance,World Day of the Sick is a global event when people remember or pray for the sick.
US,2027,2027-02-13,World Radio Day,,United Nations observance,World Radio Day is an annual United Nations (UN) event that promotes the importance of the radio in communicating information worldwide.
US,2027,2027-02-14,Super Bowl,,Sporting event,The Super Bowl is the championship game of the National Football League (NFL) in the United States. It is played every year in February.
US,2027,2027-02-14,Valentine's Day,,Observance,Valentine's Day is an occasion to celebrate romantic love.
US,2027,2027-02-15,Presidents' Day,,National holiday,"Washington's Birthday, or Presidents' Day, honors the life and work of the first president of the United States, George Washington."
US,2027,2027-02-20,World Day of Social Justice,,United Nations observance,"The United Nations' (UN) World Day of Social Justice promotes poverty eradication, full employment and social integration. It is on February 20 each year."
US,2027,2027-02-21,International Mother Language Day,,United Nations observance,The United Nations' (UN) International Mother Language Day is annually held on February 21 to celebrate languages spoken worldwide. It also observes the human right to use these languages.
US,2027,2027-03-01,First Day of Irish American Heritage Month,,Observance,First Day of Irish American Heritage Month is a annual monthly observance in the USA
US,2027,2027-03-01,First Day of Women's History Month,,Observance,First Day of Women's History Month is a annual monthly observance in the USA
US,2027,2027-03-01,Self-Injury Awareness Day,,Worldwide observance,
US,2027,2027-03-01,St. David's Day,,"Observance, Christian","Many Welsh communities in the United States celebrate the life of their patron saint, St David, and their links with Wales on St David’s Day."
US,2027,2027-03-01,Zero Discrimination Day,,United Nations observance,"Discrimination Day highlights the negative impacts of discrimination and promotes tolerance, compassion and peace."
US,2027,2027-03-02,Read Across America Day,,Observance,Read Across America Day is observed in the United States on March 2 each year.
US,2027,2027-03-03,World Wildlife Day,,United Nations observance,"World Wildlife Day celebrates all flora and fauna, including animals, on Earth."
US,2027,2027-03-05,Employee Appreciation Day,,Observance,"Employee Appreciation Day is a US unofficial observance that recognizes and appreciates employees in all industries, aimed at helping employers keep their staff."
US,2027,2027-03-05,Lailat al-Qadr,,Muslim,Laylat al Qadr is most likely to be held on one of the last 10 days of month of Ramadan in the Islamic calendar.
US,2027,2027-03-08,International Women's Day,,United Nations observance,International Women’s Day celebrates women’s achievements worldwide and throughout history.
US,2027,2027-03-10,Eid al-Fitr,,Muslim,"Eid al-Fitr is a holiday to mark the end of the Islamic month of Ramadan, during which Muslims fast during the hours of daylight."
US,2027,2027-03-10,International Day of Women Judges,,United Nations observance,International Day of Women Judges is a United Nations observance in the USA
US,2027,2027-03-11,World Kidney Day,,Worldwide observance,World Kidney Day is an annual observation that attempts to raise global awareness about the importance of kidney health and tries to bring attention to the unique challenges faced by those who suffer from Chronic Kidney Disease.
US,2027,2027-03-15,Long Covid Awareness Day,,Worldwide observance,Long Covid Awareness Day is a worldwide observance in the USA
US,2027,2027-03-17,St. Patrick's Day,,"Observance, Christian","St Patrick's Day marks the life and deeds of St Patrick, one of Ireland's patron saints. It is an Irish-American celebration in the USA."
US,2027,2027-03-20,French Language Day,,United Nations observance,French Language Day is a United Nations observance in the USA
US,2027,2027-03-20,International Day of Happiness,,United Nations observance,International Day of Happiness aims to promote the idea that the pursuit of happiness is universal.
US,2027,2027-03-21,International Day for the Elimination of Racial Discrimination,,United Nations observance,The United Nations’ (UN) International Day for the Elimination of Racial Discrimination is annually observed on March 21.
US,2027,2027-03-21,International Day of Forests,,United Nations observance,"International Day of Forests raises awareness on forests and trees, including their role in climate change."
US,2027,2027-03-21,International Day of Nowruz,,United Nations observance,"The UN’s International Day of Nowruz, also known as Nowruz, No-Ruz, No-Rooz or No Ruz, is observed on March 21 each year."
US,2027,2027-03-21,Palm Sunday,,Christian,Palm Sunday in the United States celebrates Jesus Christ’s entry into Jerusalem. It is also the Sunday before Easter Sunday.
US,2027,2027-03-21,World Down Syndrome Day,,United Nations observance,World Down Syndrome Day is held on March 21 every year.
US,2027,2027-03-21,World Poetry Day,,United Nations observance,World Poetry Day celebrates poetry around the world on March 21 each year.
US,2027,2027-03-22,World Water Day,,United Nations observance,World Water Day aims to increase people's awareness of the water's importance in all aspects of life.
US,2027,2027-03-23,Purim,,Hebrew,"Purim commemorates a time when Jewish people were saved from death around the fourth century BCE, according to the Book of Esther."
US,2027,2027-03-23,World Meteorological Day,,United Nations observance,"World Meteorological Day marks the anniversary of the World Meteorological Organization's establishment on March 23, 1950."
US,2027,2027-03-24,International Day for the Right to the Truth concerning Gross Human Rights Violations and for the Dignity of Victims,,United Nations observance,March 24 is the UN’s International Day for the Right to the Truth concerning Gross Human Rights Violations and for the Dignity of Victims
US,2027,2027-03-24,World Tuberculosis Day,,United Nations observance,World Tuberculosis Day is annually held on March 24 to raise awareness of tuberculosis and ways to eradicate the disease.
US,2027,2027-03-25,International Day of Remembrance of Slavery Victims and the Transatlantic Slave Trade,,United Nations observance,"The International Day of Remembrance of the Victims of Slavery and the Transatlantic Slave Trade remembers the lives of Africans who were forced into slavery in North, Central and South America."
US,2027,2027-03-25,International Day of Solidarity with Detained and Missing Staff Members,,United Nations observance,The UN’s International Day of Solidarity with Detained and Missing Staff Members is annually held on March 25.
US,2027,2027-03-25,Maundy Thursday,,Christian,"Maundy Thursday, which is also known as Holy Thursday, is the day before Good Friday."
US,2027,2027-03-26,Good Friday,,"Local holiday, Christian",Good Friday commemorates Jesus Christ's crucifixion.
US,2027,2027-03-27,Earth Hour,,Worldwide observance,Earth Hour is an annual event in which many people worldwide turn their lights off on the last Saturday in March.
US,2027,2027-03-27,Holy Saturday,,Christian,Holy Saturday is the day before Easter Sunday in the United States.
US,2027,2027-03-28,Easter Sunday,,"Observance, Christian","Easter Sunday is an important day in the Christian church calendar because it celebrates Jesus Christ's resurrection, according to Christian belief."
US,2027,2027-03-29,Easter Monday,,"Observance, Christian",Easter Monday is the day after Easter Sunday. It is not a federal holiday in the United States of America (USA).
US,2027,2027-03-29,National Vietnam War Veterans Day,,Observance,National Vietnam War Veterans Day is an US observance to honor US military members who served during the Vietnam War.
US,2027,2027-03-30,Doctors' Day,,Observance,Doctors' Day is a observance in the USA
US,2027,2027-03-31,International Transgender Day of Visibility,,Worldwide observance,International Transgender Day of Visibility is a worldwide observance in the USA
US,2027,2027-04-01,April Fool's Day,,Worldwide observance,"April Fool's Day, on April 1, is a day to play practical jokes and tricks."
US,2027,2027-04-02,World Autism Awareness Day,,United Nations observance,"World Autism Awareness Day raises an awareness of issues surrounding people, particularly children, with autism worldwide."
US,2027,2027-04-04,United Nations' Mine Awareness Day,,United Nations observance,The United Nations' International Day for Mine Awareness and Assistance in Mine Action is annually observed on April 4.
US,2027,2027-04-05,International Day of Conscience,,United Nations observance,International Day of Conscience is a United Nations observance in the USA
US,2027,2027-04-06,International Day of Sport for Development and Peace,,United Nations observance,The International Day of Sport for Development and Peace aims to bring goodwill and positive social outcomes through sporting achievements.
US,2027,2027-04-06,National Tartan Day,,Observance,National Tartan Day is annually observed on April 6 to honor the major role that Scottish Americans played in the founding of the United States of America.
US,2027,2027-04-07,Day of Remembrance of the Victims of the Rwanda Genocide,,United Nations observance,The UN’s Day of Remembrance of the Victims of the Rwanda Genocide is observed on April 7 each year.
US,2027,2027-04-07,United Nations' World Health Day,,United Nations observance,"The World Health Organization, the United Nations' the directing and coordinating authority for health, annually highlights one of its priorities for global health on World Health Day."
US,2027,2027-04-12,International Day of Human Space Flight,,United Nations observance,The UN’s International Day of Human Space Flight is annually held on April 12.
US,2027,2027-04-13,National Library Workers' Day,,Observance,"National Library Workers’ Day recognizes the efforts and achievements that librarians make to give Americans access to information via books, computers and other media."
US,2027,2027-04-13,Thomas Jefferson's Birthday,,Observance,Americans celebrate president Thomas Jefferson's Birthday on April 13.
US,2027,2027-04-14,World Chagas Disease Day,,United Nations observance,World Chagas Disease Day is a United Nations observance in the USA
US,2027,2027-04-15,Tax Day,,Observance,Tax Day is the deadline for United States residents to file details of their income to the Internal Revenue Service (IRS) so that their liability for income tax can be assessed.
US,2027,2027-04-15,World Art Day,,Worldwide observance,World Art Day is a worldwide observance in the USA
US,2027,2027-04-18,International Day for Monuments and Sites,,Worldwide observance,The International Day for Monuments and Sites raises awareness on preserving and conserving historical and archeological heritage sites.
US,2027,2027-04-19,Boston Marathon,,Sporting event,Boston Marathon is one of the world's oldest yearly marathon. It is held annually on Patriot's Day in the month of April.
US,2027,2027-04-20,Chinese Language Day,,United Nations observance,Chinese Language Day is a United Nations observance that celebrates one of the organization’s 6 official languages – Chinese.
US,2027,2027-04-21,Administrative Professionals Day,,Observance,Administrative Professionals Day® is on the Wednesday of the last full week of April. It remembers the important role of administrative professionals.
US,2027,2027-04-21,Passover Eve,,Hebrew,Passover Eve is a Jewish holiday in the USA
US,2027,2027-04-21,World Creativity and Innovation Day,,United Nations observance,World Creativity and Innovation Day is a United Nations observance in the USA
US,2027,2027-04-22,Earth Day,,United Nations observance,The United Nations' International Mother Earth Day promotes environmental awareness and calls for the protection of our planet.
US,2027,2027-04-22,International Girls in ICT Day,,United Nations observance,International Girls in ICT Day is a United Nations observance in the USA
US,2027,2027-04-22,Passover (first day),,Hebrew,Passover marks the Israelites' liberation from slavery and their exodus from Egypt around 3000 years ago.
US,2027,2027-04-22,Take our Daughters and Sons to Work Day,,Observance,Take our Daughters and Sons to Work Day is a observance in the USA
US,2027,2027-04-23,English Language Day,,United Nations observance,"English Language Day promotes the history, culture and accomplishments of the English language."
US,2027,2027-04-23,World Book and Copyright Day,,United Nations observance,World Book and Copyright Day is an occasion to celebrate the contribution of books and authors to our global culture and the connection between copyright and books.
US,2027,2027-04-23,World Spanish Language Day,,United Nations observance,World Spanish Language Day is a United Nations observance in the USA
US,2027,2027-04-24,International Day of Multilateralism and Diplomacy for Peace,,United Nations observance,International Day of Multilateralism and Diplomacy for Peace is a United Nations observance in the USA
US,2027,2027-04-25,International Delegate's Day,,United Nations observance,International Delegate's Day is a United Nations observance in the USA
US,2027,2027-04-25,World Malaria Day,,United Nations observance,World Malaria Day is annually observed on April 25 to promote efforts that provide effective control of malaria worldwide.
US,2027,2027-04-26,International Chernobyl Disaster Remembrance Day,,United Nations observance,International Chernobyl Disaster Remembrance Day is a UN holiday designed to raise awareness of the consequences of the 1986 nuclear accident.
US,2027,2027-04-26,World Intellectual Property Day,,United Nations observance,World Intellectual Property Day is annually held on April 26 to increase awareness and understanding of intellectual property worldwide.
US,2027,2027-04-28,World Day for Safety and Health at Work,,United Nations observance,The World Day for Safety and Health at Work is observed on April 28 each year.
US,2027,2027-04-29,Last Day of Passover,,Hebrew,"The last day of Passover marks the end of the Passover period, which lasts for seven or eight days."
US,2027,2027-04-30,International Jazz Day,,United Nations observance,"International Jazz Day recognizes the historical, cultural, and educational contribution of jazz."
US,2027,2027-04-30,Kentucky Oaks,,Sporting event,The Kentucky Oaks is a rade 1 Stakes horse race held annually on the Friday before the Kentucky Derby in May.
US,2027,2027-04-30,Orthodox Good Friday,,Orthodox,Many Orthodox Christians in the United States remember the events leading up to Jesus Christ's crucifixion on Great Friday.
US,2027,2027-05-01,First Day of Asian Pacific American Heritage Month,,Observance,First Day of Asian Pacific American Heritage Month is a annual monthly observance in the USA
US,2027,2027-05-01,First Day of Jewish American Heritage Month,,Observance,First Day of Jewish American Heritage Month is a annual monthly observance in the USA
US,2027,2027-05-01,First Day of Military Appreciation Month,,Observance,First Day of Military Appreciation Month is a annual monthly observance in the USA
US,2027,2027-05-01,Kentucky Derby,,Sporting event,"Kentucky Derby is a Grade I Stakes horse race held annually in Louisville, Kentucky in May."
US,2027,2027-05-01,Law Day,,Observance,Law Day in the United States is annually held on May 1.
US,2027,2027-05-01,Loyalty Day,,Observance,Loyalty Day is a special day for people to reaffirm their loyalty to the United States and to recognize the heritage of American freedom.
US,2027,2027-05-01,National Explosive Ordnance Disposal (EOD) Day,,Observance,National Explosive Ordnance Disposal (EOD) Day is an occasion to remember those serving the profession of explosive ordnance disposal in the United States Armed Forces.
US,2027,2027-05-01,Orthodox Holy Saturday,,Orthodox,Many Orthodox Christians in the United States remember Jesus Christ’s burial and his descent into Hades on Holy Saturday.
US,2027,2027-05-02,International Family Equality Day,,Worldwide observance,International Family Equality Day is a worldwide observance in the USA
US,2027,2027-05-02,Orthodox Easter,,Orthodox,"Many Orthodox Christians in the United States mark Easter Sunday, also known as Pascha, as the day Jesus Christ was resurrected, according to the Christian bible."
US,2027,2027-05-02,World Tuna Day,,United Nations observance,World Tuna Day is a UN holiday designed to raise awareness of the global importance of tuna.
US,2027,2027-05-03,Orthodox Easter Monday,,Orthodox,Many Orthodox churches in the United States observe Easter Monday on the day after the Orthodox Easter Sunday date.
US,2027,2027-05-03,World Press Freedom Day,,United Nations observance,World Press Freedom Day focuses on the importance of the freedom of the press and freedom of expression.
US,2027,2027-05-04,National Teacher Appreciation Day,,Observance,National Teacher Appreciation Day is a observance in the USA
US,2027,2027-05-04,Yom HaShoah,,Hebrew,Many people in the United States observe Yom Hashoah by remembering Holocaust victims who died during World War II.
US,2027,2027-05-05,Cinco de Mayo,,Observance,"'Cinco de Mayo' means ""Fifth of May"" in Spanish and is a festival of Mexican pride and heritage."
US,2027,2027-05-05,World Portuguese Language Day,,United Nations observance,World Portuguese Language Day is a United Nations observance in the USA
US,2027,2027-05-06,Ascension Day,,Christian,Ascension Day is the 40th day of Easter and commemorates the ascension of Jesus Christ into heaven.
US,2027,2027-05-06,National Day of Prayer,,Observance,"National Day of Prayer is held on the first Thursday of May each year, inviting Americans of all faiths to pray for the country and its leaders."
US,2027,2027-05-06,National Nurses Day,,Observance,National Nurses Day is an occasion to honor the work of nurses.
US,2027,2027-05-07,Military Spouse Appreciation Day,,Observance,Appreciate and thank all the military spouses and partners you know on Military Spouse Appreciation Day.
US,2027,2027-05-08,Time of Remembrance and Reconciliation for Those Who Lost Their Lives during the Second World War,,United Nations observance,"The United Nations’ (UN) Time of Remembrance and Reconciliation for Those Who Lost Their Lives during the Second World War is annually held over two days, from May 8-9."
US,2027,2027-05-08,Victory in Europe Day,,Observance,Victory in Europe Day is a observance in the USA
US,2027,2027-05-08,World Migratory Bird Day,,United Nations observance,World Migratory Bird Day is observed the second weekend of May every year.
US,2027,2027-05-08,World Ovarian Cancer Day,,Worldwide observance,World Ovarian Cancer Day aims to spread global awareness about ovarian cancer.
US,2027,2027-05-08,World Red Cross and Red Crescent Day,,Worldwide observance,World Red Cross and Red Crescent Day is a worldwide observance in the USA
US,2027,2027-05-09,Mother's Day,,Observance,Mother's Day celebrates the role of mothers and mother figures.
US,2027,2027-05-10,International Day of Argania,,United Nations observance,International Day of Argania is a United Nations observance in the USA
US,2027,2027-05-12,International Nurses Day,,Worldwide observance,International Nurses Day focuses on the critical contribution of nurses around the world in maintaining public health.
US,2027,2027-05-12,Yom Ha'atzmaut,,Hebrew,"Many Jewish communities in the United States celebrate Yom Ha’Atzmaut, which is Israel’s Independence Day, on the fifth day of the month of Iyar in the Jewish calendar."
US,2027,2027-05-15,Armed Forces Day,,Observance,Armed Forces Day is a national observance in the United States on the third Saturday of May each year.
US,2027,2027-05-15,International Day of Families,,United Nations observance,"The International Day of Families is an occasion to celebrate the importance of families to people, societies and cultures around the world."
US,2027,2027-05-15,Peace Officers Memorial Day,,Observance,"Peace Officers Memorial Day is held annually in the United States on May 15 in honor of federal, state and local officers killed or disabled in the line of duty."
US,2027,2027-05-15,Preakness Stakes,,Sporting event,The Preakness Stakes is the second event in the Triple Crown and is annually held two weeks after the Kentucky Derby.
US,2027,2027-05-16,International Day of Light,,United Nations observance,International Day of Light is a United Nations observance in the USA
US,2027,2027-05-16,International Day of Living Together in Peace,,United Nations observance,International Day of Living Together in Peace is a United Nations observance in the USA
US,2027,2027-05-16,Pentecost,,Christian,"Many Christians in the United States observe Pentecost, also known as Whitsunday or Whit Sunday."
US,2027,2027-05-17,Eid al-Adha,,Muslim,"For more than 3 millions Muslims in the US, Eid al-Adha, the Festival of Sacrifice, is one of the most important dates in the calendar."
US,2027,2027-05-17,Whit Monday,,Christian,"Many Christians in the United States will observe Whit Monday, or Pentecost Monday. It is the day after Pentecost, which is also known as Whit Sunday or Whitsunday."
US,2027,2027-05-17,World Telecommunication and Information Society Day,,United Nations observance,World Information Society Day is celebrated each year to raise awareness of how information and communication can be beneficial for societies and economies.
US,2027,2027-05-19,Emergency Medical Services for Children Day,,Observance,"Emergency Medical Services for Children (EMSC) Day is observed on the Wednesday of Emergency Medical Services (EMS) Week, May 19–25, in the United States."
US,2027,2027-05-20,World Autoimmune / Autoinflammatory Arthritis Day,,Worldwide observance,World Autoimmune / Autoinflammatory Arthritis Day is a worldwide observance in the USA
US,2027,2027-05-20,World Bee Day,,United Nations observance,World Bee Day is a United Nations observance in the USA
US,2027,2027-05-21,International Tea Day,,United Nations observance,International Tea Day is a United Nations observance in the USA
US,2027,2027-05-21,National Defense Transportation Day,,Observance,National Defense Transportation Day occurs annually in the United States on the third Friday of May.
US,2027,2027-05-21,World Day for Cultural Diversity for Dialogue and Development,,United Nations observance,"The World Day for Cultural Diversity for Dialogue and Development, held on May 21, is an occasion for people to deepen their understanding of cultural diversity."
US,2027,2027-05-22,International Day for Biological Diversity,,United Nations observance,The International Day for Biological Diversity is an occasion to increase the global understanding and awareness of issues and challenges around biodiversity.
US,2027,2027-05-22,National Maritime Day,,Observance,"National Maritime Day is annually observed in the United States on May 22. It is a time to observe its maritime heritage, to honor those who served as merchant mariners, and to recognize the benefits of the maritime industry."
US,2027,2027-05-23,International Day to End Obstetric Fistula,,United Nations observance,The International Day to End Obstetric Fistula raises awareness of fistula and calls for support to tackle the problem.
US,2027,2027-05-23,Trinity Sunday,,Christian,Trinity Sunday is the first Sunday after Pentecost and is celebrated by many Christians in the United States.
US,2027,2027-05-25,African Liberation Day,,Worldwide observance,African Liberation Day celebrates African nations' hard-fought freedom from European colonial powers.
US,2027,2027-05-25,Lag BaOmer,,Hebrew,Many Jewish Americans observe Lag B’Omer on the 18th day of the month of Iyar in the Jewish calendar.
US,2027,2027-05-25,National Missing Children's Day,,Observance,National Missing Children's Day is an observation dedicated to addressing the problem of child abduction.
US,2027,2027-05-27,Corpus Christi,,Christian,Corpus Christi is observed in honor of the Holy Eucharist.
US,2027,2027-05-29,International Day of United Nations Peacekeepers,,United Nations observance,The International Day of United Nations Peacekeepers is an occasion to pay tribute to people who served in United Nations (UN) peacekeeping operations.
US,2027,2027-05-31,Memorial Day,,National holiday,Memorial Day commemorates all Americans who have died in military service for the United States.
US,2027,2027-05-31,World No Tobacco Day,,United Nations observance,World No Tobacco Day draws attention to the health problems caused by tobacco use.
US,2027,2027-06-01,First Day of Caribbean-American Heritage Month,,Observance,First Day of Caribbean-American Heritage Month is a annual monthly observance in the USA
US,2027,2027-06-01,First Day of Pride Month,,Observance,First Day of Pride Month is a annual monthly observance in the USA
US,2027,2027-06-01,Global Day of Parents,,United Nations observance,Global Day of Parents appreciates the role of a parent in nurturing and fostering growth for their children.
US,2027,2027-06-03,World Bicycle Day,,United Nations observance,World Bicycle Day is a United Nations observance in the USA
US,2027,2027-06-04,International Day of Innocent Children Victims of Aggression,,United Nations observance,The United Nations' (UN) International Day of Innocent Children Victims of Aggression is observed on June 4 each year.
US,2027,2027-06-05,Belmont Stakes,,Sporting event,The Belmont Stakes is the third and final horse race of the Triple Crown. It is run annually five weeks after the Kentucky Derby.
US,2027,2027-06-05,"International Day for the Fight against Illegal, Unreported and Unregulated Fishing",,United Nations observance,"International Day for the Fight against Illegal, Unreported and Unregulated Fishing is a United Nations observance in the USA"
US,2027,2027-06-05,World Environment Day,,United Nations observance,World Environment Day is held each year on June 5. It is one of the principal vehicles through which the United Nations (UN) stimulates worldwide awareness of the environment and enhances political attention and action.
US,2027,2027-06-06,D-Day,,Observance,"D-Day is a special anniversary in some countries, including the United States (U.S.), to remember Allied forces’ invasion of Normandy, France, in the Second World War."
US,2027,2027-06-06,Day of the Russian Language,,United Nations observance,Day of the Russian Language is a United Nations observance in the USA
US,2027,2027-06-06,Muharram,,Muslim,"The first day of Muharram, which is the first month in the Islamic calendar, marks the start of the Islamic New Year."
US,2027,2027-06-07,World Food Safety Day,,United Nations observance,World Food Safety Day is a United Nations observance in the USA
US,2027,2027-06-08,World Oceans Day,,United Nations observance,World Oceans Day is annually observed on June 8 to raise awareness of the challenges humanity faces to protect the world's oceans.
US,2027,2027-06-11,Shavuot,,Hebrew,"Shavuot, also known as the Festival of Weeks, is one of three major Jewish festivals."
US,2027,2027-06-12,Loving Day,,Observance,Loving Day is a observance in the USA
US,2027,2027-06-12,World Day Against Child Labour,,United Nations observance,Poverty and injustice against widows is a world-wide problem addressed by International Widows' Day.
US,2027,2027-06-13,International Albinism Awareness Day,,United Nations observance,International Albinism Awareness Day aims to stop the persecution and murders of people with albinism.
US,2027,2027-06-14,Army Birthday,,Observance,Army Birthday is a observance in the USA
US,2027,2027-06-14,Flag Day,,Observance,Flag Day is annually held on June 14 to honor the United States flag.
US,2027,2027-06-14,World Blood Donor Day,,United Nations observance,On World Blood Donor Day numerous events are held worldwide to raise awareness about the importance of safe blood supplies.
US,2027,2027-06-15,Ashura,,Muslim,Ashura is a Muslim in the USA
US,2027,2027-06-15,World Elder Abuse Awareness Day,,United Nations observance,"World Elder Abuse Awareness Day attempts to shine a light on the problem of physical, emotional, and financial abuse of elders."
US,2027,2027-06-16,International Day of Family Remittances,,United Nations observance,The UN estimates that family remittances worth over 500 billion US$ are transferred worldwide every year.
US,2027,2027-06-17,World Day to Combat Desertification and Drought,,United Nations observance,The United Nations' World Day to Combat Desertification and Drought is observed worldwide on June 17 each year.
US,2027,2027-06-18,Juneteenth (substitute),,National holiday,"Juneteenth, also known as Freedom Day and Emancipation Day, is a holiday or observance in many US states to celebrate the anniversary of the abolition of slavery in Texas on June 19, 1865."
US,2027,2027-06-18,Sustainable Gastronomy Day,,United Nations observance,Sustainable Gastronomy Day is a United Nations observance in the USA
US,2027,2027-06-19,International Day for the Elimination of Sexual Violence in Conflict,,United Nations observance,International Day for the Elimination of Sexual Violence in Conflict is a UN day aiming to rid the world of conflict-related sexual violence.
US,2027,2027-06-19,Juneteenth,,National holiday,"Juneteenth, also known as Freedom Day and Emancipation Day, is a holiday or observance in many US states to celebrate the anniversary of the abolition of slavery in Texas on June 19, 1865."
US,2027,2027-06-20,American Eagle Day,,Observance,"Observed annually on June 20 in 47 American states, American Eagle Day is an unofficial holiday that celebrates the removal of the American Bald Eagle from a list of ""endangered species""."
US,2027,2027-06-20,Father's Day,,Observance,Father's Day celebrates the contribution that fathers and father figures make to the lives of their children.
US,2027,2027-06-20,World Refugee Day,,United Nations observance,"The United Nations' World Refugee Day honors refugees' courage, strength and determination."
US,2027,2027-06-21,International Day of Yoga,,United Nations observance,The International Day of Yoga is a UN-day that aims to raise awareness worldwide of the many benefits of practicing yoga.
US,2027,2027-06-21,International Day of the Celebration of the Solstice,,United Nations observance,International Day of the Celebration of the Solstice is a United Nations observance in the USA
US,2027,2027-06-23,International Widows' Day,,United Nations observance,Poverty and injustice against widows is a world-wide problem addressed by International Widows' Day.
US,2027,2027-06-23,Public Service Day,,United Nations observance,The United Nations’ Public Service Day celebrates the idea that democracy and successful governance depend on a competent civil service.
US,2027,2027-06-25,Day of the Seafarer,,United Nations observance,"The Day of the Seafarer aims to acknowledge the social, and economic contribution of the millions of seafarers around the world."
US,2027,2027-06-26,International Day Against Drug Abuse and Illicit Trafficking,,United Nations observance,The United Nations’ (UN) International Day Against Drug Abuse and Illicit Trafficking raise awareness about the dangers of illicit drugs.
US,2027,2027-06-26,International Day in Support of Victims of Torture,,United Nations observance,The United Nations’ (UN) International Day in Support of Victims of Torture is annually observed on June 26 to remind people that human torture is not only unacceptable – it is also a crime.
US,2027,2027-06-27,"Micro-, Small and Medium-sized Enterprises Day",,United Nations observance,"Micro-, Small and Medium-sized Enterprises Day is a United Nations observance in the USA"
US,2027,2027-06-29,International Day of the Tropics,,United Nations observance,International Day of the Tropics is a United Nations observance in the USA
US,2027,2027-06-30,International Asteroid Day,,United Nations observance,The United Nations established International Asteroid Day to raise public awareness of the asteroid impact hazard.
US,2027,2027-06-30,International Day of Parliamentarism,,United Nations observance,International Day of Parliamentarism is a United Nations observance in the USA
US,2027,2027-07-03,International Day of Cooperatives,,United Nations observance,"The United Nations' (UN) International Day of Cooperatives recognizes and reaffirms the role of cooperatives in economic, social and cultural development and in the achievement of social policy objectives."
US,2027,2027-07-04,Independence Day,,National holiday,"On Independence Day, Americans celebrate the anniversary of publication of the Declaration of Independence from Great Britain in 1776."
US,2027,2027-07-05,Independence Day (substitute),,National holiday,"On Independence Day, Americans celebrate the anniversary of publication of the Declaration of Independence from Great Britain in 1776."
US,2027,2027-07-11,World Population Day,,United Nations observance,The United Nations' (UN) World Population Day reaffirms the human right to plan for a family.
US,2027,2027-07-14,Bastille Day,,Observance,Bastille Day is a observance in the USA
US,2027,2027-07-15,World Youth Skills Day,,United Nations observance,Acquiring skills enhances youths' ability to make informed choices and empowers them to gain access to changing labor markets.
US,2027,2027-07-16,Rural Transit Day,,Observance,Rural Transit Day is a observance in the USA
US,2027,2027-07-18,Nelson Mandela Day,,United Nations observance,Nelson Mandela International Day is annually observed on July 18 to recognize the former South African president’s contribution to peace and freedom.
US,2027,2027-07-20,World Chess Day,,United Nations observance,World Chess Day is a United Nations observance in the USA
US,2027,2027-07-25,Parents' Day,,Observance,Parents’ Day is celebrated in the United States on the fourth Sunday of July each year to recognize and promote parenting as a crucial part of families and the wider community.
US,2027,2027-07-25,World Drowning Prevention Day,,United Nations observance,World Drowning Prevention Day is a United Nations observance in the USA
US,2027,2027-07-27,National Korean War Veterans Armistice Day,,Observance,National Korean War Veterans Armistice Day is a observance in the USA
US,2027,2027-07-28,World Hepatitis Day,,United Nations observance,World Hepatitis Day is observed on July 28 every year to raise awareness of hepatitis and encourage prevention and treatment.
US,2027,2027-07-30,International Day of Friendship,,United Nations observance,The International Day of Friendship is annually held on July 30 to celebrate friendships worldwide.
US,2027,2027-07-30,World Day Against Trafficking in Persons,,United Nations observance,July 30 is the UN World Day Against Trafficking in Persons
US,2027,2027-08-04,Barack Obama Day,,Observance,Barack Obama Day is a observance in the USA
US,2027,2027-08-04,Coast Guard Birthday,,Observance,Coast Guard Birthday is a observance in the USA
US,2027,2027-08-07,Purple Heart Day,,Observance,Purple Heart Day on August 7 commemorates the day in 1782 when General George Washington created the Purple Heart Medal – a military decoration that is awarded to those wounded or killed while serving in the United States Armed Forces.
US,2027,2027-08-09,International Day of the World's Indigenous People,,United Nations observance,The United Nations’ (UN) International Day of the World's Indigenous People is observed on August 9 each year to promote and protect the rights of the world’s indigenous peoples.
US,2027,2027-08-12,International Youth Day,,United Nations observance,The United Nations’ (UN) International Youth Day is annually held on August 12 to celebrate the achievements of the world’s youth and to encourage their participation in enhancing society.
US,2027,2027-08-12,Tisha B'Av,,Hebrew,Tisha B’Av is on the ninth day of the month of Av in the Jewish calendar.
US,2027,2027-08-13,Friday the 13th,,Worldwide observance,Friday the 13th is a day full of superstitious beliefs in communities worldwide.
US,2027,2027-08-15,Assumption of Mary,,Christian,Assumption Day is a Christian observance in the United States that is held annually on August 15. Catholics observe the Dormition (falling asleep) or the day that the Blessed Virgin Mary was received into heaven.
US,2027,2027-08-15,National Senior Citizens Day,,Observance,National Senior Citizens Day is an observance on the third Sunday of August to honor the contributions of senior citizens in the United States.
US,2027,2027-08-15,The Prophet's Birthday,,Muslim,Eid Milad ul-Nabi (Mawlid or Milad-un-Nabi) commemorates the Prophet Muhammed's birthday.
US,2027,2027-08-19,National Aviation Day,,Observance,National Aviation Day is observed in the United States on August 19 each year to celebrate the history and development of the aviation.
US,2027,2027-08-19,World Humanitarian Day,,United Nations observance,The United Nations’(UN) World Humanitarian Day focuses on increasing public awareness about humanitarian service worldwide and is annually observed on August 19.
US,2027,2027-08-21,International Day of Remembrance of and Tribute to the Victims of Terrorism,,United Nations observance,International Day of Remembrance of and Tribute to the Victims of Terrorism is a United Nations observance in the USA
US,2027,2027-08-22,International Day Commemorating the Victims of Acts of Violence Based on Religion or Belief,,United Nations observance,International Day Commemorating the Victims of Acts of Violence Based on Religion or Belief is a United Nations observance in the USA
US,2027,2027-08-23,International Day for the Remembrance of the Slave Trade and its Abolition,,United Nations observance,The United Nations’ (UN) International Day for the Remembrance of the Slave Trade and its Abolition is held on August 23 each year to remind people of the tragedy of the transatlantic slave trade.
US,2027,2027-08-26,Women's Equality Day,,Observance,Women's Equality Day on August 26 is an annual observance that commemorates the anniversary of the first time voting rights were extended to women in the United States.
US,2027,2027-08-29,International Day against Nuclear Tests,,United Nations observance,The United Nations’ (UN) International Day against Nuclear Tests is annually observed on August 29. The day raises awareness of the dangers of nuclear weapons and a closer approach to eliminating the use of those weapons.
US,2027,2027-08-30,International Day of the Victims of Enforced Disappearances,,United Nations observance,The International Day of the Victims of Enforced Disappearances is annually observed on August 30.
US,2027,2027-08-31,International Day for People of African Descent,,United Nations observance,International Day for People of African Descent is a United Nations observance in the USA
US,2027,2027-08-31,International Overdose Awareness Day,,Worldwide observance, International Overdose Awareness Day is an annual observation which aims to raise global awareness of about the impact of drug overdose on families and communities. The campaign also attempts to remove the stigma associated with overdose.
US,2027,2027-09-04,World Sexual Health Day,,Worldwide observance, World Sexual Health Day is an annual awareness day that attempts to break down social and cultural taboos associated with sexuality and to promote sexual health around the world.
US,2027,2027-09-05,International Day of Charity,,United Nations observance,The International Day of Charity raises public awareness of what charities do to help minimize poverty.
US,2027,2027-09-06,Labor Day,,National holiday,Labor Day is a federal holiday in the United States. It gives workers a day of rest and it celebrates their contribution to the American economy.
US,2027,2027-09-07,International Day of Clean Air for Blue Skies,,United Nations observance,International Day of Clean Air for Blue Skies is a United Nations observance in the USA
US,2027,2027-09-07,Still's Disease Awareness Day,,Worldwide observance,Still's Disease Awareness Day is a worldwide observance in the USA
US,2027,2027-09-08,International Literacy Day,,United Nations observance,The United Nations' (UN) International Literacy Day is held on September 8 each year.
US,2027,2027-09-09,International Day to Protect Education from Attack,,United Nations observance,International Day to Protect Education from Attack is a United Nations observance in the USA
US,2027,2027-09-10,World Suicide Prevention Day,,Worldwide observance,World Suicide Prevention Day promotes worldwide action to prevent suicides on September 10 each year.
US,2027,2027-09-11,Carl Garner Federal Lands Cleanup Day,,Observance,Carl Garner Federal Lands Cleanup Day encourages people in the United States to participate in cleaning up the federal lands. It is observed on the first Saturday after Labor Day.
US,2027,2027-09-11,Patriot Day,,Observance,"Patriot Day is held in memory of nearly 3000 people who died during terrorist attacks in New York, Washington DC and Shanksville, Pennsylvania, in the United States."
US,2027,2027-09-12,International Day for South-South Cooperation,,United Nations observance,The United Nations Day for South-South Cooperation is observed on September 12 each year.
US,2027,2027-09-12,National Grandparents Day,,Observance,National Grandparents Day is celebrated on the first Sunday of September after Labor Day in the United States.
US,2027,2027-09-13,International Programmers' Day,,Worldwide observance,"Many people celebrate International Programmers’ Day on January 7, while others observe this event on the 256th day of the year, usually on September 13 or on September 12 in leap years."
US,2027,2027-09-15,First Day of National Hispanic Heritage Month,,Observance,First Day of National Hispanic Heritage Month is a annual monthly observance in the USA
US,2027,2027-09-15,International Day of Democracy,,United Nations observance,The United Nations’ (UN) International Day of Democracy is observed on September 15 each year.
US,2027,2027-09-16,International Day for the Preservation of the Ozone Layer,,United Nations observance,The United Nations' (UN) International Day for the Preservation of the Ozone Layer focuses on the importance of protecting human health and the environment.
US,2027,2027-09-17,Constitution Day and Citizenship Day,,Observance,Constitution Day and Citizenship Day is a combined event that occurs in the United States on September 17 each year.
US,2027,2027-09-17,National POW/MIA Recognition Day,,Observance,National POW/MIA Recognition Day is annually observed in the United States on the third Friday of September.
US,2027,2027-09-17,World Patient Safety Day,,United Nations observance,World Patient Safety Day is a United Nations observance in the USA
US,2027,2027-09-18,Air Force Birthday,,Observance,Air Force Birthday is a observance in the USA
US,2027,2027-09-18,International Equal Pay Day,,United Nations observance,International Equal Pay Day is a United Nations observance in the USA
US,2027,2027-09-21,International Day of Peace,,United Nations observance,"The United Nations' (UN) International Day of Peace is annually held on September 21 to recognize the efforts of individuals, organizations and governments to end conflict and promote peace."
US,2027,2027-09-23,International Celebrate Bisexuality Day,,Worldwide observance,"International Celebrate Bisexuality Day, also known as Bi Visibility Day, promotes the rights of bisexual people around the world."
US,2027,2027-09-23,International Day of Sign Languages,,United Nations observance,International Day of Sign Languages is a United Nations observance in the USA
US,2027,2027-09-25,National Public Lands Day,,Observance,National Public Lands Day is a observance in the USA
US,2027,2027-09-26,Gold Star Mother's Day,,Observance,Gold Star Mother’s Day is annually observed in the United States on the last Sunday of September.
US,2027,2027-09-26,International Day for the Total Elimination of Nuclear Weapons,,United Nations observance,The International Day for the Total Elimination of Nuclear Weapons raises awareness about the dangers of nuclear weapons.
US,2027,2027-09-27,World Tourism Day,,United Nations observance,The United Nations’ (UN) World Tourism Day is annually held on September 27 to raise awareness on the benefits of tourism.
US,2027,2027-09-28,International Day for Universal Access to Information,,United Nations observance,International Day for Universal Access to Information is a United Nations observance in the USA
US,2027,2027-09-28,World Rabies Day,,Worldwide observance,World Rabies Day is annually observed on September 28 to raise awareness about rabies and how it can be prevented.
US,2027,2027-09-29,International Day of Awareness of Food Loss and Waste,,United Nations observance,International Day of Awareness of Food Loss and Waste is a United Nations observance in the USA
US,2027,2027-09-29,World Heart Day,,Worldwide observance,World Heart Day raises awareness of cardiovascular diseases and ways to reduce their risk.
US,2027,2027-09-30,International Translation Day,,United Nations observance,International Translation Day is a United Nations observance in the USA
US,2027,2027-09-30,World Maritime Day,,United Nations observance,"World Maritime Day is held on the last week of September each year, although the exact date is up to individual governments around the world."
US,2027,2027-10-01,International Day of Older Persons,,United Nations observance,The United Nations' (UN) International Day of Older Persons is celebrated on October 1 each year as a special day for older persons worldwide.
US,2027,2027-10-01,World Vegetarian Day,,Worldwide observance,"World Vegetarian Day is an annual observation that spreads awareness about the health, environmental, and ethical benefits of following a vegetarian lifestyle. The unofficial holiday encourages people to avoid eating foods that include animal products and to adopt a plant-based diet."
US,2027,2027-10-02,International Day of Non-Violence,,United Nations observance,The United Nations’ (UN) International Day of Non-Violence is a globally observed on October 2 each year to promote non-violence.
US,2027,2027-10-02,Rosh Hashana,,Hebrew,Rosh Hashanah is the Jewish New Year. Many Jewish-run organizations in the US are closed during the two-day celebration.
US,2027,2027-10-04,Child Health Day,,Observance,Child Health Day is annually celebrated in the United States on the first Monday of October.
US,2027,2027-10-04,Feast of St Francis of Assisi,,Christian,"Many Catholics in the United States, particularly those with pets, celebrate the Feast of St Francis of Assisi, the patron saint of animals and the environment, on October 4 each year."
US,2027,2027-10-04,World Habitat Day,,United Nations observance,The United Nations’ (UN) World Habitat Day reflects on the state of human settlements and people’s right to sufficient shelter.
US,2027,2027-10-05,World Teachers' Day,,United Nations observance,The United Nations' (UN) World Teachers' Day commemorates the work of teachers and their contributions to society. It is observed on October 5 each year.
US,2027,2027-10-06,German American Day,,Observance,German American Day is a observance in the USA
US,2027,2027-10-06,World Cerebral Palsy Day,,Worldwide observance,"World Cerebral Palsy Day is an annual awareness observation that brings together people with cerebral palsy, their families and loved ones, and organizations working to ensure equal rights for them."
US,2027,2027-10-09,Leif Erikson Day,,Observance,Leif Erikson Day honors the first Scandinavian known to have set foot on American soil and the contribution of the Nordic peoples to the United States.
US,2027,2027-10-09,World Migratory Bird Day,,United Nations observance,World Migratory Bird Day is observed the second weekend of May every year.
US,2027,2027-10-09,World Post Day,,United Nations observance,World Post Day marks the anniversary of the Universal Postal Union's establishment in 1874. It is held on October 9 each year.
US,2027,2027-10-10,World Mental Health Day,,United Nations observance,"World Mental Health Day, which is supported by the United Nations (UN), is annually held on October 10 to raise public awareness about mental health issues worldwide."
US,2027,2027-10-11,Columbus Day,,National holiday,Columbus Day celebrates 15th century explorer Christopher Columbus's arrival in America in 1492.
US,2027,2027-10-11,International Day of the Girl Child,,United Nations observance,The International Day of the Girl Child is a United Nations (UN) observance on October 11 each year.
US,2027,2027-10-11,Yom Kippur,,Hebrew,Yom Kippur is an important Jewish holiday that falls on the 10th day of the month of Tishrei in the Jewish calendar.
US,2027,2027-10-13,International Day for Natural Disaster Reduction,,United Nations observance,The United Nations’ (UN) International Day for Natural Disaster Reduction is annually observed on the second Wednesday of October to promote a global culture of natural disaster risk reduction.
US,2027,2027-10-13,Navy Birthday,,Observance,"Navy Birthday celebrates the establishment of the United States Navy on October 13, 1775."
US,2027,2027-10-14,World Sight Day,,Worldwide observance,World Sight Day is annually held on the second Thursday of October to raise awareness about blindness and vision impairment.
US,2027,2027-10-15,Boss's Day,,Observance,"Boss’s Day is observed in many workplaces in the United States on October 16, or the nearest working day, each year."
US,2027,2027-10-15,International Day of Rural Women,,United Nations observance,The United Nations’ (UN) International Day of Rural Women is annually celebrated on October 15 to recognize rural women’s role in supporting their communities.
US,2027,2027-10-15,White Cane Safety Day,,Observance,White Cane Safety Day is a United States observance annually held on October 15 to celebrate blind and visually impaired people's achievements and the importance of the white cane.
US,2027,2027-10-16,First Day of Sukkot,,Hebrew,"The first day of Sukkot marks the start of the Sukkot festival for Jewish communities in many countries, including the United States."
US,2027,2027-10-16,Sweetest Day,,Observance,Sweetest Day is a observance in the USA
US,2027,2027-10-16,World Food Day,,United Nations observance,World Food Day is celebrated on October 16 each year.
US,2027,2027-10-17,International Day for the Eradication of Poverty,,United Nations observance,The United Nations’ (UN) International Day for the Eradication of Poverty is annually observed on October 17 to promote awareness of the need to eradicate poverty worldwide.
US,2027,2027-10-22,Last Day of Sukkot,,Hebrew,"Many Jewish communities in countries such as the United States observe the last day of Sukkot, which marks the end of the Sukkot festival."
US,2027,2027-10-23,Shmini Atzeret,,Hebrew,"Shemini Atzeret (or Shmini Atzeret) is a Jewish holiday dedicated to the love of God, while Simchat Torah (Simchas Torah or Simhat Torah) marks the end of Sukkot and celebrates the completion of the annual reading of the Torah."
US,2027,2027-10-24,Simchat Torah,,Hebrew,Simchat Torah (Simchas Torah or Simhat Torah) is a Jewish holiday that marks the end of Sukkot and celebrates the completion of the annual reading of the Torah.
US,2027,2027-10-24,United Nations Day,,United Nations observance,United Nations Day marks the anniversary of the United Nations Charter coming into force in 1945 and celebrates the work of this organization. United Nations Day annually falls on October 24.
US,2027,2027-10-24,World Development Information Day,,United Nations observance,The United Nations' (UN) World Development Information Day falls on October 24 each year.
US,2027,2027-10-27,World Day for Audiovisual Heritage,,United Nations observance,The World Day for Audiovisual Heritage is observed on October 27 every year.
US,2027,2027-10-29,World Stroke Day,,Worldwide observance,World Stroke Day is annually held on October 29 to raise awareness about stroke and ways to combat it.
US,2027,2027-10-31,Halloween,,Observance,"Halloween is celebrated by hosting costume parties, playing 'trick-or-treat', watching horror films, visiting haunted houses or carving lanterns out of pumpkins."
US,2027,2027-10-31,World Cities Day,,United Nations observance,World Cities Day is a UN observance that aims to recognize the role of cities as  a foundation for social and economic development.
US,2027,2027-11-01,All Saints' Day,,Christian,"Many Catholics honor all the saints on All Saints' Day, also known as All Hallows' Day, in the United States."
US,2027,2027-11-01,First Day of Native American Heritage Month,,Observance,First Day of Native American Heritage Month is a annual monthly observance in the USA
US,2027,2027-11-01,World Vegan Day,,Worldwide observance,World Vegan Day is an annual observation that brings together vegans around the world to bring attention to animal rights and to spread the word about the health advantages of following a vegan diet.
US,2027,2027-11-02,All Souls' Day,,Christian,"Prayers for the dead are made on All Souls’ Day in the United States, which falls on November 2 each year. The Day of the Dead is also celebrated on this day."
US,2027,2027-11-02,Election Day,,Observance,Election Day in the United States of America is the day on which popular ballots are held to select public officials.
US,2027,2027-11-02,International Day to End Impunity for Crimes against Journalists,,United Nations observance,The International Day to End Impunity for Crimes against Journalists raises awareness about violence against journalists.
US,2027,2027-11-05,World Tsunami Awareness Day,,United Nations observance,World Tsunami Awareness Day is a United Nations observance in the USA
US,2027,2027-11-06,International Day for Preventing the Exploitation of the Environment in War and Armed Conflict,,United Nations observance,The United Nations’ (UN) International Day for Preventing the Exploitation of the Environment in War and Armed Conflict is held on November 6 each year.
US,2027,2027-11-07,New York City Marathon,,Sporting event,The New York City Marathon is one of the world's largest marathons and takes place every year in November.
US,2027,2027-11-10,Marine Corps Birthday,,Observance,"Marine Corps Birthday celebrates the establishment of the United States Marine Corps on November 10, 1775."
US,2027,2027-11-10,World Science Day for Peace and Development,,United Nations observance,The World Science Day for Peace and Development (WSDPD) is celebrated on November 10 each year.
US,2027,2027-11-11,Singles’ Day,,Worldwide observance,
US,2027,2027-11-11,Veterans Day,,National holiday,Veterans Day in the USA is a holiday to honor all who have served in the United States Military Services.
US,2027,2027-11-12,World Pneumonia Day,,Worldwide observance,"World Pneumonia Day supports all efforts made to protect and treat people against pneumonia, the single largest cause of child deaths worldwide."
US,2027,2027-11-14,World Diabetes Day,,United Nations observance,World Diabetes Day is held annually to raise awareness of diabetes and its complications and the care that people with this condition need. It is observed on November 14 each year.
US,2027,2027-11-16,International Day for Tolerance,,United Nations observance,The United Nations’ (UN) International Day for Tolerance is observed on November 16 each year to help people understand the importance of tolerance worldwide.
US,2027,2027-11-17,World Prematurity Day,,Worldwide observance, World Prematurity Day is an annual observance that is dedicated to raising awareness about the health and emotional issues surrounding preterm birth.
US,2027,2027-11-18,World Philosophy Day,,United Nations observance,World Philosophy Day is celebrated on the third Thursday of November each year.
US,2027,2027-11-19,Fake Friday,,Worldwide observance,"Many early-bird shoppers look for bargains on Fake Friday to get ahead of the crowds in stores on Black Friday, observed a week later."
US,2027,2027-11-19,International Men's Day,,Worldwide observance,International Men’s Day celebrates men's achievements worldwide and throughout history.
US,2027,2027-11-19,World Toilet Day,,United Nations observance,World Toilet Day aims to promote public awareness of the need for adequate toilets to improve people’s health and save lives.
US,2027,2027-11-20,Africa Industrialization Day,,United Nations observance,Africa Industrialization Day aims to stimulate the international community's commitment to the industrialization of Africa.
US,2027,2027-11-20,Transgender Day of Remembrance,,Worldwide observance,Transgender Day of Remembrance is a worldwide observance in the USA
US,2027,2027-11-20,Universal Children's Day,,United Nations observance,The United Nations' (UN) Universal Children's Day is an occasion to promote the welfare of children and an understanding between children all over the world. It is held on November 20 each year
US,2027,2027-11-21,World Day of Remembrance for Road Traffic Victims,,United Nations observance,The World Day of Remembrance for Road Traffic Victims serves as a major advocacy day for road traffic injury prevention.
US,2027,2027-11-21,World Television Day,,United Nations observance,The United Nations’ (UN) World Television Day is globally celebrated on November 21 each year.
US,2027,2027-11-25,International Day for the Elimination of Violence against Women,,United Nations observance,The United Nations' (UN) International Day for the Elimination of Violence against Women raises public awareness of violence against women in all countries around the world and at all levels of society. It is observed each year on November 25.
US,2027,2027-11-25,Thanksgiving Day,,National holiday,Thanksgiving Day in the United States is traditionally a holiday to give thanks for the food collected at the end of the harvest season.
US,2027,2027-11-26,Black Friday,,Observance,Black Friday is the day after Thanksgiving Day in the USA. It is a busy shopping day and is a holiday in some states.
US,2027,2027-11-26,Native American Heritage Day,,Observance,Native American Heritage Day is a observance in the USA
US,2027,2027-11-28,First Sunday of Advent,,Christian,"Many Christians in the United States observe the first Sunday of Advent, which marks the start of the Christian year."
US,2027,2027-11-29,Cyber Monday,,Observance,Most online retailers in the US offer discounted prices on their products and services on Cyber Monday.
US,2027,2027-11-29,International Day of Solidarity with the Palestinian People,,United Nations observance,The United Nations’ (UN) International Day of Solidarity with the Palestinian People is annually observed on November 29.
US,2027,2027-11-30,Day of Remembrance for all Victims of Chemical Warfare,,United Nations observance,The UN’s Day of Remembrance for all Victims of Chemical Warfare is annually observed on April 29.
US,2027,2027-11-30,Giving Tuesday,,Worldwide observance,
US,2027,2027-11-30,Giving Tuesday,,Observance,The first Tuesday after Thanksgiving has been dubbed “Giving Tuesday” by charities.
US,2027,2027-12-01,World AIDS Day,,United Nations observance,The United Nations' (UN) World AIDS Day is annually observed on December 1.
US,2027,2027-12-02,International Day for the Abolition of Slavery,,United Nations observance,The United Nations’ (UN) International Day for the Abolition of Slavery is annually observed on December 2.
US,2027,2027-12-03,International Day of Persons with Disabilities,,United Nations observance,The United Nations' (UN) International Day of Persons with Disabilities is annually observed on December 3 to re-affirm and draw attention to the rights of people who live with disabilities.
US,2027,2027-12-04,International Day of Banks,,United Nations observance,International Day of Banks is a United Nations observance in the USA
US,2027,2027-12-05,International Volunteer Day for Economic and Social Development,,United Nations observance,"The United Nations’ (UN) International Volunteer Day for Economic and Social Development, also known as International Volunteer Day (IVD), is observed on December 5 each year."
US,2027,2027-12-05,World Soil Day,,United Nations observance,World Soil Day raises awareness of why soil is needed for sustainable living.
US,2027,2027-12-06,St Nicholas Day,,Observance,Some churches in the United States recognize St Nicholas' Day as a feast day.
US,2027,2027-12-07,International Civil Aviation Day,,United Nations observance,International Civil Aviation Day is observed globally on December 7 each year. It is observed by organizations such as the International Civil Aviation Organization (ICAO).
US,2027,2027-12-07,Pearl Harbor Remembrance Day,,Observance,"National Pearl Harbor Remembrance Day remembers those who died or were injured when Pearl Harbor, in Hawaii, was attacked in 1941."
US,2027,2027-12-08,Feast of the Immaculate Conception,,Christian,The Feast of the Immaculate Conception is a Christian observance on December 8 each year.
US,2027,2027-12-09,International Anti-Corruption Day,,United Nations observance,The United Nations’ (UN) International Anti-Corruption Day is annually observed on December 9 to raise public awareness of corruption and ways to fight it.
US,2027,2027-12-09,World Genocide Commemoration Day,,United Nations observance,World Genocide Commemoration Day is a UN holiday dedicated to the victims of genocide.
US,2027,2027-12-10,Human Rights Day,,United Nations observance,Human Rights Day marks the anniversary of when the Universal Declaration of Human Rights was proclaimed.
US,2027,2027-12-11,International Mountain Day,,United Nations observance,"The United Nations' (UN) International Mountain Day is an occasion to help raise awareness of the people who live in mountainous regions and the role that these regions play in providing food, water, and recreation. It is observed on December 11 each year."
US,2027,2027-12-12,Feast of Our Lady of Guadalupe,,Christian,"The Feast of Our Lady Guadalupe, in honor of Jesus’ mother Mary, is a Catholic observance in the United States."
US,2027,2027-12-12,International Day of Neutrality,,United Nations observance,International Day of Neutrality is a United Nations observance in the USA
US,2027,2027-12-12,International Universal Health Coverage Day,,United Nations observance,International Universal Health Coverage Day is a United Nations observance in the USA
US,2027,2027-12-13,Green Monday,,Worldwide observance,The last Monday at least ten days before Christmas has been dubbed “Green Monday” by online marketers.
US,2027,2027-12-13,National Guard Birthday,,Observance,National Guard Birthday is a observance in the USA
US,2027,2027-12-15,Bill of Rights Day,,Observance,Bill of Rights Day is a observance in the USA
US,2027,2027-12-17,Pan American Aviation Day,,Observance,"December 17 marks Pan American Aviation Day, which is annually observed in the United States."
US,2027,2027-12-17,Wright Brothers Day,,Observance,The Wright Brothers Day is annually celebrated in the United States on December 17 to commemorate the historic flight made by Orville and Wilbur Wright on that date in 1903.
US,2027,2027-12-18,Arabic Language Day,,United Nations observance,World Arabic Language Day is a United Nations (UN) observance that celebrates one of the organization’s 6 official languages – Arabic.
US,2027,2027-12-18,International Migrants Day,,United Nations observance,The United Nations (UN) International Migrants Day is celebrated on December 18 each year.
US,2027,2027-12-18,Super Saturday,,Worldwide observance,"The final Saturday before Christmas has become a very popular shopping day in the US, earning the nickname Super Saturday."
US,2027,2027-12-20,International Human Solidarity Day,,United Nations observance,The United Nations' (UN) International Human Solidarity Day is celebrated on December 20 each year to raise public awareness on the importance of solidarity in fighting poverty.
US,2027,2027-12-24,Christmas Day (substitute),,"National holiday, Christian",Christmas Day celebrates Jesus Christ's birth.
US,2027,2027-12-24,Christmas Day (substitute),,"Local holiday, Christian",Christmas Day celebrates Jesus Christ's birth.
US,2027,2027-12-24,Christmas Eve,,"Observance, Christian",Christmas Eve in the United States is on December 24 each year.
US,2027,2027-12-25,Chanukah/Hanukkah (first day),,Hebrew,"The first day of Hanukkah is the start of the Hanukkah period, which lasts for eight days, from the 25th day of the month of Kislev to the second day of Tevet in the Hebrew calendar."
US,2027,2027-12-25,Christmas Day,,"Local holiday, Christian",Christmas Day celebrates Jesus Christ's birth.
US,2027,2027-12-25,Christmas Day,,"National holiday, Christian",Christmas Day celebrates Jesus Christ's birth.
US,2027,2027-12-26,Isra and Mi'raj,,Muslim,"Isra and Mi'raj (Isra Me'raj, Israa and Mi'raaj, Laylat Al-Isra wa Al-Miraj, Lailat al Miraj, Night Journey and Ascension to Heaven) marks the night when the Prophet Mohammad traveled from Mecca to Jerusalem, ascended to heaven and returned."
US,2027,2027-12-26,Kwanzaa (first day),,Observance,"Kwanzaa is a week-long holiday honoring the culture and traditions of African people and their descendants worldwide, especially in the United States."
US,2027,2027-12-27,Christmas Day (substitute),,"Local holiday, Christian",Christmas Day celebrates Jesus Christ's birth.
US,2027,2027-12-27,International Day of Epidemic Preparedness,,United Nations observance,International Day of Epidemic Preparedness is a United Nations observance in the USA
US,2027,2027-12-31,New Year's Day (substitute),,National holiday,"New Year's Day is the first day of the Gregorian calendar, which is widely used in many countries such as the USA."
US,2027,2027-12-31,New Year's Eve,,Observance,New Year's Eve is the last day of the year in the Gregorian calendar. Many parties to welcome the New Year are held in in the United States on New Year's Eve.
US,2028,2028-01-01,Last Day of Chanukah,,Hebrew,"The last day of Hanukkah marks the end of a festive Jewish occasion, known as Hanukkah or Chanukah."
US,2028,2028-01-01,New Year's Day,,National holiday,"New Year's Day is the first day of the Gregorian calendar, which is widely used in many countries such as the USA."
US,2028,2028-01-04,World Braille Day,,United Nations observance,"World Braille Day celebrates the life and achievements of Louis Braille, who invented the braille code for the visually impaired."
US,2028,2028-01-06,Epiphany,,Christian,"Many people in the United States annually observe Epiphany, or Three Kings’ Day, on January 6. It is a Christian observance and a public holiday in the US Virgin Islands."
US,2028,2028-01-07,International Programmers' Day,,Worldwide observance,"Many people celebrate International Programmers’ Day on January 7, while others observe this event on the 256th day of the year, usually on September 13 or on September 12 in leap years."
US,2028,2028-01-07,Orthodox Christmas Day,,Orthodox,Many Orthodox Christian churches in countries such as the United States observe Christmas Day on or near January 7 in the Gregorian calendar.
US,2028,2028-01-09,Asarah B'Tevet,,Hebrew,Asarah B'Tevet is a Jewish holiday in the USA
US,2028,2028-01-13,Stephen Foster Memorial Day,,Observance,"Stephen Foster Memorial Day is annually observed in the United States on January 13. The day remembers the achievements of Stephen Foster, who is known as the “father of American music”."
US,2028,2028-01-14,Orthodox New Year,,Orthodox,Many Orthodox Christian churches in countries such as the United States celebrate New Year’s Day on January 14 in the Gregorian calendar.
US,2028,2028-01-16,World Religion Day,,Worldwide observance,World Religion Day fosters interfaith dialogue and understanding of all religions.
US,2028,2028-01-17,Martin Luther King Jr. Day,,National holiday,Martin Luther King Day marks the anniversary of the date of birth of the influential American civil right leader of the same name.
US,2028,2028-01-24,International Day of Education,,United Nations observance,International Day of Education is a United Nations observance in the USA
US,2028,2028-01-26,International Customs Day,,Worldwide observance,International Customs Day celebrates custom personnel and agencies worldwide.
US,2028,2028-01-26,Lunar New Year,,Observance,Lunar New Year marks the first day of the New Year in the Chinese calendar.
US,2028,2028-01-27,International Day of Commemoration in Memory of the Victims of the Holocaust,,United Nations observance,The United Nations' (UN) International Day of Commemoration in Memory of the Victims of the Holocaust remembers those who died and suffered during the Holocaust before and during World War II. It is on January 27 each year.
US,2028,2028-01-28,Ramadan Starts,,Muslim,"Many Muslims in the United States fast in the hours of daylight during Ramadan, the ninth month in the Islamic calendar."
US,2028,2028-01-30,World Leprosy Day,,Worldwide observance,"World Leprosy Day brings awareness of leprosy, also known as Hansen's disease, and ways to prevent the disease."
US,2028,2028-02-01,First Day of Black History Month,,Observance,First Day of Black History Month is a annual monthly observance in the USA
US,2028,2028-02-01,National Freedom Day,,Observance,National Freedom Day in the United States is observed on February 1 each year.
US,2028,2028-02-02,Groundhog Day,,Observance,Many people in the United States observe Groundhog Day on February 2.
US,2028,2028-02-02,National Girls and Women in Sports Day,,Observance,National Girls and Women in Sports Day is a observance in the USA
US,2028,2028-02-02,World Wetlands Day,,Worldwide observance,World Wetlands Day raises awareness about the important role that the wetlands play in the environment and in our lives.
US,2028,2028-02-04,International Day of Human Fraternity,,United Nations observance,International Day of Human Fraternity is a United Nations observance in the USA
US,2028,2028-02-04,National Wear Red Day,,Observance,National Wear Red Day® raises public awareness of heart disease in women and ways to avoid and combat this problem.
US,2028,2028-02-04,World Cancer Day,,Worldwide observance,World Cancer Day is an annual global event on February 4 to raise people’s awareness of cancer.
US,2028,2028-02-06,International Day of Zero Tolerance for Female Genital Mutilation,,United Nations observance,The International Day of Zero Tolerance for Female Genital Mutilation is an awareness campaign to end a harmful practice that violates girls’ and women’s rights.
US,2028,2028-02-10,World Pulses Day,,United Nations observance,World Pulses Day is a United Nations observance in the USA
US,2028,2028-02-11,International Day of Women and Girls in Science,,United Nations observance,The International Day of Women and Girls in Science is a UN holiday to recognize the critical role women and girls play in science and technology communities.
US,2028,2028-02-11,World Day of the Sick,,Worldwide observance,World Day of the Sick is a global event when people remember or pray for the sick.
US,2028,2028-02-12,Tu Bishvat/Tu B'Shevat,,Hebrew,"Tu B’Shevat, known as the “New Year for Trees”, is a Jewish festival similar to Arbor Day."
US,2028,2028-02-13,Super Bowl,,Sporting event,The Super Bowl is the championship game of the National Football League (NFL) in the United States. It is played every year in February.
US,2028,2028-02-13,World Radio Day,,United Nations observance,World Radio Day is an annual United Nations (UN) event that promotes the importance of the radio in communicating information worldwide.
US,2028,2028-02-14,Valentine's Day,,Observance,Valentine's Day is an occasion to celebrate romantic love.
US,2028,2028-02-20,World Day of Social Justice,,United Nations observance,"The United Nations' (UN) World Day of Social Justice promotes poverty eradication, full employment and social integration. It is on February 20 each year."
US,2028,2028-02-21,International Mother Language Day,,United Nations observance,The United Nations' (UN) International Mother Language Day is annually held on February 21 to celebrate languages spoken worldwide. It also observes the human right to use these languages.
US,2028,2028-02-21,Presidents' Day,,National holiday,"Washington's Birthday, or Presidents' Day, honors the life and work of the first president of the United States, George Washington."
US,2028,2028-02-22,Lailat al-Qadr,,Muslim,Laylat al Qadr is most likely to be held on one of the last 10 days of month of Ramadan in the Islamic calendar.
US,2028,2028-02-27,Eid al-Fitr,,Muslim,"Eid al-Fitr is a holiday to mark the end of the Islamic month of Ramadan, during which Muslims fast during the hours of daylight."
US,2028,2028-02-29,Leap Day,,Worldwide observance,"Leap Day, February 29, usually occurs every 4 years and is part of a Leap Year, which is 366 days."
US,2028,2028-02-29,Shrove Tuesday/Mardi Gras,,"Observance, Christian","Shrove Tuesday is traditionally known as the day prior to Lent but it also serves as a day of celebration, known as Mardi Gras."
US,2028,2028-03-01,Ash Wednesday,,Christian,"Ash Wednesday is a Christian observance that marks the first day of Lent, which is prior to Easter."
US,2028,2028-03-01,First Day of Irish American Heritage Month,,Observance,First Day of Irish American Heritage Month is a annual monthly observance in the USA
US,2028,2028-03-01,First Day of Women's History Month,,Observance,First Day of Women's History Month is a annual monthly observance in the USA
US,2028,2028-03-01,Self-Injury Awareness Day,,Worldwide observance,
US,2028,2028-03-01,St. David's Day,,"Observance, Christian","Many Welsh communities in the United States celebrate the life of their patron saint, St David, and their links with Wales on St David’s Day."
US,2028,2028-03-01,Zero Discrimination Day,,United Nations observance,"Discrimination Day highlights the negative impacts of discrimination and promotes tolerance, compassion and peace."
US,2028,2028-03-02,Read Across America Day,,Observance,Read Across America Day is observed in the United States on March 2 each year.
US,2028,2028-03-03,Employee Appreciation Day,,Observance,"Employee Appreciation Day is a US unofficial observance that recognizes and appreciates employees in all industries, aimed at helping employers keep their staff."
US,2028,2028-03-03,World Wildlife Day,,United Nations observance,"World Wildlife Day celebrates all flora and fauna, including animals, on Earth."
US,2028,2028-03-08,International Women's Day,,United Nations observance,International Women’s Day celebrates women’s achievements worldwide and throughout history.
US,2028,2028-03-09,World Kidney Day,,Worldwide observance,World Kidney Day is an annual observation that attempts to raise global awareness about the importance of kidney health and tries to bring attention to the unique challenges faced by those who suffer from Chronic Kidney Disease.
US,2028,2028-03-10,International Day of Women Judges,,United Nations observance,International Day of Women Judges is a United Nations observance in the USA
US,2028,2028-03-12,Purim,,Hebrew,"Purim commemorates a time when Jewish people were saved from death around the fourth century BCE, according to the Book of Esther."
US,2028,2028-03-15,Long Covid Awareness Day,,Worldwide observance,Long Covid Awareness Day is a worldwide observance in the USA
US,2028,2028-03-17,St. Patrick's Day,,"Observance, Christian","St Patrick's Day marks the life and deeds of St Patrick, one of Ireland's patron saints. It is an Irish-American celebration in the USA."
US,2028,2028-03-20,French Language Day,,United Nations observance,French Language Day is a United Nations observance in the USA
US,2028,2028-03-20,International Day of Happiness,,United Nations observance,International Day of Happiness aims to promote the idea that the pursuit of happiness is universal.
US,2028,2028-03-21,International Day for the Elimination of Racial Discrimination,,United Nations observance,The United Nations’ (UN) International Day for the Elimination of Racial Discrimination is annually observed on March 21.
US,2028,2028-03-21,International Day of Forests,,United Nations observance,"International Day of Forests raises awareness on forests and trees, including their role in climate change."
US,2028,2028-03-21,International Day of Nowruz,,United Nations observance,"The UN’s International Day of Nowruz, also known as Nowruz, No-Ruz, No-Rooz or No Ruz, is observed on March 21 each year."
US,2028,2028-03-21,World Down Syndrome Day,,United Nations observance,World Down Syndrome Day is held on March 21 every year.
US,2028,2028-03-21,World Poetry Day,,United Nations observance,World Poetry Day celebrates poetry around the world on March 21 each year.
US,2028,2028-03-22,World Water Day,,United Nations observance,World Water Day aims to increase people's awareness of the water's importance in all aspects of life.
US,2028,2028-03-23,World Meteorological Day,,United Nations observance,"World Meteorological Day marks the anniversary of the World Meteorological Organization's establishment on March 23, 1950."
US,2028,2028-03-24,International Day for the Right to the Truth concerning Gross Human Rights Violations and for the Dignity of Victims,,United Nations observance,March 24 is the UN’s International Day for the Right to the Truth concerning Gross Human Rights Violations and for the Dignity of Victims
US,2028,2028-03-24,World Tuberculosis Day,,United Nations observance,World Tuberculosis Day is annually held on March 24 to raise awareness of tuberculosis and ways to eradicate the disease.
US,2028,2028-03-25,Earth Hour,,Worldwide observance,Earth Hour is an annual event in which many people worldwide turn their lights off on the last Saturday in March.
US,2028,2028-03-25,International Day of Remembrance of Slavery Victims and the Transatlantic Slave Trade,,United Nations observance,"The International Day of Remembrance of the Victims of Slavery and the Transatlantic Slave Trade remembers the lives of Africans who were forced into slavery in North, Central and South America."
US,2028,2028-03-25,International Day of Solidarity with Detained and Missing Staff Members,,United Nations observance,The UN’s International Day of Solidarity with Detained and Missing Staff Members is annually held on March 25.
US,2028,2028-03-29,National Vietnam War Veterans Day,,Observance,National Vietnam War Veterans Day is an US observance to honor US military members who served during the Vietnam War.
US,2028,2028-03-30,Doctors' Day,,Observance,Doctors' Day is a observance in the USA
US,2028,2028-03-31,International Transgender Day of Visibility,,Worldwide observance,International Transgender Day of Visibility is a worldwide observance in the USA
US,2028,2028-04-01,April Fool's Day,,Worldwide observance,"April Fool's Day, on April 1, is a day to play practical jokes and tricks."
US,2028,2028-04-02,World Autism Awareness Day,,United Nations observance,"World Autism Awareness Day raises an awareness of issues surrounding people, particularly children, with autism worldwide."
US,2028,2028-04-04,United Nations' Mine Awareness Day,,United Nations observance,The United Nations' International Day for Mine Awareness and Assistance in Mine Action is annually observed on April 4.
US,2028,2028-04-05,International Day of Conscience,,United Nations observance,International Day of Conscience is a United Nations observance in the USA
US,2028,2028-04-06,International Day of Sport for Development and Peace,,United Nations observance,The International Day of Sport for Development and Peace aims to bring goodwill and positive social outcomes through sporting achievements.
US,2028,2028-04-06,National Tartan Day,,Observance,National Tartan Day is annually observed on April 6 to honor the major role that Scottish Americans played in the founding of the United States of America.
US,2028,2028-04-07,Day of Remembrance of the Victims of the Rwanda Genocide,,United Nations observance,The UN’s Day of Remembrance of the Victims of the Rwanda Genocide is observed on April 7 each year.
US,2028,2028-04-07,United Nations' World Health Day,,United Nations observance,"The World Health Organization, the United Nations' the directing and coordinating authority for health, annually highlights one of its priorities for global health on World Health Day."
US,2028,2028-04-09,Palm Sunday,,Christian,Palm Sunday in the United States celebrates Jesus Christ’s entry into Jerusalem. It is also the Sunday before Easter Sunday.
US,2028,2028-04-10,Passover Eve,,Hebrew,Passover Eve is a Jewish holiday in the USA
US,2028,2028-04-11,National Library Workers' Day,,Observance,"National Library Workers’ Day recognizes the efforts and achievements that librarians make to give Americans access to information via books, computers and other media."
US,2028,2028-04-11,Passover (first day),,Hebrew,Passover marks the Israelites' liberation from slavery and their exodus from Egypt around 3000 years ago.
US,2028,2028-04-12,International Day of Human Space Flight,,United Nations observance,The UN’s International Day of Human Space Flight is annually held on April 12.
US,2028,2028-04-13,Maundy Thursday,,Christian,"Maundy Thursday, which is also known as Holy Thursday, is the day before Good Friday."
US,2028,2028-04-13,Thomas Jefferson's Birthday,,Observance,Americans celebrate president Thomas Jefferson's Birthday on April 13.
US,2028,2028-04-14,Good Friday,,"Local holiday, Christian",Good Friday commemorates Jesus Christ's crucifixion.
US,2028,2028-04-14,Orthodox Good Friday,,Orthodox,Many Orthodox Christians in the United States remember the events leading up to Jesus Christ's crucifixion on Great Friday.
US,2028,2028-04-14,World Chagas Disease Day,,United Nations observance,World Chagas Disease Day is a United Nations observance in the USA
US,2028,2028-04-15,Holy Saturday,,Christian,Holy Saturday is the day before Easter Sunday in the United States.
US,2028,2028-04-15,Orthodox Holy Saturday,,Orthodox,Many Orthodox Christians in the United States remember Jesus Christ’s burial and his descent into Hades on Holy Saturday.
US,2028,2028-04-15,World Art Day,,Worldwide observance,World Art Day is a worldwide observance in the USA
US,2028,2028-04-16,Easter Sunday,,"Observance, Christian","Easter Sunday is an important day in the Christian church calendar because it celebrates Jesus Christ's resurrection, according to Christian belief."
US,2028,2028-04-16,Orthodox Easter,,Orthodox,"Many Orthodox Christians in the United States mark Easter Sunday, also known as Pascha, as the day Jesus Christ was resurrected, according to the Christian bible."
US,2028,2028-04-17,Boston Marathon,,Sporting event,Boston Marathon is one of the world's oldest yearly marathon. It is held annually on Patriot's Day in the month of April.
US,2028,2028-04-17,Easter Monday,,"Observance, Christian",Easter Monday is the day after Easter Sunday. It is not a federal holiday in the United States of America (USA).
US,2028,2028-04-17,Orthodox Easter Monday,,Orthodox,Many Orthodox churches in the United States observe Easter Monday on the day after the Orthodox Easter Sunday date.
US,2028,2028-04-18,International Day for Monuments and Sites,,Worldwide observance,The International Day for Monuments and Sites raises awareness on preserving and conserving historical and archeological heritage sites.
US,2028,2028-04-18,Last Day of Passover,,Hebrew,"The last day of Passover marks the end of the Passover period, which lasts for seven or eight days."
US,2028,2028-04-18,Tax Day,,Observance,Tax Day is the deadline for United States residents to file details of their income to the Internal Revenue Service (IRS) so that their liability for income tax can be assessed.
US,2028,2028-04-20,Chinese Language Day,,United Nations observance,Chinese Language Day is a United Nations observance that celebrates one of the organization’s 6 official languages – Chinese.
US,2028,2028-04-21,World Creativity and Innovation Day,,United Nations observance,World Creativity and Innovation Day is a United Nations observance in the USA
US,2028,2028-04-22,Earth Day,,United Nations observance,The United Nations' International Mother Earth Day promotes environmental awareness and calls for the protection of our planet.
US,2028,2028-04-23,English Language Day,,United Nations observance,"English Language Day promotes the history, culture and accomplishments of the English language."
US,2028,2028-04-23,World Book and Copyright Day,,United Nations observance,World Book and Copyright Day is an occasion to celebrate the contribution of books and authors to our global culture and the connection between copyright and books.
US,2028,2028-04-23,World Spanish Language Day,,United Nations observance,World Spanish Language Day is a United Nations observance in the USA
US,2028,2028-04-24,International Day of Multilateralism and Diplomacy for Peace,,United Nations observance,International Day of Multilateralism and Diplomacy for Peace is a United Nations observance in the USA
US,2028,2028-04-24,Yom HaShoah,,Hebrew,Many people in the United States observe Yom Hashoah by remembering Holocaust victims who died during World War II.
US,2028,2028-04-25,International Delegate's Day,,United Nations observance,International Delegate's Day is a United Nations observance in the USA
US,2028,2028-04-25,World Malaria Day,,United Nations observance,World Malaria Day is annually observed on April 25 to promote efforts that provide effective control of malaria worldwide.
US,2028,2028-04-26,Administrative Professionals Day,,Observance,Administrative Professionals Day® is on the Wednesday of the last full week of April. It remembers the important role of administrative professionals.
US,2028,2028-04-26,International Chernobyl Disaster Remembrance Day,,United Nations observance,International Chernobyl Disaster Remembrance Day is a UN holiday designed to raise awareness of the consequences of the 1986 nuclear accident.
US,2028,2028-04-26,World Intellectual Property Day,,United Nations observance,World Intellectual Property Day is annually held on April 26 to increase awareness and understanding of intellectual property worldwide.
US,2028,2028-04-27,International Girls in ICT Day,,United Nations observance,International Girls in ICT Day is a United Nations observance in the USA
US,2028,2028-04-27,Take our Daughters and Sons to Work Day,,Observance,Take our Daughters and Sons to Work Day is a observance in the USA
US,2028,2028-04-28,World Day for Safety and Health at Work,,United Nations observance,The World Day for Safety and Health at Work is observed on April 28 each year.
US,2028,2028-04-30,International Jazz Day,,United Nations observance,"International Jazz Day recognizes the historical, cultural, and educational contribution of jazz."
US,2028,2028-05-01,First Day of Asian Pacific American Heritage Month,,Observance,First Day of Asian Pacific American Heritage Month is a annual monthly observance in the USA
US,2028,2028-05-01,First Day of Jewish American Heritage Month,,Observance,First Day of Jewish American Heritage Month is a annual monthly observance in the USA
US,2028,2028-05-01,First Day of Military Appreciation Month,,Observance,First Day of Military Appreciation Month is a annual monthly observance in the USA
US,2028,2028-05-01,Law Day,,Observance,Law Day in the United States is annually held on May 1.
US,2028,2028-05-01,Loyalty Day,,Observance,Loyalty Day is a special day for people to reaffirm their loyalty to the United States and to recognize the heritage of American freedom.
US,2028,2028-05-02,National Teacher Appreciation Day,,Observance,National Teacher Appreciation Day is a observance in the USA
US,2028,2028-05-02,World Tuna Day,,United Nations observance,World Tuna Day is a UN holiday designed to raise awareness of the global importance of tuna.
US,2028,2028-05-02,Yom Ha'atzmaut,,Hebrew,"Many Jewish communities in the United States celebrate Yom Ha’Atzmaut, which is Israel’s Independence Day, on the fifth day of the month of Iyar in the Jewish calendar."
US,2028,2028-05-03,World Press Freedom Day,,United Nations observance,World Press Freedom Day focuses on the importance of the freedom of the press and freedom of expression.
US,2028,2028-05-04,National Day of Prayer,,Observance,"National Day of Prayer is held on the first Thursday of May each year, inviting Americans of all faiths to pray for the country and its leaders."
US,2028,2028-05-05,Cinco de Mayo,,Observance,"'Cinco de Mayo' means ""Fifth of May"" in Spanish and is a festival of Mexican pride and heritage."
US,2028,2028-05-05,Eid al-Adha,,Muslim,"For more than 3 millions Muslims in the US, Eid al-Adha, the Festival of Sacrifice, is one of the most important dates in the calendar."
US,2028,2028-05-05,Kentucky Oaks,,Sporting event,The Kentucky Oaks is a rade 1 Stakes horse race held annually on the Friday before the Kentucky Derby in May.
US,2028,2028-05-05,World Portuguese Language Day,,United Nations observance,World Portuguese Language Day is a United Nations observance in the USA
US,2028,2028-05-06,Kentucky Derby,,Sporting event,"Kentucky Derby is a Grade I Stakes horse race held annually in Louisville, Kentucky in May."
US,2028,2028-05-06,National Explosive Ordnance Disposal (EOD) Day,,Observance,National Explosive Ordnance Disposal (EOD) Day is an occasion to remember those serving the profession of explosive ordnance disposal in the United States Armed Forces.
US,2028,2028-05-06,National Nurses Day,,Observance,National Nurses Day is an occasion to honor the work of nurses.
US,2028,2028-05-07,International Family Equality Day,,Worldwide observance,International Family Equality Day is a worldwide observance in the USA
US,2028,2028-05-08,Time of Remembrance and Reconciliation for Those Who Lost Their Lives during the Second World War,,United Nations observance,"The United Nations’ (UN) Time of Remembrance and Reconciliation for Those Who Lost Their Lives during the Second World War is annually held over two days, from May 8-9."
US,2028,2028-05-08,Victory in Europe Day,,Observance,Victory in Europe Day is a observance in the USA
US,2028,2028-05-08,World Ovarian Cancer Day,,Worldwide observance,World Ovarian Cancer Day aims to spread global awareness about ovarian cancer.
US,2028,2028-05-08,World Red Cross and Red Crescent Day,,Worldwide observance,World Red Cross and Red Crescent Day is a worldwide observance in the USA
US,2028,2028-05-10,International Day of Argania,,United Nations observance,International Day of Argania is a United Nations observance in the USA
US,2028,2028-05-12,International Nurses Day,,Worldwide observance,International Nurses Day focuses on the critical contribution of nurses around the world in maintaining public health.
US,2028,2028-05-12,Military Spouse Appreciation Day,,Observance,Appreciate and thank all the military spouses and partners you know on Military Spouse Appreciation Day.
US,2028,2028-05-13,World Migratory Bird Day,,United Nations observance,World Migratory Bird Day is observed the second weekend of May every year.
US,2028,2028-05-14,Lag BaOmer,,Hebrew,Many Jewish Americans observe Lag B’Omer on the 18th day of the month of Iyar in the Jewish calendar.
US,2028,2028-05-14,Mother's Day,,Observance,Mother's Day celebrates the role of mothers and mother figures.
US,2028,2028-05-15,International Day of Families,,United Nations observance,"The International Day of Families is an occasion to celebrate the importance of families to people, societies and cultures around the world."
US,2028,2028-05-15,Peace Officers Memorial Day,,Observance,"Peace Officers Memorial Day is held annually in the United States on May 15 in honor of federal, state and local officers killed or disabled in the line of duty."
US,2028,2028-05-16,International Day of Light,,United Nations observance,International Day of Light is a United Nations observance in the USA
US,2028,2028-05-16,International Day of Living Together in Peace,,United Nations observance,International Day of Living Together in Peace is a United Nations observance in the USA
US,2028,2028-05-17,World Telecommunication and Information Society Day,,United Nations observance,World Information Society Day is celebrated each year to raise awareness of how information and communication can be beneficial for societies and economies.
US,2028,2028-05-19,National Defense Transportation Day,,Observance,National Defense Transportation Day occurs annually in the United States on the third Friday of May.
US,2028,2028-05-20,Armed Forces Day,,Observance,Armed Forces Day is a national observance in the United States on the third Saturday of May each year.
US,2028,2028-05-20,Preakness Stakes,,Sporting event,The Preakness Stakes is the second event in the Triple Crown and is annually held two weeks after the Kentucky Derby.
US,2028,2028-05-20,World Autoimmune / Autoinflammatory Arthritis Day,,Worldwide observance,World Autoimmune / Autoinflammatory Arthritis Day is a worldwide observance in the USA
US,2028,2028-05-20,World Bee Day,,United Nations observance,World Bee Day is a United Nations observance in the USA
US,2028,2028-05-21,International Tea Day,,United Nations observance,International Tea Day is a United Nations observance in the USA
US,2028,2028-05-21,World Day for Cultural Diversity for Dialogue and Development,,United Nations observance,"The World Day for Cultural Diversity for Dialogue and Development, held on May 21, is an occasion for people to deepen their understanding of cultural diversity."
US,2028,2028-05-22,International Day for Biological Diversity,,United Nations observance,The International Day for Biological Diversity is an occasion to increase the global understanding and awareness of issues and challenges around biodiversity.
US,2028,2028-05-22,National Maritime Day,,Observance,"National Maritime Day is annually observed in the United States on May 22. It is a time to observe its maritime heritage, to honor those who served as merchant mariners, and to recognize the benefits of the maritime industry."
US,2028,2028-05-23,International Day to End Obstetric Fistula,,United Nations observance,The International Day to End Obstetric Fistula raises awareness of fistula and calls for support to tackle the problem.
US,2028,2028-05-24,Emergency Medical Services for Children Day,,Observance,"Emergency Medical Services for Children (EMSC) Day is observed on the Wednesday of Emergency Medical Services (EMS) Week, May 19–25, in the United States."
US,2028,2028-05-25,African Liberation Day,,Worldwide observance,African Liberation Day celebrates African nations' hard-fought freedom from European colonial powers.
US,2028,2028-05-25,Ascension Day,,Christian,Ascension Day is the 40th day of Easter and commemorates the ascension of Jesus Christ into heaven.
US,2028,2028-05-25,Muharram,,Muslim,"The first day of Muharram, which is the first month in the Islamic calendar, marks the start of the Islamic New Year."
US,2028,2028-05-25,National Missing Children's Day,,Observance,National Missing Children's Day is an observation dedicated to addressing the problem of child abduction.
US,2028,2028-05-29,International Day of United Nations Peacekeepers,,United Nations observance,The International Day of United Nations Peacekeepers is an occasion to pay tribute to people who served in United Nations (UN) peacekeeping operations.
US,2028,2028-05-29,Memorial Day,,National holiday,Memorial Day commemorates all Americans who have died in military service for the United States.
US,2028,2028-05-31,Shavuot,,Hebrew,"Shavuot, also known as the Festival of Weeks, is one of three major Jewish festivals."
US,2028,2028-05-31,World No Tobacco Day,,United Nations observance,World No Tobacco Day draws attention to the health problems caused by tobacco use.
US,2028,2028-06-01,First Day of Caribbean-American Heritage Month,,Observance,First Day of Caribbean-American Heritage Month is a annual monthly observance in the USA
US,2028,2028-06-01,First Day of Pride Month,,Observance,First Day of Pride Month is a annual monthly observance in the USA
US,2028,2028-06-01,Global Day of Parents,,United Nations observance,Global Day of Parents appreciates the role of a parent in nurturing and fostering growth for their children.
US,2028,2028-06-03,Ashura,,Muslim,Ashura is a Muslim in the USA
US,2028,2028-06-03,World Bicycle Day,,United Nations observance,World Bicycle Day is a United Nations observance in the USA
US,2028,2028-06-04,International Day of Innocent Children Victims of Aggression,,United Nations observance,The United Nations' (UN) International Day of Innocent Children Victims of Aggression is observed on June 4 each year.
US,2028,2028-06-04,Pentecost,,Christian,"Many Christians in the United States observe Pentecost, also known as Whitsunday or Whit Sunday."
US,2028,2028-06-05,"International Day for the Fight against Illegal, Unreported and Unregulated Fishing",,United Nations observance,"International Day for the Fight against Illegal, Unreported and Unregulated Fishing is a United Nations observance in the USA"
US,2028,2028-06-05,Whit Monday,,Christian,"Many Christians in the United States will observe Whit Monday, or Pentecost Monday. It is the day after Pentecost, which is also known as Whit Sunday or Whitsunday."
US,2028,2028-06-05,World Environment Day,,United Nations observance,World Environment Day is held each year on June 5. It is one of the principal vehicles through which the United Nations (UN) stimulates worldwide awareness of the environment and enhances political attention and action.
US,2028,2028-06-06,D-Day,,Observance,"D-Day is a special anniversary in some countries, including the United States (U.S.), to remember Allied forces’ invasion of Normandy, France, in the Second World War."
US,2028,2028-06-06,Day of the Russian Language,,United Nations observance,Day of the Russian Language is a United Nations observance in the USA
US,2028,2028-06-07,World Food Safety Day,,United Nations observance,World Food Safety Day is a United Nations observance in the USA
US,2028,2028-06-08,World Oceans Day,,United Nations observance,World Oceans Day is annually observed on June 8 to raise awareness of the challenges humanity faces to protect the world's oceans.
US,2028,2028-06-10,Belmont Stakes,,Sporting event,The Belmont Stakes is the third and final horse race of the Triple Crown. It is run annually five weeks after the Kentucky Derby.
US,2028,2028-06-11,Trinity Sunday,,Christian,Trinity Sunday is the first Sunday after Pentecost and is celebrated by many Christians in the United States.
US,2028,2028-06-12,Loving Day,,Observance,Loving Day is a observance in the USA
US,2028,2028-06-12,World Day Against Child Labour,,United Nations observance,Poverty and injustice against widows is a world-wide problem addressed by International Widows' Day.
US,2028,2028-06-13,International Albinism Awareness Day,,United Nations observance,International Albinism Awareness Day aims to stop the persecution and murders of people with albinism.
US,2028,2028-06-14,Army Birthday,,Observance,Army Birthday is a observance in the USA
US,2028,2028-06-14,Flag Day,,Observance,Flag Day is annually held on June 14 to honor the United States flag.
US,2028,2028-06-14,World Blood Donor Day,,United Nations observance,On World Blood Donor Day numerous events are held worldwide to raise awareness about the importance of safe blood supplies.
US,2028,2028-06-15,Corpus Christi,,Christian,Corpus Christi is observed in honor of the Holy Eucharist.
US,2028,2028-06-15,World Elder Abuse Awareness Day,,United Nations observance,"World Elder Abuse Awareness Day attempts to shine a light on the problem of physical, emotional, and financial abuse of elders."
US,2028,2028-06-16,International Day of Family Remittances,,United Nations observance,The UN estimates that family remittances worth over 500 billion US$ are transferred worldwide every year.
US,2028,2028-06-17,World Day to Combat Desertification and Drought,,United Nations observance,The United Nations' World Day to Combat Desertification and Drought is observed worldwide on June 17 each year.
US,2028,2028-06-18,Father's Day,,Observance,Father's Day celebrates the contribution that fathers and father figures make to the lives of their children.
US,2028,2028-06-18,Sustainable Gastronomy Day,,United Nations observance,Sustainable Gastronomy Day is a United Nations observance in the USA
US,2028,2028-06-19,International Day for the Elimination of Sexual Violence in Conflict,,United Nations observance,International Day for the Elimination of Sexual Violence in Conflict is a UN day aiming to rid the world of conflict-related sexual violence.
US,2028,2028-06-19,Juneteenth,,National holiday,"Juneteenth, also known as Freedom Day and Emancipation Day, is a holiday or observance in many US states to celebrate the anniversary of the abolition of slavery in Texas on June 19, 1865."
US,2028,2028-06-20,American Eagle Day,,Observance,"Observed annually on June 20 in 47 American states, American Eagle Day is an unofficial holiday that celebrates the removal of the American Bald Eagle from a list of ""endangered species""."
US,2028,2028-06-20,World Refugee Day,,United Nations observance,"The United Nations' World Refugee Day honors refugees' courage, strength and determination."
US,2028,2028-06-21,International Day of Yoga,,United Nations observance,The International Day of Yoga is a UN-day that aims to raise awareness worldwide of the many benefits of practicing yoga.
US,2028,2028-06-21,International Day of the Celebration of the Solstice,,United Nations observance,International Day of the Celebration of the Solstice is a United Nations observance in the USA
US,2028,2028-06-23,International Widows' Day,,United Nations observance,Poverty and injustice against widows is a world-wide problem addressed by International Widows' Day.
US,2028,2028-06-23,Public Service Day,,United Nations observance,The United Nations’ Public Service Day celebrates the idea that democracy and successful governance depend on a competent civil service.
US,2028,2028-06-25,Day of the Seafarer,,United Nations observance,"The Day of the Seafarer aims to acknowledge the social, and economic contribution of the millions of seafarers around the world."
US,2028,2028-06-26,International Day Against Drug Abuse and Illicit Trafficking,,United Nations observance,The United Nations’ (UN) International Day Against Drug Abuse and Illicit Trafficking raise awareness about the dangers of illicit drugs.
US,2028,2028-06-26,International Day in Support of Victims of Torture,,United Nations observance,The United Nations’ (UN) International Day in Support of Victims of Torture is annually observed on June 26 to remind people that human torture is not only unacceptable – it is also a crime.
US,2028,2028-06-27,"Micro-, Small and Medium-sized Enterprises Day",,United Nations observance,"Micro-, Small and Medium-sized Enterprises Day is a United Nations observance in the USA"
US,2028,2028-06-29,International Day of the Tropics,,United Nations observance,International Day of the Tropics is a United Nations observance in the USA
US,2028,2028-06-30,International Asteroid Day,,United Nations observance,The United Nations established International Asteroid Day to raise public awareness of the asteroid impact hazard.
US,2028,2028-06-30,International Day of Parliamentarism,,United Nations observance,International Day of Parliamentarism is a United Nations observance in the USA
US,2028,2028-07-01,International Day of Cooperatives,,United Nations observance,"The United Nations' (UN) International Day of Cooperatives recognizes and reaffirms the role of cooperatives in economic, social and cultural development and in the achievement of social policy objectives."
US,2028,2028-07-04,Independence Day,,National holiday,"On Independence Day, Americans celebrate the anniversary of publication of the Declaration of Independence from Great Britain in 1776."
US,2028,2028-07-11,World Population Day,,United Nations observance,The United Nations' (UN) World Population Day reaffirms the human right to plan for a family.
US,2028,2028-07-14,Bastille Day,,Observance,Bastille Day is a observance in the USA
US,2028,2028-07-15,World Youth Skills Day,,United Nations observance,Acquiring skills enhances youths' ability to make informed choices and empowers them to gain access to changing labor markets.
US,2028,2028-07-16,Rural Transit Day,,Observance,Rural Transit Day is a observance in the USA
US,2028,2028-07-18,Nelson Mandela Day,,United Nations observance,Nelson Mandela International Day is annually observed on July 18 to recognize the former South African president’s contribution to peace and freedom.
US,2028,2028-07-20,World Chess Day,,United Nations observance,World Chess Day is a United Nations observance in the USA
US,2028,2028-07-23,Parents' Day,,Observance,Parents’ Day is celebrated in the United States on the fourth Sunday of July each year to recognize and promote parenting as a crucial part of families and the wider community.
US,2028,2028-07-25,World Drowning Prevention Day,,United Nations observance,World Drowning Prevention Day is a United Nations observance in the USA
US,2028,2028-07-27,National Korean War Veterans Armistice Day,,Observance,National Korean War Veterans Armistice Day is a observance in the USA
US,2028,2028-07-28,World Hepatitis Day,,United Nations observance,World Hepatitis Day is observed on July 28 every year to raise awareness of hepatitis and encourage prevention and treatment.
US,2028,2028-07-30,International Day of Friendship,,United Nations observance,The International Day of Friendship is annually held on July 30 to celebrate friendships worldwide.
US,2028,2028-07-30,World Day Against Trafficking in Persons,,United Nations observance,July 30 is the UN World Day Against Trafficking in Persons
US,2028,2028-08-01,Tisha B'Av,,Hebrew,Tisha B’Av is on the ninth day of the month of Av in the Jewish calendar.
US,2028,2028-08-03,The Prophet's Birthday,,Muslim,Eid Milad ul-Nabi (Mawlid or Milad-un-Nabi) commemorates the Prophet Muhammed's birthday.
US,2028,2028-08-04,Barack Obama Day,,Observance,Barack Obama Day is a observance in the USA
US,2028,2028-08-04,Coast Guard Birthday,,Observance,Coast Guard Birthday is a observance in the USA
US,2028,2028-08-07,Purple Heart Day,,Observance,Purple Heart Day on August 7 commemorates the day in 1782 when General George Washington created the Purple Heart Medal – a military decoration that is awarded to those wounded or killed while serving in the United States Armed Forces.
US,2028,2028-08-09,International Day of the World's Indigenous People,,United Nations observance,The United Nations’ (UN) International Day of the World's Indigenous People is observed on August 9 each year to promote and protect the rights of the world’s indigenous peoples.
US,2028,2028-08-12,International Youth Day,,United Nations observance,The United Nations’ (UN) International Youth Day is annually held on August 12 to celebrate the achievements of the world’s youth and to encourage their participation in enhancing society.
US,2028,2028-08-15,Assumption of Mary,,Christian,Assumption Day is a Christian observance in the United States that is held annually on August 15. Catholics observe the Dormition (falling asleep) or the day that the Blessed Virgin Mary was received into heaven.
US,2028,2028-08-19,National Aviation Day,,Observance,National Aviation Day is observed in the United States on August 19 each year to celebrate the history and development of the aviation.
US,2028,2028-08-19,World Humanitarian Day,,United Nations observance,The United Nations’(UN) World Humanitarian Day focuses on increasing public awareness about humanitarian service worldwide and is annually observed on August 19.
US,2028,2028-08-20,National Senior Citizens Day,,Observance,National Senior Citizens Day is an observance on the third Sunday of August to honor the contributions of senior citizens in the United States.
US,2028,2028-08-21,International Day of Remembrance of and Tribute to the Victims of Terrorism,,United Nations observance,International Day of Remembrance of and Tribute to the Victims of Terrorism is a United Nations observance in the USA
US,2028,2028-08-22,International Day Commemorating the Victims of Acts of Violence Based on Religion or Belief,,United Nations observance,International Day Commemorating the Victims of Acts of Violence Based on Religion or Belief is a United Nations observance in the USA
US,2028,2028-08-23,International Day for the Remembrance of the Slave Trade and its Abolition,,United Nations observance,The United Nations’ (UN) International Day for the Remembrance of the Slave Trade and its Abolition is held on August 23 each year to remind people of the tragedy of the transatlantic slave trade.
US,2028,2028-08-26,Women's Equality Day,,Observance,Women's Equality Day on August 26 is an annual observance that commemorates the anniversary of the first time voting rights were extended to women in the United States.
US,2028,2028-08-29,International Day against Nuclear Tests,,United Nations observance,The United Nations’ (UN) International Day against Nuclear Tests is annually observed on August 29. The day raises awareness of the dangers of nuclear weapons and a closer approach to eliminating the use of those weapons.
US,2028,2028-08-30,International Day of the Victims of Enforced Disappearances,,United Nations observance,The International Day of the Victims of Enforced Disappearances is annually observed on August 30.
US,2028,2028-08-31,International Day for People of African Descent,,United Nations observance,International Day for People of African Descent is a United Nations observance in the USA
US,2028,2028-08-31,International Overdose Awareness Day,,Worldwide observance, International Overdose Awareness Day is an annual observation which aims to raise global awareness of about the impact of drug overdose on families and communities. The campaign also attempts to remove the stigma associated with overdose.
US,2028,2028-09-04,Labor Day,,National holiday,Labor Day is a federal holiday in the United States. It gives workers a day of rest and it celebrates their contribution to the American economy.
US,2028,2028-09-04,World Sexual Health Day,,Worldwide observance, World Sexual Health Day is an annual awareness day that attempts to break down social and cultural taboos associated with sexuality and to promote sexual health around the world.
US,2028,2028-09-05,International Day of Charity,,United Nations observance,The International Day of Charity raises public awareness of what charities do to help minimize poverty.
US,2028,2028-09-07,International Day of Clean Air for Blue Skies,,United Nations observance,International Day of Clean Air for Blue Skies is a United Nations observance in the USA
US,2028,2028-09-07,Still's Disease Awareness Day,,Worldwide observance,Still's Disease Awareness Day is a worldwide observance in the USA
US,2028,2028-09-08,International Literacy Day,,United Nations observance,The United Nations' (UN) International Literacy Day is held on September 8 each year.
US,2028,2028-09-09,Carl Garner Federal Lands Cleanup Day,,Observance,Carl Garner Federal Lands Cleanup Day encourages people in the United States to participate in cleaning up the federal lands. It is observed on the first Saturday after Labor Day.
US,2028,2028-09-09,International Day to Protect Education from Attack,,United Nations observance,International Day to Protect Education from Attack is a United Nations observance in the USA
US,2028,2028-09-10,National Grandparents Day,,Observance,National Grandparents Day is celebrated on the first Sunday of September after Labor Day in the United States.
US,2028,2028-09-10,World Suicide Prevention Day,,Worldwide observance,World Suicide Prevention Day promotes worldwide action to prevent suicides on September 10 each year.
US,2028,2028-09-11,Patriot Day,,Observance,"Patriot Day is held in memory of nearly 3000 people who died during terrorist attacks in New York, Washington DC and Shanksville, Pennsylvania, in the United States."
US,2028,2028-09-12,International Day for South-South Cooperation,,United Nations observance,The United Nations Day for South-South Cooperation is observed on September 12 each year.
US,2028,2028-09-12,International Programmers' Day,,Worldwide observance,"Many people celebrate International Programmers’ Day on January 7, while others observe this event on the 256th day of the year, usually on September 13 or on September 12 in leap years."
US,2028,2028-09-15,First Day of National Hispanic Heritage Month,,Observance,First Day of National Hispanic Heritage Month is a annual monthly observance in the USA
US,2028,2028-09-15,International Day of Democracy,,United Nations observance,The United Nations’ (UN) International Day of Democracy is observed on September 15 each year.
US,2028,2028-09-15,National POW/MIA Recognition Day,,Observance,National POW/MIA Recognition Day is annually observed in the United States on the third Friday of September.
US,2028,2028-09-16,International Day for the Preservation of the Ozone Layer,,United Nations observance,The United Nations' (UN) International Day for the Preservation of the Ozone Layer focuses on the importance of protecting human health and the environment.
US,2028,2028-09-17,Constitution Day and Citizenship Day,,Observance,Constitution Day and Citizenship Day is a combined event that occurs in the United States on September 17 each year.
US,2028,2028-09-17,World Patient Safety Day,,United Nations observance,World Patient Safety Day is a United Nations observance in the USA
US,2028,2028-09-18,Air Force Birthday,,Observance,Air Force Birthday is a observance in the USA
US,2028,2028-09-18,Constitution Day and Citizenship Day observed,,Observance,Constitution Day and Citizenship Day is a combined event that occurs in the United States on September 17 each year.
US,2028,2028-09-18,International Equal Pay Day,,United Nations observance,International Equal Pay Day is a United Nations observance in the USA
US,2028,2028-09-21,International Day of Peace,,United Nations observance,"The United Nations' (UN) International Day of Peace is annually held on September 21 to recognize the efforts of individuals, organizations and governments to end conflict and promote peace."
US,2028,2028-09-21,Rosh Hashana,,Hebrew,Rosh Hashanah is the Jewish New Year. Many Jewish-run organizations in the US are closed during the two-day celebration.
US,2028,2028-09-23,International Celebrate Bisexuality Day,,Worldwide observance,"International Celebrate Bisexuality Day, also known as Bi Visibility Day, promotes the rights of bisexual people around the world."
US,2028,2028-09-23,International Day of Sign Languages,,United Nations observance,International Day of Sign Languages is a United Nations observance in the USA
US,2028,2028-09-23,National Public Lands Day,,Observance,National Public Lands Day is a observance in the USA
US,2028,2028-09-24,Gold Star Mother's Day,,Observance,Gold Star Mother’s Day is annually observed in the United States on the last Sunday of September.
US,2028,2028-09-26,International Day for the Total Elimination of Nuclear Weapons,,United Nations observance,The International Day for the Total Elimination of Nuclear Weapons raises awareness about the dangers of nuclear weapons.
US,2028,2028-09-27,World Tourism Day,,United Nations observance,The United Nations’ (UN) World Tourism Day is annually held on September 27 to raise awareness on the benefits of tourism.
US,2028,2028-09-28,International Day for Universal Access to Information,,United Nations observance,International Day for Universal Access to Information is a United Nations observance in the USA
US,2028,2028-09-28,World Maritime Day,,United Nations observance,"World Maritime Day is held on the last week of September each year, although the exact date is up to individual governments around the world."
US,2028,2028-09-28,World Rabies Day,,Worldwide observance,World Rabies Day is annually observed on September 28 to raise awareness about rabies and how it can be prevented.
US,2028,2028-09-29,International Day of Awareness of Food Loss and Waste,,United Nations observance,International Day of Awareness of Food Loss and Waste is a United Nations observance in the USA
US,2028,2028-09-29,World Heart Day,,Worldwide observance,World Heart Day raises awareness of cardiovascular diseases and ways to reduce their risk.
US,2028,2028-09-30,International Translation Day,,United Nations observance,International Translation Day is a United Nations observance in the USA
US,2028,2028-09-30,Yom Kippur,,Hebrew,Yom Kippur is an important Jewish holiday that falls on the 10th day of the month of Tishrei in the Jewish calendar.
US,2028,2028-10-01,International Day of Older Persons,,United Nations observance,The United Nations' (UN) International Day of Older Persons is celebrated on October 1 each year as a special day for older persons worldwide.
US,2028,2028-10-01,World Vegetarian Day,,Worldwide observance,"World Vegetarian Day is an annual observation that spreads awareness about the health, environmental, and ethical benefits of following a vegetarian lifestyle. The unofficial holiday encourages people to avoid eating foods that include animal products and to adopt a plant-based diet."
US,2028,2028-10-02,Child Health Day,,Observance,Child Health Day is annually celebrated in the United States on the first Monday of October.
US,2028,2028-10-02,International Day of Non-Violence,,United Nations observance,The United Nations’ (UN) International Day of Non-Violence is a globally observed on October 2 each year to promote non-violence.
US,2028,2028-10-02,World Habitat Day,,United Nations observance,The United Nations’ (UN) World Habitat Day reflects on the state of human settlements and people’s right to sufficient shelter.
US,2028,2028-10-04,Feast of St Francis of Assisi,,Christian,"Many Catholics in the United States, particularly those with pets, celebrate the Feast of St Francis of Assisi, the patron saint of animals and the environment, on October 4 each year."
US,2028,2028-10-05,First Day of Sukkot,,Hebrew,"The first day of Sukkot marks the start of the Sukkot festival for Jewish communities in many countries, including the United States."
US,2028,2028-10-05,World Teachers' Day,,United Nations observance,The United Nations' (UN) World Teachers' Day commemorates the work of teachers and their contributions to society. It is observed on October 5 each year.
US,2028,2028-10-06,German American Day,,Observance,German American Day is a observance in the USA
US,2028,2028-10-06,World Cerebral Palsy Day,,Worldwide observance,"World Cerebral Palsy Day is an annual awareness observation that brings together people with cerebral palsy, their families and loved ones, and organizations working to ensure equal rights for them."
US,2028,2028-10-09,Columbus Day,,National holiday,Columbus Day celebrates 15th century explorer Christopher Columbus's arrival in America in 1492.
US,2028,2028-10-09,Leif Erikson Day,,Observance,Leif Erikson Day honors the first Scandinavian known to have set foot on American soil and the contribution of the Nordic peoples to the United States.
US,2028,2028-10-09,World Post Day,,United Nations observance,World Post Day marks the anniversary of the Universal Postal Union's establishment in 1874. It is held on October 9 each year.
US,2028,2028-10-10,World Mental Health Day,,United Nations observance,"World Mental Health Day, which is supported by the United Nations (UN), is annually held on October 10 to raise public awareness about mental health issues worldwide."
US,2028,2028-10-11,International Day for Natural Disaster Reduction,,United Nations observance,The United Nations’ (UN) International Day for Natural Disaster Reduction is annually observed on the second Wednesday of October to promote a global culture of natural disaster risk reduction.
US,2028,2028-10-11,International Day of the Girl Child,,United Nations observance,The International Day of the Girl Child is a United Nations (UN) observance on October 11 each year.
US,2028,2028-10-11,Last Day of Sukkot,,Hebrew,"Many Jewish communities in countries such as the United States observe the last day of Sukkot, which marks the end of the Sukkot festival."
US,2028,2028-10-12,Shmini Atzeret,,Hebrew,"Shemini Atzeret (or Shmini Atzeret) is a Jewish holiday dedicated to the love of God, while Simchat Torah (Simchas Torah or Simhat Torah) marks the end of Sukkot and celebrates the completion of the annual reading of the Torah."
US,2028,2028-10-12,World Sight Day,,Worldwide observance,World Sight Day is annually held on the second Thursday of October to raise awareness about blindness and vision impairment.
US,2028,2028-10-13,Friday the 13th,,Worldwide observance,Friday the 13th is a day full of superstitious beliefs in communities worldwide.
US,2028,2028-10-13,Navy Birthday,,Observance,"Navy Birthday celebrates the establishment of the United States Navy on October 13, 1775."
US,2028,2028-10-13,Simchat Torah,,Hebrew,Simchat Torah (Simchas Torah or Simhat Torah) is a Jewish holiday that marks the end of Sukkot and celebrates the completion of the annual reading of the Torah.
US,2028,2028-10-14,World Migratory Bird Day,,United Nations observance,World Migratory Bird Day is observed the second weekend of May every year.
US,2028,2028-10-15,International Day of Rural Women,,United Nations observance,The United Nations’ (UN) International Day of Rural Women is annually celebrated on October 15 to recognize rural women’s role in supporting their communities.
US,2028,2028-10-15,White Cane Safety Day,,Observance,White Cane Safety Day is a United States observance annually held on October 15 to celebrate blind and visually impaired people's achievements and the importance of the white cane.
US,2028,2028-10-16,Boss's Day,,Observance,"Boss’s Day is observed in many workplaces in the United States on October 16, or the nearest working day, each year."
US,2028,2028-10-16,World Food Day,,United Nations observance,World Food Day is celebrated on October 16 each year.
US,2028,2028-10-17,International Day for the Eradication of Poverty,,United Nations observance,The United Nations’ (UN) International Day for the Eradication of Poverty is annually observed on October 17 to promote awareness of the need to eradicate poverty worldwide.
US,2028,2028-10-21,Sweetest Day,,Observance,Sweetest Day is a observance in the USA
US,2028,2028-10-24,United Nations Day,,United Nations observance,United Nations Day marks the anniversary of the United Nations Charter coming into force in 1945 and celebrates the work of this organization. United Nations Day annually falls on October 24.
US,2028,2028-10-24,World Development Information Day,,United Nations observance,The United Nations' (UN) World Development Information Day falls on October 24 each year.
US,2028,2028-10-27,World Day for Audiovisual Heritage,,United Nations observance,The World Day for Audiovisual Heritage is observed on October 27 every year.
US,2028,2028-10-29,World Stroke Day,,Worldwide observance,World Stroke Day is annually held on October 29 to raise awareness about stroke and ways to combat it.
US,2028,2028-10-31,Halloween,,Observance,"Halloween is celebrated by hosting costume parties, playing 'trick-or-treat', watching horror films, visiting haunted houses or carving lanterns out of pumpkins."
US,2028,2028-10-31,World Cities Day,,United Nations observance,World Cities Day is a UN observance that aims to recognize the role of cities as  a foundation for social and economic development.
US,2028,2028-11-01,All Saints' Day,,Christian,"Many Catholics honor all the saints on All Saints' Day, also known as All Hallows' Day, in the United States."
US,2028,2028-11-01,First Day of Native American Heritage Month,,Observance,First Day of Native American Heritage Month is a annual monthly observance in the USA
US,2028,2028-11-01,World Vegan Day,,Worldwide observance,World Vegan Day is an annual observation that brings together vegans around the world to bring attention to animal rights and to spread the word about the health advantages of following a vegan diet.
US,2028,2028-11-02,All Souls' Day,,Christian,"Prayers for the dead are made on All Souls’ Day in the United States, which falls on November 2 each year. The Day of the Dead is also celebrated on this day."
US,2028,2028-11-02,International Day to End Impunity for Crimes against Journalists,,United Nations observance,The International Day to End Impunity for Crimes against Journalists raises awareness about violence against journalists.
US,2028,2028-11-05,New York City Marathon,,Sporting event,The New York City Marathon is one of the world's largest marathons and takes place every year in November.
US,2028,2028-11-05,World Tsunami Awareness Day,,United Nations observance,World Tsunami Awareness Day is a United Nations observance in the USA
US,2028,2028-11-06,International Day for Preventing the Exploitation of the Environment in War and Armed Conflict,,United Nations observance,The United Nations’ (UN) International Day for Preventing the Exploitation of the Environment in War and Armed Conflict is held on November 6 each year.
US,2028,2028-11-07,Election Day (General Election),,Observance,Election Day in the United States of America is the day on which popular ballots are held to select public officials.
US,2028,2028-11-10,Marine Corps Birthday,,Observance,"Marine Corps Birthday celebrates the establishment of the United States Marine Corps on November 10, 1775."
US,2028,2028-11-10,Veterans Day (substitute),,National holiday,Veterans Day in the USA is a holiday to honor all who have served in the United States Military Services.
US,2028,2028-11-10,World Science Day for Peace and Development,,United Nations observance,The World Science Day for Peace and Development (WSDPD) is celebrated on November 10 each year.
US,2028,2028-11-11,Singles’ Day,,Worldwide observance,
US,2028,2028-11-11,Veterans Day,,National holiday,Veterans Day in the USA is a holiday to honor all who have served in the United States Military Services.
US,2028,2028-11-12,World Pneumonia Day,,Worldwide observance,"World Pneumonia Day supports all efforts made to protect and treat people against pneumonia, the single largest cause of child deaths worldwide."
US,2028,2028-11-14,World Diabetes Day,,United Nations observance,World Diabetes Day is held annually to raise awareness of diabetes and its complications and the care that people with this condition need. It is observed on November 14 each year.
US,2028,2028-11-16,International Day for Tolerance,,United Nations observance,The United Nations’ (UN) International Day for Tolerance is observed on November 16 each year to help people understand the importance of tolerance worldwide.
US,2028,2028-11-16,World Philosophy Day,,United Nations observance,World Philosophy Day is celebrated on the third Thursday of November each year.
US,2028,2028-11-17,Fake Friday,,Worldwide observance,"Many early-bird shoppers look for bargains on Fake Friday to get ahead of the crowds in stores on Black Friday, observed a week later."
US,2028,2028-11-17,World Prematurity Day,,Worldwide observance, World Prematurity Day is an annual observance that is dedicated to raising awareness about the health and emotional issues surrounding preterm birth.
US,2028,2028-11-19,International Men's Day,,Worldwide observance,International Men’s Day celebrates men's achievements worldwide and throughout history.
US,2028,2028-11-19,World Day of Remembrance for Road Traffic Victims,,United Nations observance,The World Day of Remembrance for Road Traffic Victims serves as a major advocacy day for road traffic injury prevention.
US,2028,2028-11-19,World Toilet Day,,United Nations observance,World Toilet Day aims to promote public awareness of the need for adequate toilets to improve people’s health and save lives.
US,2028,2028-11-20,Africa Industrialization Day,,United Nations observance,Africa Industrialization Day aims to stimulate the international community's commitment to the industrialization of Africa.
US,2028,2028-11-20,Transgender Day of Remembrance,,Worldwide observance,Transgender Day of Remembrance is a worldwide observance in the USA
US,2028,2028-11-20,Universal Children's Day,,United Nations observance,The United Nations' (UN) Universal Children's Day is an occasion to promote the welfare of children and an understanding between children all over the world. It is held on November 20 each year
US,2028,2028-11-21,World Television Day,,United Nations observance,The United Nations’ (UN) World Television Day is globally celebrated on November 21 each year.
US,2028,2028-11-23,Thanksgiving Day,,National holiday,Thanksgiving Day in the United States is traditionally a holiday to give thanks for the food collected at the end of the harvest season.
US,2028,2028-11-24,Black Friday,,Observance,Black Friday is the day after Thanksgiving Day in the USA. It is a busy shopping day and is a holiday in some states.
US,2028,2028-11-24,Native American Heritage Day,,Observance,Native American Heritage Day is a observance in the USA
US,2028,2028-11-25,International Day for the Elimination of Violence against Women,,United Nations observance,The United Nations' (UN) International Day for the Elimination of Violence against Women raises public awareness of violence against women in all countries around the world and at all levels of society. It is observed each year on November 25.
US,2028,2028-11-27,Cyber Monday,,Observance,Most online retailers in the US offer discounted prices on their products and services on Cyber Monday.
US,2028,2028-11-28,Giving Tuesday,,Worldwide observance,
US,2028,2028-11-28,Giving Tuesday,,Observance,The first Tuesday after Thanksgiving has been dubbed “Giving Tuesday” by charities.
US,2028,2028-11-29,International Day of Solidarity with the Palestinian People,,United Nations observance,The United Nations’ (UN) International Day of Solidarity with the Palestinian People is annually observed on November 29.
US,2028,2028-11-30,Day of Remembrance for all Victims of Chemical Warfare,,United Nations observance,The UN’s Day of Remembrance for all Victims of Chemical Warfare is annually observed on April 29.
US,2028,2028-12-01,World AIDS Day,,United Nations observance,The United Nations' (UN) World AIDS Day is annually observed on December 1.
US,2028,2028-12-02,International Day for the Abolition of Slavery,,United Nations observance,The United Nations’ (UN) International Day for the Abolition of Slavery is annually observed on December 2.
US,2028,2028-12-03,First Sunday of Advent,,Christian,"Many Christians in the United States observe the first Sunday of Advent, which marks the start of the Christian year."
US,2028,2028-12-03,International Day of Persons with Disabilities,,United Nations observance,The United Nations' (UN) International Day of Persons with Disabilities is annually observed on December 3 to re-affirm and draw attention to the rights of people who live with disabilities.
US,2028,2028-12-04,International Day of Banks,,United Nations observance,International Day of Banks is a United Nations observance in the USA
US,2028,2028-12-05,International Volunteer Day for Economic and Social Development,,United Nations observance,"The United Nations’ (UN) International Volunteer Day for Economic and Social Development, also known as International Volunteer Day (IVD), is observed on December 5 each year."
US,2028,2028-12-05,World Soil Day,,United Nations observance,World Soil Day raises awareness of why soil is needed for sustainable living.
US,2028,2028-12-06,St Nicholas Day,,Observance,Some churches in the United States recognize St Nicholas' Day as a feast day.
US,2028,2028-12-07,International Civil Aviation Day,,United Nations observance,International Civil Aviation Day is observed globally on December 7 each year. It is observed by organizations such as the International Civil Aviation Organization (ICAO).
US,2028,2028-12-07,Pearl Harbor Remembrance Day,,Observance,"National Pearl Harbor Remembrance Day remembers those who died or were injured when Pearl Harbor, in Hawaii, was attacked in 1941."
US,2028,2028-12-08,Feast of the Immaculate Conception,,Christian,The Feast of the Immaculate Conception is a Christian observance on December 8 each year.
US,2028,2028-12-09,International Anti-Corruption Day,,United Nations observance,The United Nations’ (UN) International Anti-Corruption Day is annually observed on December 9 to raise public awareness of corruption and ways to fight it.
US,2028,2028-12-09,World Genocide Commemoration Day,,United Nations observance,World Genocide Commemoration Day is a UN holiday dedicated to the victims of genocide.
US,2028,2028-12-10,Human Rights Day,,United Nations observance,Human Rights Day marks the anniversary of when the Universal Declaration of Human Rights was proclaimed.
US,2028,2028-12-11,Green Monday,,Worldwide observance,The last Monday at least ten days before Christmas has been dubbed “Green Monday” by online marketers.
US,2028,2028-12-11,International Mountain Day,,United Nations observance,"The United Nations' (UN) International Mountain Day is an occasion to help raise awareness of the people who live in mountainous regions and the role that these regions play in providing food, water, and recreation. It is observed on December 11 each year."
US,2028,2028-12-12,Feast of Our Lady of Guadalupe,,Christian,"The Feast of Our Lady Guadalupe, in honor of Jesus’ mother Mary, is a Catholic observance in the United States."
US,2028,2028-12-12,International Day of Neutrality,,United Nations observance,International Day of Neutrality is a United Nations observance in the USA
US,2028,2028-12-12,International Universal Health Coverage Day,,United Nations observance,International Universal Health Coverage Day is a United Nations observance in the USA
US,2028,2028-12-13,Chanukah/Hanukkah (first day),,Hebrew,"The first day of Hanukkah is the start of the Hanukkah period, which lasts for eight days, from the 25th day of the month of Kislev to the second day of Tevet in the Hebrew calendar."
US,2028,2028-12-13,National Guard Birthday,,Observance,National Guard Birthday is a observance in the USA
US,2028,2028-12-14,Isra and Mi'raj,,Muslim,"Isra and Mi'raj (Isra Me'raj, Israa and Mi'raaj, Laylat Al-Isra wa Al-Miraj, Lailat al Miraj, Night Journey and Ascension to Heaven) marks the night when the Prophet Mohammad traveled from Mecca to Jerusalem, ascended to heaven and returned."
US,2028,2028-12-15,Bill of Rights Day,,Observance,Bill of Rights Day is a observance in the USA
US,2028,2028-12-17,Pan American Aviation Day,,Observance,"December 17 marks Pan American Aviation Day, which is annually observed in the United States."
US,2028,2028-12-17,Wright Brothers Day,,Observance,The Wright Brothers Day is annually celebrated in the United States on December 17 to commemorate the historic flight made by Orville and Wilbur Wright on that date in 1903.
US,2028,2028-12-18,Arabic Language Day,,United Nations observance,World Arabic Language Day is a United Nations (UN) observance that celebrates one of the organization’s 6 official languages – Arabic.
US,2028,2028-12-18,International Migrants Day,,United Nations observance,The United Nations (UN) International Migrants Day is celebrated on December 18 each year.
US,2028,2028-12-20,International Human Solidarity Day,,United Nations observance,The United Nations' (UN) International Human Solidarity Day is celebrated on December 20 each year to raise public awareness on the importance of solidarity in fighting poverty.
US,2028,2028-12-20,Last Day of Chanukah,,Hebrew,"The last day of Hanukkah marks the end of a festive Jewish occasion, known as Hanukkah or Chanukah."
US,2028,2028-12-23,Super Saturday,,Worldwide observance,"The final Saturday before Christmas has become a very popular shopping day in the US, earning the nickname Super Saturday."
US,2028,2028-12-24,Christmas Eve,,"Observance, Christian",Christmas Eve in the United States is on December 24 each year.
US,2028,2028-12-25,Christmas Day,,"Local holiday, Christian",Christmas Day celebrates Jesus Christ's birth.
US,2028,2028-12-25,Christmas Day,,"National holiday, Christian",Christmas Day celebrates Jesus Christ's birth.
US,2028,2028-12-26,Kwanzaa (first day),,Observance,"Kwanzaa is a week-long holiday honoring the culture and traditions of African people and their descendants worldwide, especially in the United States."
US,2028,2028-12-27,International Day of Epidemic Preparedness,,United Nations observance,International Day of Epidemic Preparedness is a United Nations observance in the USA
US,2028,2028-12-28,Asarah B'Tevet,,Hebrew,Asarah B'Tevet is a Jewish holiday in the USA
US,2028,2028-12-31,New Year's Eve,,Observance,New Year's Eve is the last day of the year in the Gregorian calendar. Many parties to welcome the New Year are held in in the United States on New Year's Eve.
US,2029,2029-01-01,New Year's Day,,National holiday,"New Year's Day is the first day of the Gregorian calendar, which is widely used in many countries such as the USA."
US,2029,2029-01-04,World Braille Day,,United Nations observance,"World Braille Day celebrates the life and achievements of Louis Braille, who invented the braille code for the visually impaired."
US,2029,2029-01-06,Epiphany,,Christian,"Many people in the United States annually observe Epiphany, or Three Kings’ Day, on January 6. It is a Christian observance and a public holiday in the US Virgin Islands."
US,2029,2029-01-07,International Programmers' Day,,Worldwide observance,"Many people celebrate International Programmers’ Day on January 7, while others observe this event on the 256th day of the year, usually on September 13 or on September 12 in leap years."
US,2029,2029-01-07,Orthodox Christmas Day,,Orthodox,Many Orthodox Christian churches in countries such as the United States observe Christmas Day on or near January 7 in the Gregorian calendar.
US,2029,2029-01-13,Stephen Foster Memorial Day,,Observance,"Stephen Foster Memorial Day is annually observed in the United States on January 13. The day remembers the achievements of Stephen Foster, who is known as the “father of American music”."
US,2029,2029-01-14,Orthodox New Year,,Orthodox,Many Orthodox Christian churches in countries such as the United States celebrate New Year’s Day on January 14 in the Gregorian calendar.
US,2029,2029-01-15,Martin Luther King Jr. Day,,National holiday,Martin Luther King Day marks the anniversary of the date of birth of the influential American civil right leader of the same name.
US,2029,2029-01-16,Ramadan Starts,,Muslim,"Many Muslims in the United States fast in the hours of daylight during Ramadan, the ninth month in the Islamic calendar."
US,2029,2029-01-20,Inauguration Day,,National holiday,"On Inauguration Day, the president and vice-president of the United States of America are sworn in and take office."
US,2029,2029-01-21,World Religion Day,,Worldwide observance,World Religion Day fosters interfaith dialogue and understanding of all religions.
US,2029,2029-01-24,International Day of Education,,United Nations observance,International Day of Education is a United Nations observance in the USA
US,2029,2029-01-26,International Customs Day,,Worldwide observance,International Customs Day celebrates custom personnel and agencies worldwide.
US,2029,2029-01-27,International Day of Commemoration in Memory of the Victims of the Holocaust,,United Nations observance,The United Nations' (UN) International Day of Commemoration in Memory of the Victims of the Holocaust remembers those who died and suffered during the Holocaust before and during World War II. It is on January 27 each year.
US,2029,2029-01-28,World Leprosy Day,,Worldwide observance,"World Leprosy Day brings awareness of leprosy, also known as Hansen's disease, and ways to prevent the disease."
US,2029,2029-01-31,Tu Bishvat/Tu B'Shevat,,Hebrew,"Tu B’Shevat, known as the “New Year for Trees”, is a Jewish festival similar to Arbor Day."
US,2029,2029-02-01,First Day of Black History Month,,Observance,First Day of Black History Month is a annual monthly observance in the USA
US,2029,2029-02-01,National Freedom Day,,Observance,National Freedom Day in the United States is observed on February 1 each year.
US,2029,2029-02-02,Groundhog Day,,Observance,Many people in the United States observe Groundhog Day on February 2.
US,2029,2029-02-02,National Wear Red Day,,Observance,National Wear Red Day® raises public awareness of heart disease in women and ways to avoid and combat this problem.
US,2029,2029-02-02,World Wetlands Day,,Worldwide observance,World Wetlands Day raises awareness about the important role that the wetlands play in the environment and in our lives.
US,2029,2029-02-04,International Day of Human Fraternity,,United Nations observance,International Day of Human Fraternity is a United Nations observance in the USA
US,2029,2029-02-04,World Cancer Day,,Worldwide observance,World Cancer Day is an annual global event on February 4 to raise people’s awareness of cancer.
US,2029,2029-02-06,International Day of Zero Tolerance for Female Genital Mutilation,,United Nations observance,The International Day of Zero Tolerance for Female Genital Mutilation is an awareness campaign to end a harmful practice that violates girls’ and women’s rights.
US,2029,2029-02-07,National Girls and Women in Sports Day,,Observance,National Girls and Women in Sports Day is a observance in the USA
US,2029,2029-02-10,Lailat al-Qadr,,Muslim,Laylat al Qadr is most likely to be held on one of the last 10 days of month of Ramadan in the Islamic calendar.
US,2029,2029-02-10,World Pulses Day,,United Nations observance,World Pulses Day is a United Nations observance in the USA
US,2029,2029-02-11,International Day of Women and Girls in Science,,United Nations observance,The International Day of Women and Girls in Science is a UN holiday to recognize the critical role women and girls play in science and technology communities.
US,2029,2029-02-11,Super Bowl,,Sporting event,The Super Bowl is the championship game of the National Football League (NFL) in the United States. It is played every year in February.
US,2029,2029-02-11,World Day of the Sick,,Worldwide observance,World Day of the Sick is a global event when people remember or pray for the sick.
US,2029,2029-02-13,Lunar New Year,,Observance,Lunar New Year marks the first day of the New Year in the Chinese calendar.
US,2029,2029-02-13,Shrove Tuesday/Mardi Gras,,"Observance, Christian","Shrove Tuesday is traditionally known as the day prior to Lent but it also serves as a day of celebration, known as Mardi Gras."
US,2029,2029-02-13,World Radio Day,,United Nations observance,World Radio Day is an annual United Nations (UN) event that promotes the importance of the radio in communicating information worldwide.
US,2029,2029-02-14,Ash Wednesday,,Christian,"Ash Wednesday is a Christian observance that marks the first day of Lent, which is prior to Easter."
US,2029,2029-02-14,Valentine's Day,,Observance,Valentine's Day is an occasion to celebrate romantic love.
US,2029,2029-02-15,Eid al-Fitr,,Muslim,"Eid al-Fitr is a holiday to mark the end of the Islamic month of Ramadan, during which Muslims fast during the hours of daylight."
US,2029,2029-02-19,Presidents' Day,,National holiday,"Washington's Birthday, or Presidents' Day, honors the life and work of the first president of the United States, George Washington."
US,2029,2029-02-20,World Day of Social Justice,,United Nations observance,"The United Nations' (UN) World Day of Social Justice promotes poverty eradication, full employment and social integration. It is on February 20 each year."
US,2029,2029-02-21,International Mother Language Day,,United Nations observance,The United Nations' (UN) International Mother Language Day is annually held on February 21 to celebrate languages spoken worldwide. It also observes the human right to use these languages.
US,2029,2029-03-01,First Day of Irish American Heritage Month,,Observance,First Day of Irish American Heritage Month is a annual monthly observance in the USA
US,2029,2029-03-01,First Day of Women's History Month,,Observance,First Day of Women's History Month is a annual monthly observance in the USA
US,2029,2029-03-01,Purim,,Hebrew,"Purim commemorates a time when Jewish people were saved from death around the fourth century BCE, according to the Book of Esther."
US,2029,2029-03-01,Self-Injury Awareness Day,,Worldwide observance,
US,2029,2029-03-01,St. David's Day,,"Observance, Christian","Many Welsh communities in the United States celebrate the life of their patron saint, St David, and their links with Wales on St David’s Day."
US,2029,2029-03-01,Zero Discrimination Day,,United Nations observance,"Discrimination Day highlights the negative impacts of discrimination and promotes tolerance, compassion and peace."
US,2029,2029-03-02,Employee Appreciation Day,,Observance,"Employee Appreciation Day is a US unofficial observance that recognizes and appreciates employees in all industries, aimed at helping employers keep their staff."
US,2029,2029-03-02,Read Across America Day,,Observance,Read Across America Day is observed in the United States on March 2 each year.
US,2029,2029-03-03,World Wildlife Day,,United Nations observance,"World Wildlife Day celebrates all flora and fauna, including animals, on Earth."
US,2029,2029-03-08,International Women's Day,,United Nations observance,International Women’s Day celebrates women’s achievements worldwide and throughout history.
US,2029,2029-03-08,World Kidney Day,,Worldwide observance,World Kidney Day is an annual observation that attempts to raise global awareness about the importance of kidney health and tries to bring attention to the unique challenges faced by those who suffer from Chronic Kidney Disease.
US,2029,2029-03-10,International Day of Women Judges,,United Nations observance,International Day of Women Judges is a United Nations observance in the USA
US,2029,2029-03-15,Long Covid Awareness Day,,Worldwide observance,Long Covid Awareness Day is a worldwide observance in the USA
US,2029,2029-03-17,St. Patrick's Day,,"Observance, Christian","St Patrick's Day marks the life and deeds of St Patrick, one of Ireland's patron saints. It is an Irish-American celebration in the USA."
US,2029,2029-03-20,French Language Day,,United Nations observance,French Language Day is a United Nations observance in the USA
US,2029,2029-03-20,International Day of Happiness,,United Nations observance,International Day of Happiness aims to promote the idea that the pursuit of happiness is universal.
US,2029,2029-03-21,International Day for the Elimination of Racial Discrimination,,United Nations observance,The United Nations’ (UN) International Day for the Elimination of Racial Discrimination is annually observed on March 21.
US,2029,2029-03-21,International Day of Forests,,United Nations observance,"International Day of Forests raises awareness on forests and trees, including their role in climate change."
US,2029,2029-03-21,International Day of Nowruz,,United Nations observance,"The UN’s International Day of Nowruz, also known as Nowruz, No-Ruz, No-Rooz or No Ruz, is observed on March 21 each year."
US,2029,2029-03-21,World Down Syndrome Day,,United Nations observance,World Down Syndrome Day is held on March 21 every year.
US,2029,2029-03-21,World Poetry Day,,United Nations observance,World Poetry Day celebrates poetry around the world on March 21 each year.
US,2029,2029-03-22,World Water Day,,United Nations observance,World Water Day aims to increase people's awareness of the water's importance in all aspects of life.
US,2029,2029-03-23,World Meteorological Day,,United Nations observance,"World Meteorological Day marks the anniversary of the World Meteorological Organization's establishment on March 23, 1950."
US,2029,2029-03-24,International Day for the Right to the Truth concerning Gross Human Rights Violations and for the Dignity of Victims,,United Nations observance,March 24 is the UN’s International Day for the Right to the Truth concerning Gross Human Rights Violations and for the Dignity of Victims
US,2029,2029-03-24,World Tuberculosis Day,,United Nations observance,World Tuberculosis Day is annually held on March 24 to raise awareness of tuberculosis and ways to eradicate the disease.
US,2029,2029-03-25,International Day of Remembrance of Slavery Victims and the Transatlantic Slave Trade,,United Nations observance,"The International Day of Remembrance of the Victims of Slavery and the Transatlantic Slave Trade remembers the lives of Africans who were forced into slavery in North, Central and South America."
US,2029,2029-03-25,International Day of Solidarity with Detained and Missing Staff Members,,United Nations observance,The UN’s International Day of Solidarity with Detained and Missing Staff Members is annually held on March 25.
US,2029,2029-03-25,Palm Sunday,,Christian,Palm Sunday in the United States celebrates Jesus Christ’s entry into Jerusalem. It is also the Sunday before Easter Sunday.
US,2029,2029-03-29,Maundy Thursday,,Christian,"Maundy Thursday, which is also known as Holy Thursday, is the day before Good Friday."
US,2029,2029-03-29,National Vietnam War Veterans Day,,Observance,National Vietnam War Veterans Day is an US observance to honor US military members who served during the Vietnam War.
US,2029,2029-03-30,Doctors' Day,,Observance,Doctors' Day is a observance in the USA
US,2029,2029-03-30,Good Friday,,"Local holiday, Christian",Good Friday commemorates Jesus Christ's crucifixion.
US,2029,2029-03-30,Passover Eve,,Hebrew,Passover Eve is a Jewish holiday in the USA
US,2029,2029-03-31,Earth Hour,,Worldwide observance,Earth Hour is an annual event in which many people worldwide turn their lights off on the last Saturday in March.
US,2029,2029-03-31,Holy Saturday,,Christian,Holy Saturday is the day before Easter Sunday in the United States.
US,2029,2029-03-31,International Transgender Day of Visibility,,Worldwide observance,International Transgender Day of Visibility is a worldwide observance in the USA
US,2029,2029-03-31,Passover (first day),,Hebrew,Passover marks the Israelites' liberation from slavery and their exodus from Egypt around 3000 years ago.
US,2029,2029-04-01,April Fool's Day,,Worldwide observance,"April Fool's Day, on April 1, is a day to play practical jokes and tricks."
US,2029,2029-04-01,Easter Sunday,,"Observance, Christian","Easter Sunday is an important day in the Christian church calendar because it celebrates Jesus Christ's resurrection, according to Christian belief."
US,2029,2029-04-02,Easter Monday,,"Observance, Christian",Easter Monday is the day after Easter Sunday. It is not a federal holiday in the United States of America (USA).
US,2029,2029-04-02,World Autism Awareness Day,,United Nations observance,"World Autism Awareness Day raises an awareness of issues surrounding people, particularly children, with autism worldwide."
US,2029,2029-04-04,United Nations' Mine Awareness Day,,United Nations observance,The United Nations' International Day for Mine Awareness and Assistance in Mine Action is annually observed on April 4.
US,2029,2029-04-05,International Day of Conscience,,United Nations observance,International Day of Conscience is a United Nations observance in the USA
US,2029,2029-04-06,International Day of Sport for Development and Peace,,United Nations observance,The International Day of Sport for Development and Peace aims to bring goodwill and positive social outcomes through sporting achievements.
US,2029,2029-04-06,National Tartan Day,,Observance,National Tartan Day is annually observed on April 6 to honor the major role that Scottish Americans played in the founding of the United States of America.
US,2029,2029-04-06,Orthodox Good Friday,,Orthodox,Many Orthodox Christians in the United States remember the events leading up to Jesus Christ's crucifixion on Great Friday.
US,2029,2029-04-07,Day of Remembrance of the Victims of the Rwanda Genocide,,United Nations observance,The UN’s Day of Remembrance of the Victims of the Rwanda Genocide is observed on April 7 each year.
US,2029,2029-04-07,Last Day of Passover,,Hebrew,"The last day of Passover marks the end of the Passover period, which lasts for seven or eight days."
US,2029,2029-04-07,Orthodox Holy Saturday,,Orthodox,Many Orthodox Christians in the United States remember Jesus Christ’s burial and his descent into Hades on Holy Saturday.
US,2029,2029-04-07,United Nations' World Health Day,,United Nations observance,"The World Health Organization, the United Nations' the directing and coordinating authority for health, annually highlights one of its priorities for global health on World Health Day."
US,2029,2029-04-08,Orthodox Easter,,Orthodox,"Many Orthodox Christians in the United States mark Easter Sunday, also known as Pascha, as the day Jesus Christ was resurrected, according to the Christian bible."
US,2029,2029-04-09,Orthodox Easter Monday,,Orthodox,Many Orthodox churches in the United States observe Easter Monday on the day after the Orthodox Easter Sunday date.
US,2029,2029-04-10,National Library Workers' Day,,Observance,"National Library Workers’ Day recognizes the efforts and achievements that librarians make to give Americans access to information via books, computers and other media."
US,2029,2029-04-11,Yom HaShoah,,Hebrew,Many people in the United States observe Yom Hashoah by remembering Holocaust victims who died during World War II.
US,2029,2029-04-12,International Day of Human Space Flight,,United Nations observance,The UN’s International Day of Human Space Flight is annually held on April 12.
US,2029,2029-04-13,Friday the 13th,,Worldwide observance,Friday the 13th is a day full of superstitious beliefs in communities worldwide.
US,2029,2029-04-13,Thomas Jefferson's Birthday,,Observance,Americans celebrate president Thomas Jefferson's Birthday on April 13.
US,2029,2029-04-14,World Chagas Disease Day,,United Nations observance,World Chagas Disease Day is a United Nations observance in the USA
US,2029,2029-04-15,World Art Day,,Worldwide observance,World Art Day is a worldwide observance in the USA
US,2029,2029-04-16,Boston Marathon,,Sporting event,Boston Marathon is one of the world's oldest yearly marathon. It is held annually on Patriot's Day in the month of April.
US,2029,2029-04-17,Tax Day,,Observance,Tax Day is the deadline for United States residents to file details of their income to the Internal Revenue Service (IRS) so that their liability for income tax can be assessed.
US,2029,2029-04-18,International Day for Monuments and Sites,,Worldwide observance,The International Day for Monuments and Sites raises awareness on preserving and conserving historical and archeological heritage sites.
US,2029,2029-04-19,Yom Ha'atzmaut,,Hebrew,"Many Jewish communities in the United States celebrate Yom Ha’Atzmaut, which is Israel’s Independence Day, on the fifth day of the month of Iyar in the Jewish calendar."
US,2029,2029-04-20,Chinese Language Day,,United Nations observance,Chinese Language Day is a United Nations observance that celebrates one of the organization’s 6 official languages – Chinese.
US,2029,2029-04-21,World Creativity and Innovation Day,,United Nations observance,World Creativity and Innovation Day is a United Nations observance in the USA
US,2029,2029-04-22,Earth Day,,United Nations observance,The United Nations' International Mother Earth Day promotes environmental awareness and calls for the protection of our planet.
US,2029,2029-04-23,English Language Day,,United Nations observance,"English Language Day promotes the history, culture and accomplishments of the English language."
US,2029,2029-04-23,World Book and Copyright Day,,United Nations observance,World Book and Copyright Day is an occasion to celebrate the contribution of books and authors to our global culture and the connection between copyright and books.
US,2029,2029-04-23,World Spanish Language Day,,United Nations observance,World Spanish Language Day is a United Nations observance in the USA
US,2029,2029-04-24,Eid al-Adha,,Muslim,"For more than 3 millions Muslims in the US, Eid al-Adha, the Festival of Sacrifice, is one of the most important dates in the calendar."
US,2029,2029-04-24,International Day of Multilateralism and Diplomacy for Peace,,United Nations observance,International Day of Multilateralism and Diplomacy for Peace is a United Nations observance in the USA
US,2029,2029-04-25,Administrative Professionals Day,,Observance,Administrative Professionals Day® is on the Wednesday of the last full week of April. It remembers the important role of administrative professionals.
US,2029,2029-04-25,International Delegate's Day,,United Nations observance,International Delegate's Day is a United Nations observance in the USA
US,2029,2029-04-25,World Malaria Day,,United Nations observance,World Malaria Day is annually observed on April 25 to promote efforts that provide effective control of malaria worldwide.
US,2029,2029-04-26,International Chernobyl Disaster Remembrance Day,,United Nations observance,International Chernobyl Disaster Remembrance Day is a UN holiday designed to raise awareness of the consequences of the 1986 nuclear accident.
US,2029,2029-04-26,International Girls in ICT Day,,United Nations observance,International Girls in ICT Day is a United Nations observance in the USA
US,2029,2029-04-26,Take our Daughters and Sons to Work Day,,Observance,Take our Daughters and Sons to Work Day is a observance in the USA
US,2029,2029-04-26,World Intellectual Property Day,,United Nations observance,World Intellectual Property Day is annually held on April 26 to increase awareness and understanding of intellectual property worldwide.
US,2029,2029-04-28,World Day for Safety and Health at Work,,United Nations observance,The World Day for Safety and Health at Work is observed on April 28 each year.
US,2029,2029-04-30,International Jazz Day,,United Nations observance,"International Jazz Day recognizes the historical, cultural, and educational contribution of jazz."
US,2029,2029-05-01,First Day of Asian Pacific American Heritage Month,,Observance,First Day of Asian Pacific American Heritage Month is a annual monthly observance in the USA
US,2029,2029-05-01,First Day of Jewish American Heritage Month,,Observance,First Day of Jewish American Heritage Month is a annual monthly observance in the USA
US,2029,2029-05-01,First Day of Military Appreciation Month,,Observance,First Day of Military Appreciation Month is a annual monthly observance in the USA
US,2029,2029-05-01,Law Day,,Observance,Law Day in the United States is annually held on May 1.
US,2029,2029-05-01,Loyalty Day,,Observance,Loyalty Day is a special day for people to reaffirm their loyalty to the United States and to recognize the heritage of American freedom.
US,2029,2029-05-02,World Tuna Day,,United Nations observance,World Tuna Day is a UN holiday designed to raise awareness of the global importance of tuna.
US,2029,2029-05-03,Lag BaOmer,,Hebrew,Many Jewish Americans observe Lag B’Omer on the 18th day of the month of Iyar in the Jewish calendar.
US,2029,2029-05-03,National Day of Prayer,,Observance,"National Day of Prayer is held on the first Thursday of May each year, inviting Americans of all faiths to pray for the country and its leaders."
US,2029,2029-05-03,World Press Freedom Day,,United Nations observance,World Press Freedom Day focuses on the importance of the freedom of the press and freedom of expression.
US,2029,2029-05-04,Kentucky Oaks,,Sporting event,The Kentucky Oaks is a rade 1 Stakes horse race held annually on the Friday before the Kentucky Derby in May.
US,2029,2029-05-05,Cinco de Mayo,,Observance,"'Cinco de Mayo' means ""Fifth of May"" in Spanish and is a festival of Mexican pride and heritage."
US,2029,2029-05-05,Kentucky Derby,,Sporting event,"Kentucky Derby is a Grade I Stakes horse race held annually in Louisville, Kentucky in May."
US,2029,2029-05-05,National Explosive Ordnance Disposal (EOD) Day,,Observance,National Explosive Ordnance Disposal (EOD) Day is an occasion to remember those serving the profession of explosive ordnance disposal in the United States Armed Forces.
US,2029,2029-05-05,World Portuguese Language Day,,United Nations observance,World Portuguese Language Day is a United Nations observance in the USA
US,2029,2029-05-06,International Family Equality Day,,Worldwide observance,International Family Equality Day is a worldwide observance in the USA
US,2029,2029-05-06,National Nurses Day,,Observance,National Nurses Day is an occasion to honor the work of nurses.
US,2029,2029-05-08,National Teacher Appreciation Day,,Observance,National Teacher Appreciation Day is a observance in the USA
US,2029,2029-05-08,Time of Remembrance and Reconciliation for Those Who Lost Their Lives during the Second World War,,United Nations observance,"The United Nations’ (UN) Time of Remembrance and Reconciliation for Those Who Lost Their Lives during the Second World War is annually held over two days, from May 8-9."
US,2029,2029-05-08,Victory in Europe Day,,Observance,Victory in Europe Day is a observance in the USA
US,2029,2029-05-08,World Ovarian Cancer Day,,Worldwide observance,World Ovarian Cancer Day aims to spread global awareness about ovarian cancer.
US,2029,2029-05-08,World Red Cross and Red Crescent Day,,Worldwide observance,World Red Cross and Red Crescent Day is a worldwide observance in the USA
US,2029,2029-05-10,Ascension Day,,Christian,Ascension Day is the 40th day of Easter and commemorates the ascension of Jesus Christ into heaven.
US,2029,2029-05-10,International Day of Argania,,United Nations observance,International Day of Argania is a United Nations observance in the USA
US,2029,2029-05-11,Military Spouse Appreciation Day,,Observance,Appreciate and thank all the military spouses and partners you know on Military Spouse Appreciation Day.
US,2029,2029-05-12,International Nurses Day,,Worldwide observance,International Nurses Day focuses on the critical contribution of nurses around the world in maintaining public health.
US,2029,2029-05-12,World Migratory Bird Day,,United Nations observance,World Migratory Bird Day is observed the second weekend of May every year.
US,2029,2029-05-13,Mother's Day,,Observance,Mother's Day celebrates the role of mothers and mother figures.
US,2029,2029-05-15,International Day of Families,,United Nations observance,"The International Day of Families is an occasion to celebrate the importance of families to people, societies and cultures around the world."
US,2029,2029-05-15,Muharram,,Muslim,"The first day of Muharram, which is the first month in the Islamic calendar, marks the start of the Islamic New Year."
US,2029,2029-05-15,Peace Officers Memorial Day,,Observance,"Peace Officers Memorial Day is held annually in the United States on May 15 in honor of federal, state and local officers killed or disabled in the line of duty."
US,2029,2029-05-16,International Day of Light,,United Nations observance,International Day of Light is a United Nations observance in the USA
US,2029,2029-05-16,International Day of Living Together in Peace,,United Nations observance,International Day of Living Together in Peace is a United Nations observance in the USA
US,2029,2029-05-17,World Telecommunication and Information Society Day,,United Nations observance,World Information Society Day is celebrated each year to raise awareness of how information and communication can be beneficial for societies and economies.
US,2029,2029-05-18,National Defense Transportation Day,,Observance,National Defense Transportation Day occurs annually in the United States on the third Friday of May.
US,2029,2029-05-19,Armed Forces Day,,Observance,Armed Forces Day is a national observance in the United States on the third Saturday of May each year.
US,2029,2029-05-19,Preakness Stakes,,Sporting event,The Preakness Stakes is the second event in the Triple Crown and is annually held two weeks after the Kentucky Derby.
US,2029,2029-05-20,Pentecost,,Christian,"Many Christians in the United States observe Pentecost, also known as Whitsunday or Whit Sunday."
US,2029,2029-05-20,Shavuot,,Hebrew,"Shavuot, also known as the Festival of Weeks, is one of three major Jewish festivals."
US,2029,2029-05-20,World Autoimmune / Autoinflammatory Arthritis Day,,Worldwide observance,World Autoimmune / Autoinflammatory Arthritis Day is a worldwide observance in the USA
US,2029,2029-05-20,World Bee Day,,United Nations observance,World Bee Day is a United Nations observance in the USA
US,2029,2029-05-21,International Tea Day,,United Nations observance,International Tea Day is a United Nations observance in the USA
US,2029,2029-05-21,Whit Monday,,Christian,"Many Christians in the United States will observe Whit Monday, or Pentecost Monday. It is the day after Pentecost, which is also known as Whit Sunday or Whitsunday."
US,2029,2029-05-21,World Day for Cultural Diversity for Dialogue and Development,,United Nations observance,"The World Day for Cultural Diversity for Dialogue and Development, held on May 21, is an occasion for people to deepen their understanding of cultural diversity."
US,2029,2029-05-22,International Day for Biological Diversity,,United Nations observance,The International Day for Biological Diversity is an occasion to increase the global understanding and awareness of issues and challenges around biodiversity.
US,2029,2029-05-22,National Maritime Day,,Observance,"National Maritime Day is annually observed in the United States on May 22. It is a time to observe its maritime heritage, to honor those who served as merchant mariners, and to recognize the benefits of the maritime industry."
US,2029,2029-05-23,Emergency Medical Services for Children Day,,Observance,"Emergency Medical Services for Children (EMSC) Day is observed on the Wednesday of Emergency Medical Services (EMS) Week, May 19–25, in the United States."
US,2029,2029-05-23,International Day to End Obstetric Fistula,,United Nations observance,The International Day to End Obstetric Fistula raises awareness of fistula and calls for support to tackle the problem.
US,2029,2029-05-24,Ashura,,Muslim,Ashura is a Muslim in the USA
US,2029,2029-05-25,African Liberation Day,,Worldwide observance,African Liberation Day celebrates African nations' hard-fought freedom from European colonial powers.
US,2029,2029-05-25,National Missing Children's Day,,Observance,National Missing Children's Day is an observation dedicated to addressing the problem of child abduction.
US,2029,2029-05-27,Trinity Sunday,,Christian,Trinity Sunday is the first Sunday after Pentecost and is celebrated by many Christians in the United States.
US,2029,2029-05-28,Memorial Day,,National holiday,Memorial Day commemorates all Americans who have died in military service for the United States.
US,2029,2029-05-29,International Day of United Nations Peacekeepers,,United Nations observance,The International Day of United Nations Peacekeepers is an occasion to pay tribute to people who served in United Nations (UN) peacekeeping operations.
US,2029,2029-05-31,Corpus Christi,,Christian,Corpus Christi is observed in honor of the Holy Eucharist.
US,2029,2029-05-31,World No Tobacco Day,,United Nations observance,World No Tobacco Day draws attention to the health problems caused by tobacco use.
US,2029,2029-06-01,First Day of Caribbean-American Heritage Month,,Observance,First Day of Caribbean-American Heritage Month is a annual monthly observance in the USA
US,2029,2029-06-01,First Day of Pride Month,,Observance,First Day of Pride Month is a annual monthly observance in the USA
US,2029,2029-06-01,Global Day of Parents,,United Nations observance,Global Day of Parents appreciates the role of a parent in nurturing and fostering growth for their children.
US,2029,2029-06-03,World Bicycle Day,,United Nations observance,World Bicycle Day is a United Nations observance in the USA
US,2029,2029-06-04,International Day of Innocent Children Victims of Aggression,,United Nations observance,The United Nations' (UN) International Day of Innocent Children Victims of Aggression is observed on June 4 each year.
US,2029,2029-06-05,"International Day for the Fight against Illegal, Unreported and Unregulated Fishing",,United Nations observance,"International Day for the Fight against Illegal, Unreported and Unregulated Fishing is a United Nations observance in the USA"
US,2029,2029-06-05,World Environment Day,,United Nations observance,World Environment Day is held each year on June 5. It is one of the principal vehicles through which the United Nations (UN) stimulates worldwide awareness of the environment and enhances political attention and action.
US,2029,2029-06-06,D-Day,,Observance,"D-Day is a special anniversary in some countries, including the United States (U.S.), to remember Allied forces’ invasion of Normandy, France, in the Second World War."
US,2029,2029-06-06,Day of the Russian Language,,United Nations observance,Day of the Russian Language is a United Nations observance in the USA
US,2029,2029-06-07,World Food Safety Day,,United Nations observance,World Food Safety Day is a United Nations observance in the USA
US,2029,2029-06-08,World Oceans Day,,United Nations observance,World Oceans Day is annually observed on June 8 to raise awareness of the challenges humanity faces to protect the world's oceans.
US,2029,2029-06-09,Belmont Stakes,,Sporting event,The Belmont Stakes is the third and final horse race of the Triple Crown. It is run annually five weeks after the Kentucky Derby.
US,2029,2029-06-12,Loving Day,,Observance,Loving Day is a observance in the USA
US,2029,2029-06-12,World Day Against Child Labour,,United Nations observance,Poverty and injustice against widows is a world-wide problem addressed by International Widows' Day.
US,2029,2029-06-13,International Albinism Awareness Day,,United Nations observance,International Albinism Awareness Day aims to stop the persecution and murders of people with albinism.
US,2029,2029-06-14,Army Birthday,,Observance,Army Birthday is a observance in the USA
US,2029,2029-06-14,Flag Day,,Observance,Flag Day is annually held on June 14 to honor the United States flag.
US,2029,2029-06-14,World Blood Donor Day,,United Nations observance,On World Blood Donor Day numerous events are held worldwide to raise awareness about the importance of safe blood supplies.
US,2029,2029-06-15,World Elder Abuse Awareness Day,,United Nations observance,"World Elder Abuse Awareness Day attempts to shine a light on the problem of physical, emotional, and financial abuse of elders."
US,2029,2029-06-16,International Day of Family Remittances,,United Nations observance,The UN estimates that family remittances worth over 500 billion US$ are transferred worldwide every year.
US,2029,2029-06-17,Father's Day,,Observance,Father's Day celebrates the contribution that fathers and father figures make to the lives of their children.
US,2029,2029-06-17,World Day to Combat Desertification and Drought,,United Nations observance,The United Nations' World Day to Combat Desertification and Drought is observed worldwide on June 17 each year.
US,2029,2029-06-18,Sustainable Gastronomy Day,,United Nations observance,Sustainable Gastronomy Day is a United Nations observance in the USA
US,2029,2029-06-19,International Day for the Elimination of Sexual Violence in Conflict,,United Nations observance,International Day for the Elimination of Sexual Violence in Conflict is a UN day aiming to rid the world of conflict-related sexual violence.
US,2029,2029-06-19,Juneteenth,,National holiday,"Juneteenth, also known as Freedom Day and Emancipation Day, is a holiday or observance in many US states to celebrate the anniversary of the abolition of slavery in Texas on June 19, 1865."
US,2029,2029-06-20,American Eagle Day,,Observance,"Observed annually on June 20 in 47 American states, American Eagle Day is an unofficial holiday that celebrates the removal of the American Bald Eagle from a list of ""endangered species""."
US,2029,2029-06-20,World Refugee Day,,United Nations observance,"The United Nations' World Refugee Day honors refugees' courage, strength and determination."
US,2029,2029-06-21,International Day of Yoga,,United Nations observance,The International Day of Yoga is a UN-day that aims to raise awareness worldwide of the many benefits of practicing yoga.
US,2029,2029-06-21,International Day of the Celebration of the Solstice,,United Nations observance,International Day of the Celebration of the Solstice is a United Nations observance in the USA
US,2029,2029-06-23,International Widows' Day,,United Nations observance,Poverty and injustice against widows is a world-wide problem addressed by International Widows' Day.
US,2029,2029-06-23,Public Service Day,,United Nations observance,The United Nations’ Public Service Day celebrates the idea that democracy and successful governance depend on a competent civil service.
US,2029,2029-06-25,Day of the Seafarer,,United Nations observance,"The Day of the Seafarer aims to acknowledge the social, and economic contribution of the millions of seafarers around the world."
US,2029,2029-06-26,International Day Against Drug Abuse and Illicit Trafficking,,United Nations observance,The United Nations’ (UN) International Day Against Drug Abuse and Illicit Trafficking raise awareness about the dangers of illicit drugs.
US,2029,2029-06-26,International Day in Support of Victims of Torture,,United Nations observance,The United Nations’ (UN) International Day in Support of Victims of Torture is annually observed on June 26 to remind people that human torture is not only unacceptable – it is also a crime.
US,2029,2029-06-27,"Micro-, Small and Medium-sized Enterprises Day",,United Nations observance,"Micro-, Small and Medium-sized Enterprises Day is a United Nations observance in the USA"
US,2029,2029-06-29,International Day of the Tropics,,United Nations observance,International Day of the Tropics is a United Nations observance in the USA
US,2029,2029-06-30,International Asteroid Day,,United Nations observance,The United Nations established International Asteroid Day to raise public awareness of the asteroid impact hazard.
US,2029,2029-06-30,International Day of Parliamentarism,,United Nations observance,International Day of Parliamentarism is a United Nations observance in the USA
US,2029,2029-07-04,Independence Day,,National holiday,"On Independence Day, Americans celebrate the anniversary of publication of the Declaration of Independence from Great Britain in 1776."
US,2029,2029-07-07,International Day of Cooperatives,,United Nations observance,"The United Nations' (UN) International Day of Cooperatives recognizes and reaffirms the role of cooperatives in economic, social and cultural development and in the achievement of social policy objectives."
US,2029,2029-07-11,World Population Day,,United Nations observance,The United Nations' (UN) World Population Day reaffirms the human right to plan for a family.
US,2029,2029-07-13,Friday the 13th,,Worldwide observance,Friday the 13th is a day full of superstitious beliefs in communities worldwide.
US,2029,2029-07-14,Bastille Day,,Observance,Bastille Day is a observance in the USA
US,2029,2029-07-15,World Youth Skills Day,,United Nations observance,Acquiring skills enhances youths' ability to make informed choices and empowers them to gain access to changing labor markets.
US,2029,2029-07-16,Rural Transit Day,,Observance,Rural Transit Day is a observance in the USA
US,2029,2029-07-18,Nelson Mandela Day,,United Nations observance,Nelson Mandela International Day is annually observed on July 18 to recognize the former South African president’s contribution to peace and freedom.
US,2029,2029-07-20,World Chess Day,,United Nations observance,World Chess Day is a United Nations observance in the USA
US,2029,2029-07-22,Parents' Day,,Observance,Parents’ Day is celebrated in the United States on the fourth Sunday of July each year to recognize and promote parenting as a crucial part of families and the wider community.
US,2029,2029-07-22,Tisha B'Av,,Hebrew,Tisha B’Av is on the ninth day of the month of Av in the Jewish calendar.
US,2029,2029-07-24,The Prophet's Birthday,,Muslim,Eid Milad ul-Nabi (Mawlid or Milad-un-Nabi) commemorates the Prophet Muhammed's birthday.
US,2029,2029-07-25,World Drowning Prevention Day,,United Nations observance,World Drowning Prevention Day is a United Nations observance in the USA
US,2029,2029-07-27,National Korean War Veterans Armistice Day,,Observance,National Korean War Veterans Armistice Day is a observance in the USA
US,2029,2029-07-28,World Hepatitis Day,,United Nations observance,World Hepatitis Day is observed on July 28 every year to raise awareness of hepatitis and encourage prevention and treatment.
US,2029,2029-07-30,International Day of Friendship,,United Nations observance,The International Day of Friendship is annually held on July 30 to celebrate friendships worldwide.
US,2029,2029-07-30,World Day Against Trafficking in Persons,,United Nations observance,July 30 is the UN World Day Against Trafficking in Persons
US,2029,2029-08-04,Barack Obama Day,,Observance,Barack Obama Day is a observance in the USA
US,2029,2029-08-04,Coast Guard Birthday,,Observance,Coast Guard Birthday is a observance in the USA
US,2029,2029-08-07,Purple Heart Day,,Observance,Purple Heart Day on August 7 commemorates the day in 1782 when General George Washington created the Purple Heart Medal – a military decoration that is awarded to those wounded or killed while serving in the United States Armed Forces.
US,2029,2029-08-09,International Day of the World's Indigenous People,,United Nations observance,The United Nations’ (UN) International Day of the World's Indigenous People is observed on August 9 each year to promote and protect the rights of the world’s indigenous peoples.
US,2029,2029-08-12,International Youth Day,,United Nations observance,The United Nations’ (UN) International Youth Day is annually held on August 12 to celebrate the achievements of the world’s youth and to encourage their participation in enhancing society.
US,2029,2029-08-15,Assumption of Mary,,Christian,Assumption Day is a Christian observance in the United States that is held annually on August 15. Catholics observe the Dormition (falling asleep) or the day that the Blessed Virgin Mary was received into heaven.
US,2029,2029-08-19,National Aviation Day,,Observance,National Aviation Day is observed in the United States on August 19 each year to celebrate the history and development of the aviation.
US,2029,2029-08-19,National Senior Citizens Day,,Observance,National Senior Citizens Day is an observance on the third Sunday of August to honor the contributions of senior citizens in the United States.
US,2029,2029-08-19,World Humanitarian Day,,United Nations observance,The United Nations’(UN) World Humanitarian Day focuses on increasing public awareness about humanitarian service worldwide and is annually observed on August 19.
US,2029,2029-08-21,International Day of Remembrance of and Tribute to the Victims of Terrorism,,United Nations observance,International Day of Remembrance of and Tribute to the Victims of Terrorism is a United Nations observance in the USA
US,2029,2029-08-22,International Day Commemorating the Victims of Acts of Violence Based on Religion or Belief,,United Nations observance,International Day Commemorating the Victims of Acts of Violence Based on Religion or Belief is a United Nations observance in the USA
US,2029,2029-08-23,International Day for the Remembrance of the Slave Trade and its Abolition,,United Nations observance,The United Nations’ (UN) International Day for the Remembrance of the Slave Trade and its Abolition is held on August 23 each year to remind people of the tragedy of the transatlantic slave trade.
US,2029,2029-08-26,Women's Equality Day,,Observance,Women's Equality Day on August 26 is an annual observance that commemorates the anniversary of the first time voting rights were extended to women in the United States.
US,2029,2029-08-29,International Day against Nuclear Tests,,United Nations observance,The United Nations’ (UN) International Day against Nuclear Tests is annually observed on August 29. The day raises awareness of the dangers of nuclear weapons and a closer approach to eliminating the use of those weapons.
US,2029,2029-08-30,International Day of the Victims of Enforced Disappearances,,United Nations observance,The International Day of the Victims of Enforced Disappearances is annually observed on August 30.
US,2029,2029-08-31,International Day for People of African Descent,,United Nations observance,International Day for People of African Descent is a United Nations observance in the USA
US,2029,2029-08-31,International Overdose Awareness Day,,Worldwide observance, International Overdose Awareness Day is an annual observation which aims to raise global awareness of about the impact of drug overdose on families and communities. The campaign also attempts to remove the stigma associated with overdose.
US,2029,2029-09-03,Labor Day,,National holiday,Labor Day is a federal holiday in the United States. It gives workers a day of rest and it celebrates their contribution to the American economy.
US,2029,2029-09-04,World Sexual Health Day,,Worldwide observance, World Sexual Health Day is an annual awareness day that attempts to break down social and cultural taboos associated with sexuality and to promote sexual health around the world.
US,2029,2029-09-05,International Day of Charity,,United Nations observance,The International Day of Charity raises public awareness of what charities do to help minimize poverty.
US,2029,2029-09-07,International Day of Clean Air for Blue Skies,,United Nations observance,International Day of Clean Air for Blue Skies is a United Nations observance in the USA
US,2029,2029-09-07,Still's Disease Awareness Day,,Worldwide observance,Still's Disease Awareness Day is a worldwide observance in the USA
US,2029,2029-09-08,Carl Garner Federal Lands Cleanup Day,,Observance,Carl Garner Federal Lands Cleanup Day encourages people in the United States to participate in cleaning up the federal lands. It is observed on the first Saturday after Labor Day.
US,2029,2029-09-08,International Literacy Day,,United Nations observance,The United Nations' (UN) International Literacy Day is held on September 8 each year.
US,2029,2029-09-09,International Day to Protect Education from Attack,,United Nations observance,International Day to Protect Education from Attack is a United Nations observance in the USA
US,2029,2029-09-09,National Grandparents Day,,Observance,National Grandparents Day is celebrated on the first Sunday of September after Labor Day in the United States.
US,2029,2029-09-10,Rosh Hashana,,Hebrew,Rosh Hashanah is the Jewish New Year. Many Jewish-run organizations in the US are closed during the two-day celebration.
US,2029,2029-09-10,World Suicide Prevention Day,,Worldwide observance,World Suicide Prevention Day promotes worldwide action to prevent suicides on September 10 each year.
US,2029,2029-09-11,Patriot Day,,Observance,"Patriot Day is held in memory of nearly 3000 people who died during terrorist attacks in New York, Washington DC and Shanksville, Pennsylvania, in the United States."
US,2029,2029-09-12,International Day for South-South Cooperation,,United Nations observance,The United Nations Day for South-South Cooperation is observed on September 12 each year.
US,2029,2029-09-13,International Programmers' Day,,Worldwide observance,"Many people celebrate International Programmers’ Day on January 7, while others observe this event on the 256th day of the year, usually on September 13 or on September 12 in leap years."
US,2029,2029-09-15,First Day of National Hispanic Heritage Month,,Observance,First Day of National Hispanic Heritage Month is a annual monthly observance in the USA
US,2029,2029-09-15,International Day of Democracy,,United Nations observance,The United Nations’ (UN) International Day of Democracy is observed on September 15 each year.
US,2029,2029-09-16,International Day for the Preservation of the Ozone Layer,,United Nations observance,The United Nations' (UN) International Day for the Preservation of the Ozone Layer focuses on the importance of protecting human health and the environment.
US,2029,2029-09-17,Constitution Day and Citizenship Day,,Observance,Constitution Day and Citizenship Day is a combined event that occurs in the United States on September 17 each year.
US,2029,2029-09-17,World Patient Safety Day,,United Nations observance,World Patient Safety Day is a United Nations observance in the USA
US,2029,2029-09-18,Air Force Birthday,,Observance,Air Force Birthday is a observance in the USA
US,2029,2029-09-18,International Equal Pay Day,,United Nations observance,International Equal Pay Day is a United Nations observance in the USA
US,2029,2029-09-19,Yom Kippur,,Hebrew,Yom Kippur is an important Jewish holiday that falls on the 10th day of the month of Tishrei in the Jewish calendar.
US,2029,2029-09-21,International Day of Peace,,United Nations observance,"The United Nations' (UN) International Day of Peace is annually held on September 21 to recognize the efforts of individuals, organizations and governments to end conflict and promote peace."
US,2029,2029-09-21,National POW/MIA Recognition Day,,Observance,National POW/MIA Recognition Day is annually observed in the United States on the third Friday of September.
US,2029,2029-09-22,National Public Lands Day,,Observance,National Public Lands Day is a observance in the USA
US,2029,2029-09-23,International Celebrate Bisexuality Day,,Worldwide observance,"International Celebrate Bisexuality Day, also known as Bi Visibility Day, promotes the rights of bisexual people around the world."
US,2029,2029-09-23,International Day of Sign Languages,,United Nations observance,International Day of Sign Languages is a United Nations observance in the USA
US,2029,2029-09-24,First Day of Sukkot,,Hebrew,"The first day of Sukkot marks the start of the Sukkot festival for Jewish communities in many countries, including the United States."
US,2029,2029-09-26,International Day for the Total Elimination of Nuclear Weapons,,United Nations observance,The International Day for the Total Elimination of Nuclear Weapons raises awareness about the dangers of nuclear weapons.
US,2029,2029-09-27,World Maritime Day,,United Nations observance,"World Maritime Day is held on the last week of September each year, although the exact date is up to individual governments around the world."
US,2029,2029-09-27,World Tourism Day,,United Nations observance,The United Nations’ (UN) World Tourism Day is annually held on September 27 to raise awareness on the benefits of tourism.
US,2029,2029-09-28,International Day for Universal Access to Information,,United Nations observance,International Day for Universal Access to Information is a United Nations observance in the USA
US,2029,2029-09-28,World Rabies Day,,Worldwide observance,World Rabies Day is annually observed on September 28 to raise awareness about rabies and how it can be prevented.
US,2029,2029-09-29,International Day of Awareness of Food Loss and Waste,,United Nations observance,International Day of Awareness of Food Loss and Waste is a United Nations observance in the USA
US,2029,2029-09-29,World Heart Day,,Worldwide observance,World Heart Day raises awareness of cardiovascular diseases and ways to reduce their risk.
US,2029,2029-09-30,Gold Star Mother's Day,,Observance,Gold Star Mother’s Day is annually observed in the United States on the last Sunday of September.
US,2029,2029-09-30,International Translation Day,,United Nations observance,International Translation Day is a United Nations observance in the USA
US,2029,2029-09-30,Last Day of Sukkot,,Hebrew,"Many Jewish communities in countries such as the United States observe the last day of Sukkot, which marks the end of the Sukkot festival."
US,2029,2029-10-01,Child Health Day,,Observance,Child Health Day is annually celebrated in the United States on the first Monday of October.
US,2029,2029-10-01,International Day of Older Persons,,United Nations observance,The United Nations' (UN) International Day of Older Persons is celebrated on October 1 each year as a special day for older persons worldwide.
US,2029,2029-10-01,Shmini Atzeret,,Hebrew,"Shemini Atzeret (or Shmini Atzeret) is a Jewish holiday dedicated to the love of God, while Simchat Torah (Simchas Torah or Simhat Torah) marks the end of Sukkot and celebrates the completion of the annual reading of the Torah."
US,2029,2029-10-01,World Habitat Day,,United Nations observance,The United Nations’ (UN) World Habitat Day reflects on the state of human settlements and people’s right to sufficient shelter.
US,2029,2029-10-01,World Vegetarian Day,,Worldwide observance,"World Vegetarian Day is an annual observation that spreads awareness about the health, environmental, and ethical benefits of following a vegetarian lifestyle. The unofficial holiday encourages people to avoid eating foods that include animal products and to adopt a plant-based diet."
US,2029,2029-10-02,International Day of Non-Violence,,United Nations observance,The United Nations’ (UN) International Day of Non-Violence is a globally observed on October 2 each year to promote non-violence.
US,2029,2029-10-02,Simchat Torah,,Hebrew,Simchat Torah (Simchas Torah or Simhat Torah) is a Jewish holiday that marks the end of Sukkot and celebrates the completion of the annual reading of the Torah.
US,2029,2029-10-04,Feast of St Francis of Assisi,,Christian,"Many Catholics in the United States, particularly those with pets, celebrate the Feast of St Francis of Assisi, the patron saint of animals and the environment, on October 4 each year."
US,2029,2029-10-05,World Teachers' Day,,United Nations observance,The United Nations' (UN) World Teachers' Day commemorates the work of teachers and their contributions to society. It is observed on October 5 each year.
US,2029,2029-10-06,German American Day,,Observance,German American Day is a observance in the USA
US,2029,2029-10-06,World Cerebral Palsy Day,,Worldwide observance,"World Cerebral Palsy Day is an annual awareness observation that brings together people with cerebral palsy, their families and loved ones, and organizations working to ensure equal rights for them."
US,2029,2029-10-08,Columbus Day,,National holiday,Columbus Day celebrates 15th century explorer Christopher Columbus's arrival in America in 1492.
US,2029,2029-10-09,Leif Erikson Day,,Observance,Leif Erikson Day honors the first Scandinavian known to have set foot on American soil and the contribution of the Nordic peoples to the United States.
US,2029,2029-10-09,World Post Day,,United Nations observance,World Post Day marks the anniversary of the Universal Postal Union's establishment in 1874. It is held on October 9 each year.
US,2029,2029-10-10,International Day for Natural Disaster Reduction,,United Nations observance,The United Nations’ (UN) International Day for Natural Disaster Reduction is annually observed on the second Wednesday of October to promote a global culture of natural disaster risk reduction.
US,2029,2029-10-10,World Mental Health Day,,United Nations observance,"World Mental Health Day, which is supported by the United Nations (UN), is annually held on October 10 to raise public awareness about mental health issues worldwide."
US,2029,2029-10-11,International Day of the Girl Child,,United Nations observance,The International Day of the Girl Child is a United Nations (UN) observance on October 11 each year.
US,2029,2029-10-11,World Sight Day,,Worldwide observance,World Sight Day is annually held on the second Thursday of October to raise awareness about blindness and vision impairment.
US,2029,2029-10-13,Navy Birthday,,Observance,"Navy Birthday celebrates the establishment of the United States Navy on October 13, 1775."
US,2029,2029-10-13,World Migratory Bird Day,,United Nations observance,World Migratory Bird Day is observed the second weekend of May every year.
US,2029,2029-10-15,International Day of Rural Women,,United Nations observance,The United Nations’ (UN) International Day of Rural Women is annually celebrated on October 15 to recognize rural women’s role in supporting their communities.
US,2029,2029-10-15,White Cane Safety Day,,Observance,White Cane Safety Day is a United States observance annually held on October 15 to celebrate blind and visually impaired people's achievements and the importance of the white cane.
US,2029,2029-10-16,Boss's Day,,Observance,"Boss’s Day is observed in many workplaces in the United States on October 16, or the nearest working day, each year."
US,2029,2029-10-16,World Food Day,,United Nations observance,World Food Day is celebrated on October 16 each year.
US,2029,2029-10-17,International Day for the Eradication of Poverty,,United Nations observance,The United Nations’ (UN) International Day for the Eradication of Poverty is annually observed on October 17 to promote awareness of the need to eradicate poverty worldwide.
US,2029,2029-10-20,Sweetest Day,,Observance,Sweetest Day is a observance in the USA
US,2029,2029-10-24,United Nations Day,,United Nations observance,United Nations Day marks the anniversary of the United Nations Charter coming into force in 1945 and celebrates the work of this organization. United Nations Day annually falls on October 24.
US,2029,2029-10-24,World Development Information Day,,United Nations observance,The United Nations' (UN) World Development Information Day falls on October 24 each year.
US,2029,2029-10-27,World Day for Audiovisual Heritage,,United Nations observance,The World Day for Audiovisual Heritage is observed on October 27 every year.
US,2029,2029-10-29,World Stroke Day,,Worldwide observance,World Stroke Day is annually held on October 29 to raise awareness about stroke and ways to combat it.
US,2029,2029-10-31,Halloween,,Observance,"Halloween is celebrated by hosting costume parties, playing 'trick-or-treat', watching horror films, visiting haunted houses or carving lanterns out of pumpkins."
US,2029,2029-10-31,World Cities Day,,United Nations observance,World Cities Day is a UN observance that aims to recognize the role of cities as  a foundation for social and economic development.
US,2029,2029-11-01,All Saints' Day,,Christian,"Many Catholics honor all the saints on All Saints' Day, also known as All Hallows' Day, in the United States."
US,2029,2029-11-01,First Day of Native American Heritage Month,,Observance,First Day of Native American Heritage Month is a annual monthly observance in the USA
US,2029,2029-11-01,World Vegan Day,,Worldwide observance,World Vegan Day is an annual observation that brings together vegans around the world to bring attention to animal rights and to spread the word about the health advantages of following a vegan diet.
US,2029,2029-11-02,All Souls' Day,,Christian,"Prayers for the dead are made on All Souls’ Day in the United States, which falls on November 2 each year. The Day of the Dead is also celebrated on this day."
US,2029,2029-11-02,International Day to End Impunity for Crimes against Journalists,,United Nations observance,The International Day to End Impunity for Crimes against Journalists raises awareness about violence against journalists.
US,2029,2029-11-04,New York City Marathon,,Sporting event,The New York City Marathon is one of the world's largest marathons and takes place every year in November.
US,2029,2029-11-05,World Tsunami Awareness Day,,United Nations observance,World Tsunami Awareness Day is a United Nations observance in the USA
US,2029,2029-11-06,Election Day,,Observance,Election Day in the United States of America is the day on which popular ballots are held to select public officials.
US,2029,2029-11-06,International Day for Preventing the Exploitation of the Environment in War and Armed Conflict,,United Nations observance,The United Nations’ (UN) International Day for Preventing the Exploitation of the Environment in War and Armed Conflict is held on November 6 each year.
US,2029,2029-11-10,Marine Corps Birthday,,Observance,"Marine Corps Birthday celebrates the establishment of the United States Marine Corps on November 10, 1775."
US,2029,2029-11-10,World Science Day for Peace and Development,,United Nations observance,The World Science Day for Peace and Development (WSDPD) is celebrated on November 10 each year.
US,2029,2029-11-11,Singles’ Day,,Worldwide observance,
US,2029,2029-11-11,Veterans Day,,National holiday,Veterans Day in the USA is a holiday to honor all who have served in the United States Military Services.
US,2029,2029-11-12,Veterans Day (substitute),,National holiday,Veterans Day in the USA is a holiday to honor all who have served in the United States Military Services.
US,2029,2029-11-12,World Pneumonia Day,,Worldwide observance,"World Pneumonia Day supports all efforts made to protect and treat people against pneumonia, the single largest cause of child deaths worldwide."
US,2029,2029-11-14,World Diabetes Day,,United Nations observance,World Diabetes Day is held annually to raise awareness of diabetes and its complications and the care that people with this condition need. It is observed on November 14 each year.
US,2029,2029-11-15,World Philosophy Day,,United Nations observance,World Philosophy Day is celebrated on the third Thursday of November each year.
US,2029,2029-11-16,Fake Friday,,Worldwide observance,"Many early-bird shoppers look for bargains on Fake Friday to get ahead of the crowds in stores on Black Friday, observed a week later."
US,2029,2029-11-16,International Day for Tolerance,,United Nations observance,The United Nations’ (UN) International Day for Tolerance is observed on November 16 each year to help people understand the importance of tolerance worldwide.
US,2029,2029-11-17,World Prematurity Day,,Worldwide observance, World Prematurity Day is an annual observance that is dedicated to raising awareness about the health and emotional issues surrounding preterm birth.
US,2029,2029-11-18,World Day of Remembrance for Road Traffic Victims,,United Nations observance,The World Day of Remembrance for Road Traffic Victims serves as a major advocacy day for road traffic injury prevention.
US,2029,2029-11-19,International Men's Day,,Worldwide observance,International Men’s Day celebrates men's achievements worldwide and throughout history.
US,2029,2029-11-19,World Toilet Day,,United Nations observance,World Toilet Day aims to promote public awareness of the need for adequate toilets to improve people’s health and save lives.
US,2029,2029-11-20,Africa Industrialization Day,,United Nations observance,Africa Industrialization Day aims to stimulate the international community's commitment to the industrialization of Africa.
US,2029,2029-11-20,Transgender Day of Remembrance,,Worldwide observance,Transgender Day of Remembrance is a worldwide observance in the USA
US,2029,2029-11-20,Universal Children's Day,,United Nations observance,The United Nations' (UN) Universal Children's Day is an occasion to promote the welfare of children and an understanding between children all over the world. It is held on November 20 each year
US,2029,2029-11-21,World Television Day,,United Nations observance,The United Nations’ (UN) World Television Day is globally celebrated on November 21 each year.
US,2029,2029-11-22,Thanksgiving Day,,National holiday,Thanksgiving Day in the United States is traditionally a holiday to give thanks for the food collected at the end of the harvest season.
US,2029,2029-11-23,Black Friday,,Observance,Black Friday is the day after Thanksgiving Day in the USA. It is a busy shopping day and is a holiday in some states.
US,2029,2029-11-23,Native American Heritage Day,,Observance,Native American Heritage Day is a observance in the USA
US,2029,2029-11-25,International Day for the Elimination of Violence against Women,,United Nations observance,The United Nations' (UN) International Day for the Elimination of Violence against Women raises public awareness of violence against women in all countries around the world and at all levels of society. It is observed each year on November 25.
US,2029,2029-11-26,Cyber Monday,,Observance,Most online retailers in the US offer discounted prices on their products and services on Cyber Monday.
US,2029,2029-11-27,Giving Tuesday,,Worldwide observance,
US,2029,2029-11-27,Giving Tuesday,,Observance,The first Tuesday after Thanksgiving has been dubbed “Giving Tuesday” by charities.
US,2029,2029-11-29,International Day of Solidarity with the Palestinian People,,United Nations observance,The United Nations’ (UN) International Day of Solidarity with the Palestinian People is annually observed on November 29.
US,2029,2029-11-30,Day of Remembrance for all Victims of Chemical Warfare,,United Nations observance,The UN’s Day of Remembrance for all Victims of Chemical Warfare is annually observed on April 29.
US,2029,2029-12-01,World AIDS Day,,United Nations observance,The United Nations' (UN) World AIDS Day is annually observed on December 1.
US,2029,2029-12-02,Chanukah/Hanukkah (first day),,Hebrew,"The first day of Hanukkah is the start of the Hanukkah period, which lasts for eight days, from the 25th day of the month of Kislev to the second day of Tevet in the Hebrew calendar."
US,2029,2029-12-02,First Sunday of Advent,,Christian,"Many Christians in the United States observe the first Sunday of Advent, which marks the start of the Christian year."
US,2029,2029-12-02,International Day for the Abolition of Slavery,,United Nations observance,The United Nations’ (UN) International Day for the Abolition of Slavery is annually observed on December 2.
US,2029,2029-12-03,International Day of Persons with Disabilities,,United Nations observance,The United Nations' (UN) International Day of Persons with Disabilities is annually observed on December 3 to re-affirm and draw attention to the rights of people who live with disabilities.
US,2029,2029-12-04,International Day of Banks,,United Nations observance,International Day of Banks is a United Nations observance in the USA
US,2029,2029-12-04,Isra and Mi'raj,,Muslim,"Isra and Mi'raj (Isra Me'raj, Israa and Mi'raaj, Laylat Al-Isra wa Al-Miraj, Lailat al Miraj, Night Journey and Ascension to Heaven) marks the night when the Prophet Mohammad traveled from Mecca to Jerusalem, ascended to heaven and returned."
US,2029,2029-12-05,International Volunteer Day for Economic and Social Development,,United Nations observance,"The United Nations’ (UN) International Volunteer Day for Economic and Social Development, also known as International Volunteer Day (IVD), is observed on December 5 each year."
US,2029,2029-12-05,World Soil Day,,United Nations observance,World Soil Day raises awareness of why soil is needed for sustainable living.
US,2029,2029-12-06,St Nicholas Day,,Observance,Some churches in the United States recognize St Nicholas' Day as a feast day.
US,2029,2029-12-07,International Civil Aviation Day,,United Nations observance,International Civil Aviation Day is observed globally on December 7 each year. It is observed by organizations such as the International Civil Aviation Organization (ICAO).
US,2029,2029-12-07,Pearl Harbor Remembrance Day,,Observance,"National Pearl Harbor Remembrance Day remembers those who died or were injured when Pearl Harbor, in Hawaii, was attacked in 1941."
US,2029,2029-12-08,Feast of the Immaculate Conception,,Christian,The Feast of the Immaculate Conception is a Christian observance on December 8 each year.
US,2029,2029-12-09,International Anti-Corruption Day,,United Nations observance,The United Nations’ (UN) International Anti-Corruption Day is annually observed on December 9 to raise public awareness of corruption and ways to fight it.
US,2029,2029-12-09,Last Day of Chanukah,,Hebrew,"The last day of Hanukkah marks the end of a festive Jewish occasion, known as Hanukkah or Chanukah."
US,2029,2029-12-09,World Genocide Commemoration Day,,United Nations observance,World Genocide Commemoration Day is a UN holiday dedicated to the victims of genocide.
US,2029,2029-12-10,Green Monday,,Worldwide observance,The last Monday at least ten days before Christmas has been dubbed “Green Monday” by online marketers.
US,2029,2029-12-10,Human Rights Day,,United Nations observance,Human Rights Day marks the anniversary of when the Universal Declaration of Human Rights was proclaimed.
US,2029,2029-12-11,International Mountain Day,,United Nations observance,"The United Nations' (UN) International Mountain Day is an occasion to help raise awareness of the people who live in mountainous regions and the role that these regions play in providing food, water, and recreation. It is observed on December 11 each year."
US,2029,2029-12-12,Feast of Our Lady of Guadalupe,,Christian,"The Feast of Our Lady Guadalupe, in honor of Jesus’ mother Mary, is a Catholic observance in the United States."
US,2029,2029-12-12,International Day of Neutrality,,United Nations observance,International Day of Neutrality is a United Nations observance in the USA
US,2029,2029-12-12,International Universal Health Coverage Day,,United Nations observance,International Universal Health Coverage Day is a United Nations observance in the USA
US,2029,2029-12-13,National Guard Birthday,,Observance,National Guard Birthday is a observance in the USA
US,2029,2029-12-15,Bill of Rights Day,,Observance,Bill of Rights Day is a observance in the USA
US,2029,2029-12-16,Asarah B'Tevet,,Hebrew,Asarah B'Tevet is a Jewish holiday in the USA
US,2029,2029-12-17,Pan American Aviation Day,,Observance,"December 17 marks Pan American Aviation Day, which is annually observed in the United States."
US,2029,2029-12-17,Wright Brothers Day,,Observance,The Wright Brothers Day is annually celebrated in the United States on December 17 to commemorate the historic flight made by Orville and Wilbur Wright on that date in 1903.
US,2029,2029-12-18,Arabic Language Day,,United Nations observance,World Arabic Language Day is a United Nations (UN) observance that celebrates one of the organization’s 6 official languages – Arabic.
US,2029,2029-12-18,International Migrants Day,,United Nations observance,The United Nations (UN) International Migrants Day is celebrated on December 18 each year.
US,2029,2029-12-20,International Human Solidarity Day,,United Nations observance,The United Nations' (UN) International Human Solidarity Day is celebrated on December 20 each year to raise public awareness on the importance of solidarity in fighting poverty.
US,2029,2029-12-22,Super Saturday,,Worldwide observance,"The final Saturday before Christmas has become a very popular shopping day in the US, earning the nickname Super Saturday."
US,2029,2029-12-24,Christmas Eve,,"Observance, Christian",Christmas Eve in the United States is on December 24 each year.
US,2029,2029-12-25,Christmas Day,,"Local holiday, Christian",Christmas Day celebrates Jesus Christ's birth.
US,2029,2029-12-25,Christmas Day,,"National holiday, Christian",Christmas Day celebrates Jesus Christ's birth.
US,2029,2029-12-26,Kwanzaa (first day),,Observance,"Kwanzaa is a week-long holiday honoring the culture and traditions of African people and their descendants worldwide, especially in the United States."
US,2029,2029-12-27,International Day of Epidemic Preparedness,,United Nations observance,International Day of Epidemic Preparedness is a United Nations observance in the USA
US,2029,2029-12-31,New Year's Eve,,Observance,New Year's Eve is the last day of the year in the Gregorian calendar. Many parties to welcome the New Year are held in in the United States on New Year's Eve.
US,2030,2030-01-01,New Year's Day,,National holiday,"New Year's Day is the first day of the Gregorian calendar, which is widely used in many countries such as the USA."
US,2030,2030-01-04,World Braille Day,,United Nations observance,"World Braille Day celebrates the life and achievements of Louis Braille, who invented the braille code for the visually impaired."
US,2030,2030-01-06,Epiphany,,Christian,"Many people in the United States annually observe Epiphany, or Three Kings’ Day, on January 6. It is a Christian observance and a public holiday in the US Virgin Islands."
US,2030,2030-01-06,Ramadan Starts,,Muslim,"Many Muslims in the United States fast in the hours of daylight during Ramadan, the ninth month in the Islamic calendar."
US,2030,2030-01-07,International Programmers' Day,,Worldwide observance,"Many people celebrate International Programmers’ Day on January 7, while others observe this event on the 256th day of the year, usually on September 13 or on September 12 in leap years."
US,2030,2030-01-07,Orthodox Christmas Day,,Orthodox,Many Orthodox Christian churches in countries such as the United States observe Christmas Day on or near January 7 in the Gregorian calendar.
US,2030,2030-01-13,Stephen Foster Memorial Day,,Observance,"Stephen Foster Memorial Day is annually observed in the United States on January 13. The day remembers the achievements of Stephen Foster, who is known as the “father of American music”."
US,2030,2030-01-14,Orthodox New Year,,Orthodox,Many Orthodox Christian churches in countries such as the United States celebrate New Year’s Day on January 14 in the Gregorian calendar.
US,2030,2030-01-19,Tu Bishvat/Tu B'Shevat,,Hebrew,"Tu B’Shevat, known as the “New Year for Trees”, is a Jewish festival similar to Arbor Day."
US,2030,2030-01-20,World Religion Day,,Worldwide observance,World Religion Day fosters interfaith dialogue and understanding of all religions.
US,2030,2030-01-21,Martin Luther King Jr. Day,,National holiday,Martin Luther King Day marks the anniversary of the date of birth of the influential American civil right leader of the same name.
US,2030,2030-01-24,International Day of Education,,United Nations observance,International Day of Education is a United Nations observance in the USA
US,2030,2030-01-26,International Customs Day,,Worldwide observance,International Customs Day celebrates custom personnel and agencies worldwide.
US,2030,2030-01-27,International Day of Commemoration in Memory of the Victims of the Holocaust,,United Nations observance,The United Nations' (UN) International Day of Commemoration in Memory of the Victims of the Holocaust remembers those who died and suffered during the Holocaust before and during World War II. It is on January 27 each year.
US,2030,2030-01-27,World Leprosy Day,,Worldwide observance,"World Leprosy Day brings awareness of leprosy, also known as Hansen's disease, and ways to prevent the disease."
US,2030,2030-01-31,Lailat al-Qadr,,Muslim,Laylat al Qadr is most likely to be held on one of the last 10 days of month of Ramadan in the Islamic calendar.
US,2030,2030-02-01,First Day of Black History Month,,Observance,First Day of Black History Month is a annual monthly observance in the USA
US,2030,2030-02-01,National Freedom Day,,Observance,National Freedom Day in the United States is observed on February 1 each year.
US,2030,2030-02-01,National Wear Red Day,,Observance,National Wear Red Day® raises public awareness of heart disease in women and ways to avoid and combat this problem.
US,2030,2030-02-02,Groundhog Day,,Observance,Many people in the United States observe Groundhog Day on February 2.
US,2030,2030-02-02,World Wetlands Day,,Worldwide observance,World Wetlands Day raises awareness about the important role that the wetlands play in the environment and in our lives.
US,2030,2030-02-03,Lunar New Year,,Observance,Lunar New Year marks the first day of the New Year in the Chinese calendar.
US,2030,2030-02-04,International Day of Human Fraternity,,United Nations observance,International Day of Human Fraternity is a United Nations observance in the USA
US,2030,2030-02-04,World Cancer Day,,Worldwide observance,World Cancer Day is an annual global event on February 4 to raise people’s awareness of cancer.
US,2030,2030-02-05,Eid al-Fitr,,Muslim,"Eid al-Fitr is a holiday to mark the end of the Islamic month of Ramadan, during which Muslims fast during the hours of daylight."
US,2030,2030-02-06,International Day of Zero Tolerance for Female Genital Mutilation,,United Nations observance,The International Day of Zero Tolerance for Female Genital Mutilation is an awareness campaign to end a harmful practice that violates girls’ and women’s rights.
US,2030,2030-02-06,National Girls and Women in Sports Day,,Observance,National Girls and Women in Sports Day is a observance in the USA
US,2030,2030-02-10,Super Bowl,,Sporting event,The Super Bowl is the championship game of the National Football League (NFL) in the United States. It is played every year in February.
US,2030,2030-02-10,World Pulses Day,,United Nations observance,World Pulses Day is a United Nations observance in the USA
US,2030,2030-02-11,International Day of Women and Girls in Science,,United Nations observance,The International Day of Women and Girls in Science is a UN holiday to recognize the critical role women and girls play in science and technology communities.
US,2030,2030-02-11,World Day of the Sick,,Worldwide observance,World Day of the Sick is a global event when people remember or pray for the sick.
US,2030,2030-02-13,World Radio Day,,United Nations observance,World Radio Day is an annual United Nations (UN) event that promotes the importance of the radio in communicating information worldwide.
US,2030,2030-02-14,Valentine's Day,,Observance,Valentine's Day is an occasion to celebrate romantic love.
US,2030,2030-02-18,Presidents' Day,,National holiday,"Washington's Birthday, or Presidents' Day, honors the life and work of the first president of the United States, George Washington."
US,2030,2030-02-20,World Day of Social Justice,,United Nations observance,"The United Nations' (UN) World Day of Social Justice promotes poverty eradication, full employment and social integration. It is on February 20 each year."
US,2030,2030-02-21,International Mother Language Day,,United Nations observance,The United Nations' (UN) International Mother Language Day is annually held on February 21 to celebrate languages spoken worldwide. It also observes the human right to use these languages.
US,2030,2030-03-01,Employee Appreciation Day,,Observance,"Employee Appreciation Day is a US unofficial observance that recognizes and appreciates employees in all industries, aimed at helping employers keep their staff."
US,2030,2030-03-01,First Day of Irish American Heritage Month,,Observance,First Day of Irish American Heritage Month is a annual monthly observance in the USA
US,2030,2030-03-01,First Day of Women's History Month,,Observance,First Day of Women's History Month is a annual monthly observance in the USA
US,2030,2030-03-01,Read Across America Day,,Observance,Read Across America Day is observed in the United States on March 2 each year.
US,2030,2030-03-01,Self-Injury Awareness Day,,Worldwide observance,
US,2030,2030-03-01,St. David's Day,,"Observance, Christian","Many Welsh communities in the United States celebrate the life of their patron saint, St David, and their links with Wales on St David’s Day."
US,2030,2030-03-01,Zero Discrimination Day,,United Nations observance,"Discrimination Day highlights the negative impacts of discrimination and promotes tolerance, compassion and peace."
US,2030,2030-03-03,World Wildlife Day,,United Nations observance,"World Wildlife Day celebrates all flora and fauna, including animals, on Earth."
US,2030,2030-03-05,Shrove Tuesday/Mardi Gras,,"Observance, Christian","Shrove Tuesday is traditionally known as the day prior to Lent but it also serves as a day of celebration, known as Mardi Gras."
US,2030,2030-03-06,Ash Wednesday,,Christian,"Ash Wednesday is a Christian observance that marks the first day of Lent, which is prior to Easter."
US,2030,2030-03-08,International Women's Day,,United Nations observance,International Women’s Day celebrates women’s achievements worldwide and throughout history.
US,2030,2030-03-10,International Day of Women Judges,,United Nations observance,International Day of Women Judges is a United Nations observance in the USA
US,2030,2030-03-14,World Kidney Day,,Worldwide observance,World Kidney Day is an annual observation that attempts to raise global awareness about the importance of kidney health and tries to bring attention to the unique challenges faced by those who suffer from Chronic Kidney Disease.
US,2030,2030-03-15,Long Covid Awareness Day,,Worldwide observance,Long Covid Awareness Day is a worldwide observance in the USA
US,2030,2030-03-17,St. Patrick's Day,,"Observance, Christian","St Patrick's Day marks the life and deeds of St Patrick, one of Ireland's patron saints. It is an Irish-American celebration in the USA."
US,2030,2030-03-19,Purim,,Hebrew,"Purim commemorates a time when Jewish people were saved from death around the fourth century BCE, according to the Book of Esther."
US,2030,2030-03-20,French Language Day,,United Nations observance,French Language Day is a United Nations observance in the USA
US,2030,2030-03-20,International Day of Happiness,,United Nations observance,International Day of Happiness aims to promote the idea that the pursuit of happiness is universal.
US,2030,2030-03-21,International Day for the Elimination of Racial Discrimination,,United Nations observance,The United Nations’ (UN) International Day for the Elimination of Racial Discrimination is annually observed on March 21.
US,2030,2030-03-21,International Day of Forests,,United Nations observance,"International Day of Forests raises awareness on forests and trees, including their role in climate change."
US,2030,2030-03-21,International Day of Nowruz,,United Nations observance,"The UN’s International Day of Nowruz, also known as Nowruz, No-Ruz, No-Rooz or No Ruz, is observed on March 21 each year."
US,2030,2030-03-21,World Down Syndrome Day,,United Nations observance,World Down Syndrome Day is held on March 21 every year.
US,2030,2030-03-21,World Poetry Day,,United Nations observance,World Poetry Day celebrates poetry around the world on March 21 each year.
US,2030,2030-03-22,World Water Day,,United Nations observance,World Water Day aims to increase people's awareness of the water's importance in all aspects of life.
US,2030,2030-03-23,World Meteorological Day,,United Nations observance,"World Meteorological Day marks the anniversary of the World Meteorological Organization's establishment on March 23, 1950."
US,2030,2030-03-24,International Day for the Right to the Truth concerning Gross Human Rights Violations and for the Dignity of Victims,,United Nations observance,March 24 is the UN’s International Day for the Right to the Truth concerning Gross Human Rights Violations and for the Dignity of Victims
US,2030,2030-03-24,World Tuberculosis Day,,United Nations observance,World Tuberculosis Day is annually held on March 24 to raise awareness of tuberculosis and ways to eradicate the disease.
US,2030,2030-03-25,International Day of Remembrance of Slavery Victims and the Transatlantic Slave Trade,,United Nations observance,"The International Day of Remembrance of the Victims of Slavery and the Transatlantic Slave Trade remembers the lives of Africans who were forced into slavery in North, Central and South America."
US,2030,2030-03-25,International Day of Solidarity with Detained and Missing Staff Members,,United Nations observance,The UN’s International Day of Solidarity with Detained and Missing Staff Members is annually held on March 25.
US,2030,2030-03-29,National Vietnam War Veterans Day,,Observance,National Vietnam War Veterans Day is an US observance to honor US military members who served during the Vietnam War.
US,2030,2030-03-30,Doctors' Day,,Observance,Doctors' Day is a observance in the USA
US,2030,2030-03-30,Earth Hour,,Worldwide observance,Earth Hour is an annual event in which many people worldwide turn their lights off on the last Saturday in March.
US,2030,2030-03-31,International Transgender Day of Visibility,,Worldwide observance,International Transgender Day of Visibility is a worldwide observance in the USA
US,2030,2030-04-01,April Fool's Day,,Worldwide observance,"April Fool's Day, on April 1, is a day to play practical jokes and tricks."
US,2030,2030-04-02,World Autism Awareness Day,,United Nations observance,"World Autism Awareness Day raises an awareness of issues surrounding people, particularly children, with autism worldwide."
US,2030,2030-04-04,United Nations' Mine Awareness Day,,United Nations observance,The United Nations' International Day for Mine Awareness and Assistance in Mine Action is annually observed on April 4.
US,2030,2030-04-05,International Day of Conscience,,United Nations observance,International Day of Conscience is a United Nations observance in the USA
US,2030,2030-04-06,International Day of Sport for Development and Peace,,United Nations observance,The International Day of Sport for Development and Peace aims to bring goodwill and positive social outcomes through sporting achievements.
US,2030,2030-04-06,National Tartan Day,,Observance,National Tartan Day is annually observed on April 6 to honor the major role that Scottish Americans played in the founding of the United States of America.
US,2030,2030-04-07,Day of Remembrance of the Victims of the Rwanda Genocide,,United Nations observance,The UN’s Day of Remembrance of the Victims of the Rwanda Genocide is observed on April 7 each year.
US,2030,2030-04-07,United Nations' World Health Day,,United Nations observance,"The World Health Organization, the United Nations' the directing and coordinating authority for health, annually highlights one of its priorities for global health on World Health Day."
US,2030,2030-04-09,National Library Workers' Day,,Observance,"National Library Workers’ Day recognizes the efforts and achievements that librarians make to give Americans access to information via books, computers and other media."
US,2030,2030-04-12,International Day of Human Space Flight,,United Nations observance,The UN’s International Day of Human Space Flight is annually held on April 12.
US,2030,2030-04-13,Thomas Jefferson's Birthday,,Observance,Americans celebrate president Thomas Jefferson's Birthday on April 13.
US,2030,2030-04-14,Eid al-Adha,,Muslim,"For more than 3 millions Muslims in the US, Eid al-Adha, the Festival of Sacrifice, is one of the most important dates in the calendar."
US,2030,2030-04-14,Palm Sunday,,Christian,Palm Sunday in the United States celebrates Jesus Christ’s entry into Jerusalem. It is also the Sunday before Easter Sunday.
US,2030,2030-04-14,World Chagas Disease Day,,United Nations observance,World Chagas Disease Day is a United Nations observance in the USA
US,2030,2030-04-15,Boston Marathon,,Sporting event,Boston Marathon is one of the world's oldest yearly marathon. It is held annually on Patriot's Day in the month of April.
US,2030,2030-04-15,Tax Day,,Observance,Tax Day is the deadline for United States residents to file details of their income to the Internal Revenue Service (IRS) so that their liability for income tax can be assessed.
US,2030,2030-04-15,World Art Day,,Worldwide observance,World Art Day is a worldwide observance in the USA
US,2030,2030-04-17,Passover Eve,,Hebrew,Passover Eve is a Jewish holiday in the USA
US,2030,2030-04-18,International Day for Monuments and Sites,,Worldwide observance,The International Day for Monuments and Sites raises awareness on preserving and conserving historical and archeological heritage sites.
US,2030,2030-04-18,Maundy Thursday,,Christian,"Maundy Thursday, which is also known as Holy Thursday, is the day before Good Friday."
US,2030,2030-04-18,Passover (first day),,Hebrew,Passover marks the Israelites' liberation from slavery and their exodus from Egypt around 3000 years ago.
US,2030,2030-04-19,Good Friday,,"Local holiday, Christian",Good Friday commemorates Jesus Christ's crucifixion.
US,2030,2030-04-20,Chinese Language Day,,United Nations observance,Chinese Language Day is a United Nations observance that celebrates one of the organization’s 6 official languages – Chinese.
US,2030,2030-04-20,Holy Saturday,,Christian,Holy Saturday is the day before Easter Sunday in the United States.
US,2030,2030-04-21,Easter Sunday,,"Observance, Christian","Easter Sunday is an important day in the Christian church calendar because it celebrates Jesus Christ's resurrection, according to Christian belief."
US,2030,2030-04-21,World Creativity and Innovation Day,,United Nations observance,World Creativity and Innovation Day is a United Nations observance in the USA
US,2030,2030-04-22,Earth Day,,United Nations observance,The United Nations' International Mother Earth Day promotes environmental awareness and calls for the protection of our planet.
US,2030,2030-04-22,Easter Monday,,"Observance, Christian",Easter Monday is the day after Easter Sunday. It is not a federal holiday in the United States of America (USA).
US,2030,2030-04-23,English Language Day,,United Nations observance,"English Language Day promotes the history, culture and accomplishments of the English language."
US,2030,2030-04-23,World Book and Copyright Day,,United Nations observance,World Book and Copyright Day is an occasion to celebrate the contribution of books and authors to our global culture and the connection between copyright and books.
US,2030,2030-04-23,World Spanish Language Day,,United Nations observance,World Spanish Language Day is a United Nations observance in the USA
US,2030,2030-04-24,Administrative Professionals Day,,Observance,Administrative Professionals Day® is on the Wednesday of the last full week of April. It remembers the important role of administrative professionals.
US,2030,2030-04-24,International Day of Multilateralism and Diplomacy for Peace,,United Nations observance,International Day of Multilateralism and Diplomacy for Peace is a United Nations observance in the USA
US,2030,2030-04-25,International Delegate's Day,,United Nations observance,International Delegate's Day is a United Nations observance in the USA
US,2030,2030-04-25,International Girls in ICT Day,,United Nations observance,International Girls in ICT Day is a United Nations observance in the USA
US,2030,2030-04-25,Last Day of Passover,,Hebrew,"The last day of Passover marks the end of the Passover period, which lasts for seven or eight days."
US,2030,2030-04-25,Take our Daughters and Sons to Work Day,,Observance,Take our Daughters and Sons to Work Day is a observance in the USA
US,2030,2030-04-25,World Malaria Day,,United Nations observance,World Malaria Day is annually observed on April 25 to promote efforts that provide effective control of malaria worldwide.
US,2030,2030-04-26,International Chernobyl Disaster Remembrance Day,,United Nations observance,International Chernobyl Disaster Remembrance Day is a UN holiday designed to raise awareness of the consequences of the 1986 nuclear accident.
US,2030,2030-04-26,Orthodox Good Friday,,Orthodox,Many Orthodox Christians in the United States remember the events leading up to Jesus Christ's crucifixion on Great Friday.
US,2030,2030-04-26,World Intellectual Property Day,,United Nations observance,World Intellectual Property Day is annually held on April 26 to increase awareness and understanding of intellectual property worldwide.
US,2030,2030-04-27,Orthodox Holy Saturday,,Orthodox,Many Orthodox Christians in the United States remember Jesus Christ’s burial and his descent into Hades on Holy Saturday.
US,2030,2030-04-28,Orthodox Easter,,Orthodox,"Many Orthodox Christians in the United States mark Easter Sunday, also known as Pascha, as the day Jesus Christ was resurrected, according to the Christian bible."
US,2030,2030-04-28,World Day for Safety and Health at Work,,United Nations observance,The World Day for Safety and Health at Work is observed on April 28 each year.
US,2030,2030-04-29,Orthodox Easter Monday,,Orthodox,Many Orthodox churches in the United States observe Easter Monday on the day after the Orthodox Easter Sunday date.
US,2030,2030-04-30,International Jazz Day,,United Nations observance,"International Jazz Day recognizes the historical, cultural, and educational contribution of jazz."
US,2030,2030-04-30,Yom HaShoah,,Hebrew,Many people in the United States observe Yom Hashoah by remembering Holocaust victims who died during World War II.
US,2030,2030-05-01,First Day of Asian Pacific American Heritage Month,,Observance,First Day of Asian Pacific American Heritage Month is a annual monthly observance in the USA
US,2030,2030-05-01,First Day of Jewish American Heritage Month,,Observance,First Day of Jewish American Heritage Month is a annual monthly observance in the USA
US,2030,2030-05-01,First Day of Military Appreciation Month,,Observance,First Day of Military Appreciation Month is a annual monthly observance in the USA
US,2030,2030-05-01,Law Day,,Observance,Law Day in the United States is annually held on May 1.
US,2030,2030-05-01,Loyalty Day,,Observance,Loyalty Day is a special day for people to reaffirm their loyalty to the United States and to recognize the heritage of American freedom.
US,2030,2030-05-02,National Day of Prayer,,Observance,"National Day of Prayer is held on the first Thursday of May each year, inviting Americans of all faiths to pray for the country and its leaders."
US,2030,2030-05-02,World Tuna Day,,United Nations observance,World Tuna Day is a UN holiday designed to raise awareness of the global importance of tuna.
US,2030,2030-05-03,Kentucky Oaks,,Sporting event,The Kentucky Oaks is a rade 1 Stakes horse race held annually on the Friday before the Kentucky Derby in May.
US,2030,2030-05-03,World Press Freedom Day,,United Nations observance,World Press Freedom Day focuses on the importance of the freedom of the press and freedom of expression.
US,2030,2030-05-04,Kentucky Derby,,Sporting event,"Kentucky Derby is a Grade I Stakes horse race held annually in Louisville, Kentucky in May."
US,2030,2030-05-04,Muharram,,Muslim,"The first day of Muharram, which is the first month in the Islamic calendar, marks the start of the Islamic New Year."
US,2030,2030-05-04,National Explosive Ordnance Disposal (EOD) Day,,Observance,National Explosive Ordnance Disposal (EOD) Day is an occasion to remember those serving the profession of explosive ordnance disposal in the United States Armed Forces.
US,2030,2030-05-05,Cinco de Mayo,,Observance,"'Cinco de Mayo' means ""Fifth of May"" in Spanish and is a festival of Mexican pride and heritage."
US,2030,2030-05-05,International Family Equality Day,,Worldwide observance,International Family Equality Day is a worldwide observance in the USA
US,2030,2030-05-05,World Portuguese Language Day,,United Nations observance,World Portuguese Language Day is a United Nations observance in the USA
US,2030,2030-05-06,National Nurses Day,,Observance,National Nurses Day is an occasion to honor the work of nurses.
US,2030,2030-05-07,National Teacher Appreciation Day,,Observance,National Teacher Appreciation Day is a observance in the USA
US,2030,2030-05-08,Time of Remembrance and Reconciliation for Those Who Lost Their Lives during the Second World War,,United Nations observance,"The United Nations’ (UN) Time of Remembrance and Reconciliation for Those Who Lost Their Lives during the Second World War is annually held over two days, from May 8-9."
US,2030,2030-05-08,Victory in Europe Day,,Observance,Victory in Europe Day is a observance in the USA
US,2030,2030-05-08,World Ovarian Cancer Day,,Worldwide observance,World Ovarian Cancer Day aims to spread global awareness about ovarian cancer.
US,2030,2030-05-08,World Red Cross and Red Crescent Day,,Worldwide observance,World Red Cross and Red Crescent Day is a worldwide observance in the USA
US,2030,2030-05-08,Yom Ha'atzmaut,,Hebrew,"Many Jewish communities in the United States celebrate Yom Ha’Atzmaut, which is Israel’s Independence Day, on the fifth day of the month of Iyar in the Jewish calendar."
US,2030,2030-05-10,International Day of Argania,,United Nations observance,International Day of Argania is a United Nations observance in the USA
US,2030,2030-05-10,Military Spouse Appreciation Day,,Observance,Appreciate and thank all the military spouses and partners you know on Military Spouse Appreciation Day.
US,2030,2030-05-11,World Migratory Bird Day,,United Nations observance,World Migratory Bird Day is observed the second weekend of May every year.
US,2030,2030-05-12,International Nurses Day,,Worldwide observance,International Nurses Day focuses on the critical contribution of nurses around the world in maintaining public health.
US,2030,2030-05-12,Mother's Day,,Observance,Mother's Day celebrates the role of mothers and mother figures.
US,2030,2030-05-13,Ashura,,Muslim,Ashura is a Muslim in the USA
US,2030,2030-05-15,International Day of Families,,United Nations observance,"The International Day of Families is an occasion to celebrate the importance of families to people, societies and cultures around the world."
US,2030,2030-05-15,Peace Officers Memorial Day,,Observance,"Peace Officers Memorial Day is held annually in the United States on May 15 in honor of federal, state and local officers killed or disabled in the line of duty."
US,2030,2030-05-16,International Day of Light,,United Nations observance,International Day of Light is a United Nations observance in the USA
US,2030,2030-05-16,International Day of Living Together in Peace,,United Nations observance,International Day of Living Together in Peace is a United Nations observance in the USA
US,2030,2030-05-17,National Defense Transportation Day,,Observance,National Defense Transportation Day occurs annually in the United States on the third Friday of May.
US,2030,2030-05-17,World Telecommunication and Information Society Day,,United Nations observance,World Information Society Day is celebrated each year to raise awareness of how information and communication can be beneficial for societies and economies.
US,2030,2030-05-18,Armed Forces Day,,Observance,Armed Forces Day is a national observance in the United States on the third Saturday of May each year.
US,2030,2030-05-18,Preakness Stakes,,Sporting event,The Preakness Stakes is the second event in the Triple Crown and is annually held two weeks after the Kentucky Derby.
US,2030,2030-05-20,World Autoimmune / Autoinflammatory Arthritis Day,,Worldwide observance,World Autoimmune / Autoinflammatory Arthritis Day is a worldwide observance in the USA
US,2030,2030-05-20,World Bee Day,,United Nations observance,World Bee Day is a United Nations observance in the USA
US,2030,2030-05-21,International Tea Day,,United Nations observance,International Tea Day is a United Nations observance in the USA
US,2030,2030-05-21,Lag BaOmer,,Hebrew,Many Jewish Americans observe Lag B’Omer on the 18th day of the month of Iyar in the Jewish calendar.
US,2030,2030-05-21,World Day for Cultural Diversity for Dialogue and Development,,United Nations observance,"The World Day for Cultural Diversity for Dialogue and Development, held on May 21, is an occasion for people to deepen their understanding of cultural diversity."
US,2030,2030-05-22,Emergency Medical Services for Children Day,,Observance,"Emergency Medical Services for Children (EMSC) Day is observed on the Wednesday of Emergency Medical Services (EMS) Week, May 19–25, in the United States."
US,2030,2030-05-22,International Day for Biological Diversity,,United Nations observance,The International Day for Biological Diversity is an occasion to increase the global understanding and awareness of issues and challenges around biodiversity.
US,2030,2030-05-22,National Maritime Day,,Observance,"National Maritime Day is annually observed in the United States on May 22. It is a time to observe its maritime heritage, to honor those who served as merchant mariners, and to recognize the benefits of the maritime industry."
US,2030,2030-05-23,International Day to End Obstetric Fistula,,United Nations observance,The International Day to End Obstetric Fistula raises awareness of fistula and calls for support to tackle the problem.
US,2030,2030-05-25,African Liberation Day,,Worldwide observance,African Liberation Day celebrates African nations' hard-fought freedom from European colonial powers.
US,2030,2030-05-25,National Missing Children's Day,,Observance,National Missing Children's Day is an observation dedicated to addressing the problem of child abduction.
US,2030,2030-05-27,Memorial Day,,National holiday,Memorial Day commemorates all Americans who have died in military service for the United States.
US,2030,2030-05-29,International Day of United Nations Peacekeepers,,United Nations observance,The International Day of United Nations Peacekeepers is an occasion to pay tribute to people who served in United Nations (UN) peacekeeping operations.
US,2030,2030-05-30,Ascension Day,,Christian,Ascension Day is the 40th day of Easter and commemorates the ascension of Jesus Christ into heaven.
US,2030,2030-05-31,World No Tobacco Day,,United Nations observance,World No Tobacco Day draws attention to the health problems caused by tobacco use.
US,2030,2030-06-01,First Day of Caribbean-American Heritage Month,,Observance,First Day of Caribbean-American Heritage Month is a annual monthly observance in the USA
US,2030,2030-06-01,First Day of Pride Month,,Observance,First Day of Pride Month is a annual monthly observance in the USA
US,2030,2030-06-01,Global Day of Parents,,United Nations observance,Global Day of Parents appreciates the role of a parent in nurturing and fostering growth for their children.
US,2030,2030-06-03,World Bicycle Day,,United Nations observance,World Bicycle Day is a United Nations observance in the USA
US,2030,2030-06-04,International Day of Innocent Children Victims of Aggression,,United Nations observance,The United Nations' (UN) International Day of Innocent Children Victims of Aggression is observed on June 4 each year.
US,2030,2030-06-05,"International Day for the Fight against Illegal, Unreported and Unregulated Fishing",,United Nations observance,"International Day for the Fight against Illegal, Unreported and Unregulated Fishing is a United Nations observance in the USA"
US,2030,2030-06-05,World Environment Day,,United Nations observance,World Environment Day is held each year on June 5. It is one of the principal vehicles through which the United Nations (UN) stimulates worldwide awareness of the environment and enhances political attention and action.
US,2030,2030-06-06,D-Day,,Observance,"D-Day is a special anniversary in some countries, including the United States (U.S.), to remember Allied forces’ invasion of Normandy, France, in the Second World War."
US,2030,2030-06-06,Day of the Russian Language,,United Nations observance,Day of the Russian Language is a United Nations observance in the USA
US,2030,2030-06-07,Shavuot,,Hebrew,"Shavuot, also known as the Festival of Weeks, is one of three major Jewish festivals."
US,2030,2030-06-07,World Food Safety Day,,United Nations observance,World Food Safety Day is a United Nations observance in the USA
US,2030,2030-06-08,Belmont Stakes,,Sporting event,The Belmont Stakes is the third and final horse race of the Triple Crown. It is run annually five weeks after the Kentucky Derby.
US,2030,2030-06-08,World Oceans Day,,United Nations observance,World Oceans Day is annually observed on June 8 to raise awareness of the challenges humanity faces to protect the world's oceans.
US,2030,2030-06-09,Pentecost,,Christian,"Many Christians in the United States observe Pentecost, also known as Whitsunday or Whit Sunday."
US,2030,2030-06-10,Whit Monday,,Christian,"Many Christians in the United States will observe Whit Monday, or Pentecost Monday. It is the day after Pentecost, which is also known as Whit Sunday or Whitsunday."
US,2030,2030-06-12,Loving Day,,Observance,Loving Day is a observance in the USA
US,2030,2030-06-12,World Day Against Child Labour,,United Nations observance,Poverty and injustice against widows is a world-wide problem addressed by International Widows' Day.
US,2030,2030-06-13,International Albinism Awareness Day,,United Nations observance,International Albinism Awareness Day aims to stop the persecution and murders of people with albinism.
US,2030,2030-06-14,Army Birthday,,Observance,Army Birthday is a observance in the USA
US,2030,2030-06-14,Flag Day,,Observance,Flag Day is annually held on June 14 to honor the United States flag.
US,2030,2030-06-14,World Blood Donor Day,,United Nations observance,On World Blood Donor Day numerous events are held worldwide to raise awareness about the importance of safe blood supplies.
US,2030,2030-06-15,World Elder Abuse Awareness Day,,United Nations observance,"World Elder Abuse Awareness Day attempts to shine a light on the problem of physical, emotional, and financial abuse of elders."
US,2030,2030-06-16,Father's Day,,Observance,Father's Day celebrates the contribution that fathers and father figures make to the lives of their children.
US,2030,2030-06-16,International Day of Family Remittances,,United Nations observance,The UN estimates that family remittances worth over 500 billion US$ are transferred worldwide every year.
US,2030,2030-06-16,Trinity Sunday,,Christian,Trinity Sunday is the first Sunday after Pentecost and is celebrated by many Christians in the United States.
US,2030,2030-06-17,World Day to Combat Desertification and Drought,,United Nations observance,The United Nations' World Day to Combat Desertification and Drought is observed worldwide on June 17 each year.
US,2030,2030-06-18,Sustainable Gastronomy Day,,United Nations observance,Sustainable Gastronomy Day is a United Nations observance in the USA
US,2030,2030-06-19,International Day for the Elimination of Sexual Violence in Conflict,,United Nations observance,International Day for the Elimination of Sexual Violence in Conflict is a UN day aiming to rid the world of conflict-related sexual violence.
US,2030,2030-06-19,Juneteenth,,National holiday,"Juneteenth, also known as Freedom Day and Emancipation Day, is a holiday or observance in many US states to celebrate the anniversary of the abolition of slavery in Texas on June 19, 1865."
US,2030,2030-06-20,American Eagle Day,,Observance,"Observed annually on June 20 in 47 American states, American Eagle Day is an unofficial holiday that celebrates the removal of the American Bald Eagle from a list of ""endangered species""."
US,2030,2030-06-20,Corpus Christi,,Christian,Corpus Christi is observed in honor of the Holy Eucharist.
US,2030,2030-06-20,World Refugee Day,,United Nations observance,"The United Nations' World Refugee Day honors refugees' courage, strength and determination."
US,2030,2030-06-21,International Day of Yoga,,United Nations observance,The International Day of Yoga is a UN-day that aims to raise awareness worldwide of the many benefits of practicing yoga.
US,2030,2030-06-21,International Day of the Celebration of the Solstice,,United Nations observance,International Day of the Celebration of the Solstice is a United Nations observance in the USA
US,2030,2030-06-23,International Widows' Day,,United Nations observance,Poverty and injustice against widows is a world-wide problem addressed by International Widows' Day.
US,2030,2030-06-23,Public Service Day,,United Nations observance,The United Nations’ Public Service Day celebrates the idea that democracy and successful governance depend on a competent civil service.
US,2030,2030-06-25,Day of the Seafarer,,United Nations observance,"The Day of the Seafarer aims to acknowledge the social, and economic contribution of the millions of seafarers around the world."
US,2030,2030-06-26,International Day Against Drug Abuse and Illicit Trafficking,,United Nations observance,The United Nations’ (UN) International Day Against Drug Abuse and Illicit Trafficking raise awareness about the dangers of illicit drugs.
US,2030,2030-06-26,International Day in Support of Victims of Torture,,United Nations observance,The United Nations’ (UN) International Day in Support of Victims of Torture is annually observed on June 26 to remind people that human torture is not only unacceptable – it is also a crime.
US,2030,2030-06-27,"Micro-, Small and Medium-sized Enterprises Day",,United Nations observance,"Micro-, Small and Medium-sized Enterprises Day is a United Nations observance in the USA"
US,2030,2030-06-29,International Day of the Tropics,,United Nations observance,International Day of the Tropics is a United Nations observance in the USA
US,2030,2030-06-30,International Asteroid Day,,United Nations observance,The United Nations established International Asteroid Day to raise public awareness of the asteroid impact hazard.
US,2030,2030-06-30,International Day of Parliamentarism,,United Nations observance,International Day of Parliamentarism is a United Nations observance in the USA
US,2030,2030-07-04,Independence Day,,National holiday,"On Independence Day, Americans celebrate the anniversary of publication of the Declaration of Independence from Great Britain in 1776."
US,2030,2030-07-06,International Day of Cooperatives,,United Nations observance,"The United Nations' (UN) International Day of Cooperatives recognizes and reaffirms the role of cooperatives in economic, social and cultural development and in the achievement of social policy objectives."
US,2030,2030-07-11,World Population Day,,United Nations observance,The United Nations' (UN) World Population Day reaffirms the human right to plan for a family.
US,2030,2030-07-13,The Prophet's Birthday,,Muslim,Eid Milad ul-Nabi (Mawlid or Milad-un-Nabi) commemorates the Prophet Muhammed's birthday.
US,2030,2030-07-14,Bastille Day,,Observance,Bastille Day is a observance in the USA
US,2030,2030-07-15,World Youth Skills Day,,United Nations observance,Acquiring skills enhances youths' ability to make informed choices and empowers them to gain access to changing labor markets.
US,2030,2030-07-16,Rural Transit Day,,Observance,Rural Transit Day is a observance in the USA
US,2030,2030-07-18,Nelson Mandela Day,,United Nations observance,Nelson Mandela International Day is annually observed on July 18 to recognize the former South African president’s contribution to peace and freedom.
US,2030,2030-07-20,World Chess Day,,United Nations observance,World Chess Day is a United Nations observance in the USA
US,2030,2030-07-25,World Drowning Prevention Day,,United Nations observance,World Drowning Prevention Day is a United Nations observance in the USA
US,2030,2030-07-27,National Korean War Veterans Armistice Day,,Observance,National Korean War Veterans Armistice Day is a observance in the USA
US,2030,2030-07-28,Parents' Day,,Observance,Parents’ Day is celebrated in the United States on the fourth Sunday of July each year to recognize and promote parenting as a crucial part of families and the wider community.
US,2030,2030-07-28,World Hepatitis Day,,United Nations observance,World Hepatitis Day is observed on July 28 every year to raise awareness of hepatitis and encourage prevention and treatment.
US,2030,2030-07-30,International Day of Friendship,,United Nations observance,The International Day of Friendship is annually held on July 30 to celebrate friendships worldwide.
US,2030,2030-07-30,World Day Against Trafficking in Persons,,United Nations observance,July 30 is the UN World Day Against Trafficking in Persons
US,2030,2030-08-04,Barack Obama Day,,Observance,Barack Obama Day is a observance in the USA
US,2030,2030-08-04,Coast Guard Birthday,,Observance,Coast Guard Birthday is a observance in the USA
US,2030,2030-08-07,Purple Heart Day,,Observance,Purple Heart Day on August 7 commemorates the day in 1782 when General George Washington created the Purple Heart Medal – a military decoration that is awarded to those wounded or killed while serving in the United States Armed Forces.
US,2030,2030-08-08,Tisha B'Av,,Hebrew,Tisha B’Av is on the ninth day of the month of Av in the Jewish calendar.
US,2030,2030-08-09,International Day of the World's Indigenous People,,United Nations observance,The United Nations’ (UN) International Day of the World's Indigenous People is observed on August 9 each year to promote and protect the rights of the world’s indigenous peoples.
US,2030,2030-08-12,International Youth Day,,United Nations observance,The United Nations’ (UN) International Youth Day is annually held on August 12 to celebrate the achievements of the world’s youth and to encourage their participation in enhancing society.
US,2030,2030-08-15,Assumption of Mary,,Christian,Assumption Day is a Christian observance in the United States that is held annually on August 15. Catholics observe the Dormition (falling asleep) or the day that the Blessed Virgin Mary was received into heaven.
US,2030,2030-08-18,National Senior Citizens Day,,Observance,National Senior Citizens Day is an observance on the third Sunday of August to honor the contributions of senior citizens in the United States.
US,2030,2030-08-19,National Aviation Day,,Observance,National Aviation Day is observed in the United States on August 19 each year to celebrate the history and development of the aviation.
US,2030,2030-08-19,World Humanitarian Day,,United Nations observance,The United Nations’(UN) World Humanitarian Day focuses on increasing public awareness about humanitarian service worldwide and is annually observed on August 19.
US,2030,2030-08-21,International Day of Remembrance of and Tribute to the Victims of Terrorism,,United Nations observance,International Day of Remembrance of and Tribute to the Victims of Terrorism is a United Nations observance in the USA
US,2030,2030-08-22,International Day Commemorating the Victims of Acts of Violence Based on Religion or Belief,,United Nations observance,International Day Commemorating the Victims of Acts of Violence Based on Religion or Belief is a United Nations observance in the USA
US,2030,2030-08-23,International Day for the Remembrance of the Slave Trade and its Abolition,,United Nations observance,The United Nations’ (UN) International Day for the Remembrance of the Slave Trade and its Abolition is held on August 23 each year to remind people of the tragedy of the transatlantic slave trade.
US,2030,2030-08-26,Women's Equality Day,,Observance,Women's Equality Day on August 26 is an annual observance that commemorates the anniversary of the first time voting rights were extended to women in the United States.
US,2030,2030-08-29,International Day against Nuclear Tests,,United Nations observance,The United Nations’ (UN) International Day against Nuclear Tests is annually observed on August 29. The day raises awareness of the dangers of nuclear weapons and a closer approach to eliminating the use of those weapons.
US,2030,2030-08-30,International Day of the Victims of Enforced Disappearances,,United Nations observance,The International Day of the Victims of Enforced Disappearances is annually observed on August 30.
US,2030,2030-08-31,International Day for People of African Descent,,United Nations observance,International Day for People of African Descent is a United Nations observance in the USA
US,2030,2030-08-31,International Overdose Awareness Day,,Worldwide observance, International Overdose Awareness Day is an annual observation which aims to raise global awareness of about the impact of drug overdose on families and communities. The campaign also attempts to remove the stigma associated with overdose.
US,2030,2030-09-02,Labor Day,,National holiday,Labor Day is a federal holiday in the United States. It gives workers a day of rest and it celebrates their contribution to the American economy.
US,2030,2030-09-04,World Sexual Health Day,,Worldwide observance, World Sexual Health Day is an annual awareness day that attempts to break down social and cultural taboos associated with sexuality and to promote sexual health around the world.
US,2030,2030-09-05,International Day of Charity,,United Nations observance,The International Day of Charity raises public awareness of what charities do to help minimize poverty.
US,2030,2030-09-07,Carl Garner Federal Lands Cleanup Day,,Observance,Carl Garner Federal Lands Cleanup Day encourages people in the United States to participate in cleaning up the federal lands. It is observed on the first Saturday after Labor Day.
US,2030,2030-09-07,International Day of Clean Air for Blue Skies,,United Nations observance,International Day of Clean Air for Blue Skies is a United Nations observance in the USA
US,2030,2030-09-07,Still's Disease Awareness Day,,Worldwide observance,Still's Disease Awareness Day is a worldwide observance in the USA
US,2030,2030-09-08,International Literacy Day,,United Nations observance,The United Nations' (UN) International Literacy Day is held on September 8 each year.
US,2030,2030-09-08,National Grandparents Day,,Observance,National Grandparents Day is celebrated on the first Sunday of September after Labor Day in the United States.
US,2030,2030-09-09,International Day to Protect Education from Attack,,United Nations observance,International Day to Protect Education from Attack is a United Nations observance in the USA
US,2030,2030-09-10,World Suicide Prevention Day,,Worldwide observance,World Suicide Prevention Day promotes worldwide action to prevent suicides on September 10 each year.
US,2030,2030-09-11,Patriot Day,,Observance,"Patriot Day is held in memory of nearly 3000 people who died during terrorist attacks in New York, Washington DC and Shanksville, Pennsylvania, in the United States."
US,2030,2030-09-12,International Day for South-South Cooperation,,United Nations observance,The United Nations Day for South-South Cooperation is observed on September 12 each year.
US,2030,2030-09-13,Friday the 13th,,Worldwide observance,Friday the 13th is a day full of superstitious beliefs in communities worldwide.
US,2030,2030-09-13,International Programmers' Day,,Worldwide observance,"Many people celebrate International Programmers’ Day on January 7, while others observe this event on the 256th day of the year, usually on September 13 or on September 12 in leap years."
US,2030,2030-09-15,First Day of National Hispanic Heritage Month,,Observance,First Day of National Hispanic Heritage Month is a annual monthly observance in the USA
US,2030,2030-09-15,International Day of Democracy,,United Nations observance,The United Nations’ (UN) International Day of Democracy is observed on September 15 each year.
US,2030,2030-09-16,International Day for the Preservation of the Ozone Layer,,United Nations observance,The United Nations' (UN) International Day for the Preservation of the Ozone Layer focuses on the importance of protecting human health and the environment.
US,2030,2030-09-17,Constitution Day and Citizenship Day,,Observance,Constitution Day and Citizenship Day is a combined event that occurs in the United States on September 17 each year.
US,2030,2030-09-17,World Patient Safety Day,,United Nations observance,World Patient Safety Day is a United Nations observance in the USA
US,2030,2030-09-18,Air Force Birthday,,Observance,Air Force Birthday is a observance in the USA
US,2030,2030-09-18,International Equal Pay Day,,United Nations observance,International Equal Pay Day is a United Nations observance in the USA
US,2030,2030-09-20,National POW/MIA Recognition Day,,Observance,National POW/MIA Recognition Day is annually observed in the United States on the third Friday of September.
US,2030,2030-09-21,International Day of Peace,,United Nations observance,"The United Nations' (UN) International Day of Peace is annually held on September 21 to recognize the efforts of individuals, organizations and governments to end conflict and promote peace."
US,2030,2030-09-23,International Celebrate Bisexuality Day,,Worldwide observance,"International Celebrate Bisexuality Day, also known as Bi Visibility Day, promotes the rights of bisexual people around the world."
US,2030,2030-09-23,International Day of Sign Languages,,United Nations observance,International Day of Sign Languages is a United Nations observance in the USA
US,2030,2030-09-26,International Day for the Total Elimination of Nuclear Weapons,,United Nations observance,The International Day for the Total Elimination of Nuclear Weapons raises awareness about the dangers of nuclear weapons.
US,2030,2030-09-26,World Maritime Day,,United Nations observance,"World Maritime Day is held on the last week of September each year, although the exact date is up to individual governments around the world."
US,2030,2030-09-27,World Tourism Day,,United Nations observance,The United Nations’ (UN) World Tourism Day is annually held on September 27 to raise awareness on the benefits of tourism.
US,2030,2030-09-28,International Day for Universal Access to Information,,United Nations observance,International Day for Universal Access to Information is a United Nations observance in the USA
US,2030,2030-09-28,National Public Lands Day,,Observance,National Public Lands Day is a observance in the USA
US,2030,2030-09-28,Rosh Hashana,,Hebrew,Rosh Hashanah is the Jewish New Year. Many Jewish-run organizations in the US are closed during the two-day celebration.
US,2030,2030-09-28,World Rabies Day,,Worldwide observance,World Rabies Day is annually observed on September 28 to raise awareness about rabies and how it can be prevented.
US,2030,2030-09-29,Gold Star Mother's Day,,Observance,Gold Star Mother’s Day is annually observed in the United States on the last Sunday of September.
US,2030,2030-09-29,International Day of Awareness of Food Loss and Waste,,United Nations observance,International Day of Awareness of Food Loss and Waste is a United Nations observance in the USA
US,2030,2030-09-29,World Heart Day,,Worldwide observance,World Heart Day raises awareness of cardiovascular diseases and ways to reduce their risk.
US,2030,2030-09-30,International Translation Day,,United Nations observance,International Translation Day is a United Nations observance in the USA
US,2030,2030-10-01,International Day of Older Persons,,United Nations observance,The United Nations' (UN) International Day of Older Persons is celebrated on October 1 each year as a special day for older persons worldwide.
US,2030,2030-10-01,World Vegetarian Day,,Worldwide observance,"World Vegetarian Day is an annual observation that spreads awareness about the health, environmental, and ethical benefits of following a vegetarian lifestyle. The unofficial holiday encourages people to avoid eating foods that include animal products and to adopt a plant-based diet."
US,2030,2030-10-02,International Day of Non-Violence,,United Nations observance,The United Nations’ (UN) International Day of Non-Violence is a globally observed on October 2 each year to promote non-violence.
US,2030,2030-10-04,Feast of St Francis of Assisi,,Christian,"Many Catholics in the United States, particularly those with pets, celebrate the Feast of St Francis of Assisi, the patron saint of animals and the environment, on October 4 each year."
US,2030,2030-10-05,World Teachers' Day,,United Nations observance,The United Nations' (UN) World Teachers' Day commemorates the work of teachers and their contributions to society. It is observed on October 5 each year.
US,2030,2030-10-06,German American Day,,Observance,German American Day is a observance in the USA
US,2030,2030-10-06,World Cerebral Palsy Day,,Worldwide observance,"World Cerebral Palsy Day is an annual awareness observation that brings together people with cerebral palsy, their families and loved ones, and organizations working to ensure equal rights for them."
US,2030,2030-10-07,Child Health Day,,Observance,Child Health Day is annually celebrated in the United States on the first Monday of October.
US,2030,2030-10-07,World Habitat Day,,United Nations observance,The United Nations’ (UN) World Habitat Day reflects on the state of human settlements and people’s right to sufficient shelter.
US,2030,2030-10-07,Yom Kippur,,Hebrew,Yom Kippur is an important Jewish holiday that falls on the 10th day of the month of Tishrei in the Jewish calendar.
US,2030,2030-10-09,International Day for Natural Disaster Reduction,,United Nations observance,The United Nations’ (UN) International Day for Natural Disaster Reduction is annually observed on the second Wednesday of October to promote a global culture of natural disaster risk reduction.
US,2030,2030-10-09,Leif Erikson Day,,Observance,Leif Erikson Day honors the first Scandinavian known to have set foot on American soil and the contribution of the Nordic peoples to the United States.
US,2030,2030-10-09,World Post Day,,United Nations observance,World Post Day marks the anniversary of the Universal Postal Union's establishment in 1874. It is held on October 9 each year.
US,2030,2030-10-10,World Mental Health Day,,United Nations observance,"World Mental Health Day, which is supported by the United Nations (UN), is annually held on October 10 to raise public awareness about mental health issues worldwide."
US,2030,2030-10-10,World Sight Day,,Worldwide observance,World Sight Day is annually held on the second Thursday of October to raise awareness about blindness and vision impairment.
US,2030,2030-10-11,International Day of the Girl Child,,United Nations observance,The International Day of the Girl Child is a United Nations (UN) observance on October 11 each year.
US,2030,2030-10-12,First Day of Sukkot,,Hebrew,"The first day of Sukkot marks the start of the Sukkot festival for Jewish communities in many countries, including the United States."
US,2030,2030-10-12,World Migratory Bird Day,,United Nations observance,World Migratory Bird Day is observed the second weekend of May every year.
US,2030,2030-10-13,Navy Birthday,,Observance,"Navy Birthday celebrates the establishment of the United States Navy on October 13, 1775."
US,2030,2030-10-14,Columbus Day,,National holiday,Columbus Day celebrates 15th century explorer Christopher Columbus's arrival in America in 1492.
US,2030,2030-10-15,International Day of Rural Women,,United Nations observance,The United Nations’ (UN) International Day of Rural Women is annually celebrated on October 15 to recognize rural women’s role in supporting their communities.
US,2030,2030-10-15,White Cane Safety Day,,Observance,White Cane Safety Day is a United States observance annually held on October 15 to celebrate blind and visually impaired people's achievements and the importance of the white cane.
US,2030,2030-10-16,Boss's Day,,Observance,"Boss’s Day is observed in many workplaces in the United States on October 16, or the nearest working day, each year."
US,2030,2030-10-16,World Food Day,,United Nations observance,World Food Day is celebrated on October 16 each year.
US,2030,2030-10-17,International Day for the Eradication of Poverty,,United Nations observance,The United Nations’ (UN) International Day for the Eradication of Poverty is annually observed on October 17 to promote awareness of the need to eradicate poverty worldwide.
US,2030,2030-10-18,Last Day of Sukkot,,Hebrew,"Many Jewish communities in countries such as the United States observe the last day of Sukkot, which marks the end of the Sukkot festival."
US,2030,2030-10-19,Shmini Atzeret,,Hebrew,"Shemini Atzeret (or Shmini Atzeret) is a Jewish holiday dedicated to the love of God, while Simchat Torah (Simchas Torah or Simhat Torah) marks the end of Sukkot and celebrates the completion of the annual reading of the Torah."
US,2030,2030-10-19,Sweetest Day,,Observance,Sweetest Day is a observance in the USA
US,2030,2030-10-20,Simchat Torah,,Hebrew,Simchat Torah (Simchas Torah or Simhat Torah) is a Jewish holiday that marks the end of Sukkot and celebrates the completion of the annual reading of the Torah.
US,2030,2030-10-20,World Statistics Day,,United Nations observance,World Statistics Day is a UN day that acknowledges the role of statistics in countries' policy decisions.
US,2030,2030-10-24,United Nations Day,,United Nations observance,United Nations Day marks the anniversary of the United Nations Charter coming into force in 1945 and celebrates the work of this organization. United Nations Day annually falls on October 24.
US,2030,2030-10-24,World Development Information Day,,United Nations observance,The United Nations' (UN) World Development Information Day falls on October 24 each year.
US,2030,2030-10-27,World Day for Audiovisual Heritage,,United Nations observance,The World Day for Audiovisual Heritage is observed on October 27 every year.
US,2030,2030-10-29,World Stroke Day,,Worldwide observance,World Stroke Day is annually held on October 29 to raise awareness about stroke and ways to combat it.
US,2030,2030-10-31,Halloween,,Observance,"Halloween is celebrated by hosting costume parties, playing 'trick-or-treat', watching horror films, visiting haunted houses or carving lanterns out of pumpkins."
US,2030,2030-10-31,World Cities Day,,United Nations observance,World Cities Day is a UN observance that aims to recognize the role of cities as  a foundation for social and economic development.
US,2030,2030-11-01,All Saints' Day,,Christian,"Many Catholics honor all the saints on All Saints' Day, also known as All Hallows' Day, in the United States."
US,2030,2030-11-01,First Day of Native American Heritage Month,,Observance,First Day of Native American Heritage Month is a annual monthly observance in the USA
US,2030,2030-11-01,World Vegan Day,,Worldwide observance,World Vegan Day is an annual observation that brings together vegans around the world to bring attention to animal rights and to spread the word about the health advantages of following a vegan diet.
US,2030,2030-11-02,All Souls' Day,,Christian,"Prayers for the dead are made on All Souls’ Day in the United States, which falls on November 2 each year. The Day of the Dead is also celebrated on this day."
US,2030,2030-11-02,International Day to End Impunity for Crimes against Journalists,,United Nations observance,The International Day to End Impunity for Crimes against Journalists raises awareness about violence against journalists.
US,2030,2030-11-03,New York City Marathon,,Sporting event,The New York City Marathon is one of the world's largest marathons and takes place every year in November.
US,2030,2030-11-05,Election Day,,Observance,Election Day in the United States of America is the day on which popular ballots are held to select public officials.
US,2030,2030-11-05,World Tsunami Awareness Day,,United Nations observance,World Tsunami Awareness Day is a United Nations observance in the USA
US,2030,2030-11-06,International Day for Preventing the Exploitation of the Environment in War and Armed Conflict,,United Nations observance,The United Nations’ (UN) International Day for Preventing the Exploitation of the Environment in War and Armed Conflict is held on November 6 each year.
US,2030,2030-11-10,Marine Corps Birthday,,Observance,"Marine Corps Birthday celebrates the establishment of the United States Marine Corps on November 10, 1775."
US,2030,2030-11-10,World Science Day for Peace and Development,,United Nations observance,The World Science Day for Peace and Development (WSDPD) is celebrated on November 10 each year.
US,2030,2030-11-11,Singles’ Day,,Worldwide observance,
US,2030,2030-11-11,Veterans Day,,National holiday,Veterans Day in the USA is a holiday to honor all who have served in the United States Military Services.
US,2030,2030-11-12,World Pneumonia Day,,Worldwide observance,"World Pneumonia Day supports all efforts made to protect and treat people against pneumonia, the single largest cause of child deaths worldwide."
US,2030,2030-11-14,World Diabetes Day,,United Nations observance,World Diabetes Day is held annually to raise awareness of diabetes and its complications and the care that people with this condition need. It is observed on November 14 each year.
US,2030,2030-11-16,International Day for Tolerance,,United Nations observance,The United Nations’ (UN) International Day for Tolerance is observed on November 16 each year to help people understand the importance of tolerance worldwide.
US,2030,2030-11-17,World Day of Remembrance for Road Traffic Victims,,United Nations observance,The World Day of Remembrance for Road Traffic Victims serves as a major advocacy day for road traffic injury prevention.
US,2030,2030-11-17,World Prematurity Day,,Worldwide observance, World Prematurity Day is an annual observance that is dedicated to raising awareness about the health and emotional issues surrounding preterm birth.
US,2030,2030-11-19,International Men's Day,,Worldwide observance,International Men’s Day celebrates men's achievements worldwide and throughout history.
US,2030,2030-11-19,World Toilet Day,,United Nations observance,World Toilet Day aims to promote public awareness of the need for adequate toilets to improve people’s health and save lives.
US,2030,2030-11-20,Africa Industrialization Day,,United Nations observance,Africa Industrialization Day aims to stimulate the international community's commitment to the industrialization of Africa.
US,2030,2030-11-20,Transgender Day of Remembrance,,Worldwide observance,Transgender Day of Remembrance is a worldwide observance in the USA
US,2030,2030-11-20,Universal Children's Day,,United Nations observance,The United Nations' (UN) Universal Children's Day is an occasion to promote the welfare of children and an understanding between children all over the world. It is held on November 20 each year
US,2030,2030-11-21,World Philosophy Day,,United Nations observance,World Philosophy Day is celebrated on the third Thursday of November each year.
US,2030,2030-11-21,World Television Day,,United Nations observance,The United Nations’ (UN) World Television Day is globally celebrated on November 21 each year.
US,2030,2030-11-22,Fake Friday,,Worldwide observance,"Many early-bird shoppers look for bargains on Fake Friday to get ahead of the crowds in stores on Black Friday, observed a week later."
US,2030,2030-11-23,Isra and Mi'raj,,Muslim,"Isra and Mi'raj (Isra Me'raj, Israa and Mi'raaj, Laylat Al-Isra wa Al-Miraj, Lailat al Miraj, Night Journey and Ascension to Heaven) marks the night when the Prophet Mohammad traveled from Mecca to Jerusalem, ascended to heaven and returned."
US,2030,2030-11-25,International Day for the Elimination of Violence against Women,,United Nations observance,The United Nations' (UN) International Day for the Elimination of Violence against Women raises public awareness of violence against women in all countries around the world and at all levels of society. It is observed each year on November 25.
US,2030,2030-11-28,Thanksgiving Day,,National holiday,Thanksgiving Day in the United States is traditionally a holiday to give thanks for the food collected at the end of the harvest season.
US,2030,2030-11-29,Black Friday,,Observance,Black Friday is the day after Thanksgiving Day in the USA. It is a busy shopping day and is a holiday in some states.
US,2030,2030-11-29,International Day of Solidarity with the Palestinian People,,United Nations observance,The United Nations’ (UN) International Day of Solidarity with the Palestinian People is annually observed on November 29.
US,2030,2030-11-29,Native American Heritage Day,,Observance,Native American Heritage Day is a observance in the USA
US,2030,2030-11-30,Day of Remembrance for all Victims of Chemical Warfare,,United Nations observance,The UN’s Day of Remembrance for all Victims of Chemical Warfare is annually observed on April 29.
US,2030,2030-12-01,First Sunday of Advent,,Christian,"Many Christians in the United States observe the first Sunday of Advent, which marks the start of the Christian year."
US,2030,2030-12-01,World AIDS Day,,United Nations observance,The United Nations' (UN) World AIDS Day is annually observed on December 1.
US,2030,2030-12-02,Cyber Monday,,Observance,Most online retailers in the US offer discounted prices on their products and services on Cyber Monday.
US,2030,2030-12-02,International Day for the Abolition of Slavery,,United Nations observance,The United Nations’ (UN) International Day for the Abolition of Slavery is annually observed on December 2.
US,2030,2030-12-03,Giving Tuesday,,Worldwide observance,
US,2030,2030-12-03,Giving Tuesday,,Observance,The first Tuesday after Thanksgiving has been dubbed “Giving Tuesday” by charities.
US,2030,2030-12-03,International Day of Persons with Disabilities,,United Nations observance,The United Nations' (UN) International Day of Persons with Disabilities is annually observed on December 3 to re-affirm and draw attention to the rights of people who live with disabilities.
US,2030,2030-12-04,International Day of Banks,,United Nations observance,International Day of Banks is a United Nations observance in the USA
US,2030,2030-12-05,International Volunteer Day for Economic and Social Development,,United Nations observance,"The United Nations’ (UN) International Volunteer Day for Economic and Social Development, also known as International Volunteer Day (IVD), is observed on December 5 each year."
US,2030,2030-12-05,World Soil Day,,United Nations observance,World Soil Day raises awareness of why soil is needed for sustainable living.
US,2030,2030-12-06,St Nicholas Day,,Observance,Some churches in the United States recognize St Nicholas' Day as a feast day.
US,2030,2030-12-07,International Civil Aviation Day,,United Nations observance,International Civil Aviation Day is observed globally on December 7 each year. It is observed by organizations such as the International Civil Aviation Organization (ICAO).
US,2030,2030-12-07,Pearl Harbor Remembrance Day,,Observance,"National Pearl Harbor Remembrance Day remembers those who died or were injured when Pearl Harbor, in Hawaii, was attacked in 1941."
US,2030,2030-12-09,Feast of the Immaculate Conception,,Christian,The Feast of the Immaculate Conception is a Christian observance on December 8 each year.
US,2030,2030-12-09,Green Monday,,Worldwide observance,The last Monday at least ten days before Christmas has been dubbed “Green Monday” by online marketers.
US,2030,2030-12-09,International Anti-Corruption Day,,United Nations observance,The United Nations’ (UN) International Anti-Corruption Day is annually observed on December 9 to raise public awareness of corruption and ways to fight it.
US,2030,2030-12-09,World Genocide Commemoration Day,,United Nations observance,World Genocide Commemoration Day is a UN holiday dedicated to the victims of genocide.
US,2030,2030-12-10,Human Rights Day,,United Nations observance,Human Rights Day marks the anniversary of when the Universal Declaration of Human Rights was proclaimed.
US,2030,2030-12-11,International Mountain Day,,United Nations observance,"The United Nations' (UN) International Mountain Day is an occasion to help raise awareness of the people who live in mountainous regions and the role that these regions play in providing food, water, and recreation. It is observed on December 11 each year."
US,2030,2030-12-12,Feast of Our Lady of Guadalupe,,Christian,"The Feast of Our Lady Guadalupe, in honor of Jesus’ mother Mary, is a Catholic observance in the United States."
US,2030,2030-12-12,International Day of Neutrality,,United Nations observance,International Day of Neutrality is a United Nations observance in the USA
US,2030,2030-12-12,International Universal Health Coverage Day,,United Nations observance,International Universal Health Coverage Day is a United Nations observance in the USA
US,2030,2030-12-13,Friday the 13th,,Worldwide observance,Friday the 13th is a day full of superstitious beliefs in communities worldwide.
US,2030,2030-12-13,National Guard Birthday,,Observance,National Guard Birthday is a observance in the USA
US,2030,2030-12-15,Bill of Rights Day,,Observance,Bill of Rights Day is a observance in the USA
US,2030,2030-12-17,Pan American Aviation Day,,Observance,"December 17 marks Pan American Aviation Day, which is annually observed in the United States."
US,2030,2030-12-17,Wright Brothers Day,,Observance,The Wright Brothers Day is annually celebrated in the United States on December 17 to commemorate the historic flight made by Orville and Wilbur Wright on that date in 1903.
US,2030,2030-12-18,Arabic Language Day,,United Nations observance,World Arabic Language Day is a United Nations (UN) observance that celebrates one of the organization’s 6 official languages – Arabic.
US,2030,2030-12-18,International Migrants Day,,United Nations observance,The United Nations (UN) International Migrants Day is celebrated on December 18 each year.
US,2030,2030-12-20,International Human Solidarity Day,,United Nations observance,The United Nations' (UN) International Human Solidarity Day is celebrated on December 20 each year to raise public awareness on the importance of solidarity in fighting poverty.
US,2030,2030-12-21,Chanukah/Hanukkah (first day),,Hebrew,"The first day of Hanukkah is the start of the Hanukkah period, which lasts for eight days, from the 25th day of the month of Kislev to the second day of Tevet in the Hebrew calendar."
US,2030,2030-12-21,Super Saturday,,Worldwide observance,"The final Saturday before Christmas has become a very popular shopping day in the US, earning the nickname Super Saturday."
US,2030,2030-12-24,Christmas Eve,,"Observance, Christian",Christmas Eve in the United States is on December 24 each year.
US,2030,2030-12-25,Christmas Day,,"Local holiday, Christian",Christmas Day celebrates Jesus Christ's birth.
US,2030,2030-12-25,Christmas Day,,"National holiday, Christian",Christmas Day celebrates Jesus Christ's birth.
US,2030,2030-12-26,Kwanzaa (first day),,Observance,"Kwanzaa is a week-long holiday honoring the culture and traditions of African people and their descendants worldwide, especially in the United States."
US,2030,2030-12-26,Ramadan Starts,,Muslim,"Many Muslims in the United States fast in the hours of daylight during Ramadan, the ninth month in the Islamic calendar."
US,2030,2030-12-27,International Day of Epidemic Preparedness,,United Nations observance,International Day of Epidemic Preparedness is a United Nations observance in the USA
US,2030,2030-12-28,Last Day of Chanukah,,Hebrew,"The last day of Hanukkah marks the end of a festive Jewish occasion, known as Hanukkah or Chanukah."
US,2030,2030-12-31,New Year's Eve,,Observance,New Year's Eve is the last day of the year in the Gregorian calendar. Many parties to welcome the New Year are held in in the United States on New Year's Eve.
US,2031,2031-01-01,New Year's Day,,National holiday,"New Year's Day is the first day of the Gregorian calendar, which is widely used in many countries such as the USA."
US,2031,2031-01-04,World Braille Day,,United Nations observance,"World Braille Day celebrates the life and achievements of Louis Braille, who invented the braille code for the visually impaired."
US,2031,2031-01-05,Asarah B'Tevet,,Hebrew,Asarah B'Tevet is a Jewish holiday in the USA
US,2031,2031-01-06,Epiphany,,Christian,"Many people in the United States annually observe Epiphany, or Three Kings’ Day, on January 6. It is a Christian observance and a public holiday in the US Virgin Islands."
US,2031,2031-01-07,International Programmers' Day,,Worldwide observance,"Many people celebrate International Programmers’ Day on January 7, while others observe this event on the 256th day of the year, usually on September 13 or on September 12 in leap years."
US,2031,2031-01-07,Orthodox Christmas Day,,Orthodox,Many Orthodox Christian churches in countries such as the United States observe Christmas Day on or near January 7 in the Gregorian calendar.
US,2031,2031-01-13,Stephen Foster Memorial Day,,Observance,"Stephen Foster Memorial Day is annually observed in the United States on January 13. The day remembers the achievements of Stephen Foster, who is known as the “father of American music”."
US,2031,2031-01-14,Orthodox New Year,,Orthodox,Many Orthodox Christian churches in countries such as the United States celebrate New Year’s Day on January 14 in the Gregorian calendar.
US,2031,2031-01-19,World Religion Day,,Worldwide observance,World Religion Day fosters interfaith dialogue and understanding of all religions.
US,2031,2031-01-20,Lailat al-Qadr,,Muslim,Laylat al Qadr is most likely to be held on one of the last 10 days of month of Ramadan in the Islamic calendar.
US,2031,2031-01-20,Martin Luther King Jr. Day,,National holiday,Martin Luther King Day marks the anniversary of the date of birth of the influential American civil right leader of the same name.
US,2031,2031-01-23,Lunar New Year,,Observance,Lunar New Year marks the first day of the New Year in the Chinese calendar.
US,2031,2031-01-24,International Day of Education,,United Nations observance,International Day of Education is a United Nations observance in the USA
US,2031,2031-01-25,Eid al-Fitr,,Muslim,"Eid al-Fitr is a holiday to mark the end of the Islamic month of Ramadan, during which Muslims fast during the hours of daylight."
US,2031,2031-01-26,International Customs Day,,Worldwide observance,International Customs Day celebrates custom personnel and agencies worldwide.
US,2031,2031-01-26,World Leprosy Day,,Worldwide observance,"World Leprosy Day brings awareness of leprosy, also known as Hansen's disease, and ways to prevent the disease."
US,2031,2031-01-27,International Day of Commemoration in Memory of the Victims of the Holocaust,,United Nations observance,The United Nations' (UN) International Day of Commemoration in Memory of the Victims of the Holocaust remembers those who died and suffered during the Holocaust before and during World War II. It is on January 27 each year.
US,2031,2031-02-01,First Day of Black History Month,,Observance,First Day of Black History Month is a annual monthly observance in the USA
US,2031,2031-02-01,National Freedom Day,,Observance,National Freedom Day in the United States is observed on February 1 each year.
US,2031,2031-02-02,Groundhog Day,,Observance,Many people in the United States observe Groundhog Day on February 2.
US,2031,2031-02-02,World Wetlands Day,,Worldwide observance,World Wetlands Day raises awareness about the important role that the wetlands play in the environment and in our lives.
US,2031,2031-02-04,International Day of Human Fraternity,,United Nations observance,International Day of Human Fraternity is a United Nations observance in the USA
US,2031,2031-02-04,World Cancer Day,,Worldwide observance,World Cancer Day is an annual global event on February 4 to raise people’s awareness of cancer.
US,2031,2031-02-05,National Girls and Women in Sports Day,,Observance,National Girls and Women in Sports Day is a observance in the USA
US,2031,2031-02-06,International Day of Zero Tolerance for Female Genital Mutilation,,United Nations observance,The International Day of Zero Tolerance for Female Genital Mutilation is an awareness campaign to end a harmful practice that violates girls’ and women’s rights.
US,2031,2031-02-07,National Wear Red Day,,Observance,National Wear Red Day® raises public awareness of heart disease in women and ways to avoid and combat this problem.
US,2031,2031-02-08,Tu Bishvat/Tu B'Shevat,,Hebrew,"Tu B’Shevat, known as the “New Year for Trees”, is a Jewish festival similar to Arbor Day."
US,2031,2031-02-09,Super Bowl,,Sporting event,The Super Bowl is the championship game of the National Football League (NFL) in the United States. It is played every year in February.
US,2031,2031-02-10,World Pulses Day,,United Nations observance,World Pulses Day is a United Nations observance in the USA
US,2031,2031-02-11,International Day of Women and Girls in Science,,United Nations observance,The International Day of Women and Girls in Science is a UN holiday to recognize the critical role women and girls play in science and technology communities.
US,2031,2031-02-11,World Day of the Sick,,Worldwide observance,World Day of the Sick is a global event when people remember or pray for the sick.
US,2031,2031-02-13,World Radio Day,,United Nations observance,World Radio Day is an annual United Nations (UN) event that promotes the importance of the radio in communicating information worldwide.
US,2031,2031-02-14,Valentine's Day,,Observance,Valentine's Day is an occasion to celebrate romantic love.
US,2031,2031-02-17,Presidents' Day,,National holiday,"Washington's Birthday, or Presidents' Day, honors the life and work of the first president of the United States, George Washington."
US,2031,2031-02-20,World Day of Social Justice,,United Nations observance,"The United Nations' (UN) World Day of Social Justice promotes poverty eradication, full employment and social integration. It is on February 20 each year."
US,2031,2031-02-21,International Mother Language Day,,United Nations observance,The United Nations' (UN) International Mother Language Day is annually held on February 21 to celebrate languages spoken worldwide. It also observes the human right to use these languages.
US,2031,2031-02-25,Shrove Tuesday/Mardi Gras,,"Observance, Christian","Shrove Tuesday is traditionally known as the day prior to Lent but it also serves as a day of celebration, known as Mardi Gras."
US,2031,2031-02-26,Ash Wednesday,,Christian,"Ash Wednesday is a Christian observance that marks the first day of Lent, which is prior to Easter."
US,2031,2031-03-01,First Day of Irish American Heritage Month,,Observance,First Day of Irish American Heritage Month is a annual monthly observance in the USA
US,2031,2031-03-01,First Day of Women's History Month,,Observance,First Day of Women's History Month is a annual monthly observance in the USA
US,2031,2031-03-01,Self-Injury Awareness Day,,Worldwide observance,
US,2031,2031-03-01,St. David's Day,,"Observance, Christian","Many Welsh communities in the United States celebrate the life of their patron saint, St David, and their links with Wales on St David’s Day."
US,2031,2031-03-01,Zero Discrimination Day,,United Nations observance,"Discrimination Day highlights the negative impacts of discrimination and promotes tolerance, compassion and peace."
US,2031,2031-03-03,Read Across America Day,,Observance,Read Across America Day is observed in the United States on March 2 each year.
US,2031,2031-03-03,World Wildlife Day,,United Nations observance,"World Wildlife Day celebrates all flora and fauna, including animals, on Earth."
US,2031,2031-03-07,Employee Appreciation Day,,Observance,"Employee Appreciation Day is a US unofficial observance that recognizes and appreciates employees in all industries, aimed at helping employers keep their staff."
US,2031,2031-03-08,International Women's Day,,United Nations observance,International Women’s Day celebrates women’s achievements worldwide and throughout history.
US,2031,2031-03-09,Purim,,Hebrew,"Purim commemorates a time when Jewish people were saved from death around the fourth century BCE, according to the Book of Esther."
US,2031,2031-03-10,International Day of Women Judges,,United Nations observance,International Day of Women Judges is a United Nations observance in the USA
US,2031,2031-03-13,World Kidney Day,,Worldwide observance,World Kidney Day is an annual observation that attempts to raise global awareness about the importance of kidney health and tries to bring attention to the unique challenges faced by those who suffer from Chronic Kidney Disease.
US,2031,2031-03-15,Long Covid Awareness Day,,Worldwide observance,Long Covid Awareness Day is a worldwide observance in the USA
US,2031,2031-03-17,St. Patrick's Day,,"Observance, Christian","St Patrick's Day marks the life and deeds of St Patrick, one of Ireland's patron saints. It is an Irish-American celebration in the USA."
US,2031,2031-03-20,French Language Day,,United Nations observance,French Language Day is a United Nations observance in the USA
US,2031,2031-03-20,International Day of Happiness,,United Nations observance,International Day of Happiness aims to promote the idea that the pursuit of happiness is universal.
US,2031,2031-03-21,International Day for the Elimination of Racial Discrimination,,United Nations observance,The United Nations’ (UN) International Day for the Elimination of Racial Discrimination is annually observed on March 21.
US,2031,2031-03-21,International Day of Forests,,United Nations observance,"International Day of Forests raises awareness on forests and trees, including their role in climate change."
US,2031,2031-03-21,International Day of Nowruz,,United Nations observance,"The UN’s International Day of Nowruz, also known as Nowruz, No-Ruz, No-Rooz or No Ruz, is observed on March 21 each year."
US,2031,2031-03-21,World Down Syndrome Day,,United Nations observance,World Down Syndrome Day is held on March 21 every year.
US,2031,2031-03-21,World Poetry Day,,United Nations observance,World Poetry Day celebrates poetry around the world on March 21 each year.
US,2031,2031-03-22,World Water Day,,United Nations observance,World Water Day aims to increase people's awareness of the water's importance in all aspects of life.
US,2031,2031-03-23,World Meteorological Day,,United Nations observance,"World Meteorological Day marks the anniversary of the World Meteorological Organization's establishment on March 23, 1950."
US,2031,2031-03-24,International Day for the Right to the Truth concerning Gross Human Rights Violations and for the Dignity of Victims,,United Nations observance,March 24 is the UN’s International Day for the Right to the Truth concerning Gross Human Rights Violations and for the Dignity of Victims
US,2031,2031-03-24,World Tuberculosis Day,,United Nations observance,World Tuberculosis Day is annually held on March 24 to raise awareness of tuberculosis and ways to eradicate the disease.
US,2031,2031-03-25,International Day of Remembrance of Slavery Victims and the Transatlantic Slave Trade,,United Nations observance,"The International Day of Remembrance of the Victims of Slavery and the Transatlantic Slave Trade remembers the lives of Africans who were forced into slavery in North, Central and South America."
US,2031,2031-03-25,International Day of Solidarity with Detained and Missing Staff Members,,United Nations observance,The UN’s International Day of Solidarity with Detained and Missing Staff Members is annually held on March 25.
US,2031,2031-03-29,Earth Hour,,Worldwide observance,Earth Hour is an annual event in which many people worldwide turn their lights off on the last Saturday in March.
US,2031,2031-03-29,National Vietnam War Veterans Day,,Observance,National Vietnam War Veterans Day is an US observance to honor US military members who served during the Vietnam War.
US,2031,2031-03-30,Doctors' Day,,Observance,Doctors' Day is a observance in the USA
US,2031,2031-03-31,International Transgender Day of Visibility,,Worldwide observance,International Transgender Day of Visibility is a worldwide observance in the USA
US,2031,2031-04-01,April Fool's Day,,Worldwide observance,"April Fool's Day, on April 1, is a day to play practical jokes and tricks."
US,2031,2031-04-02,World Autism Awareness Day,,United Nations observance,"World Autism Awareness Day raises an awareness of issues surrounding people, particularly children, with autism worldwide."
US,2031,2031-04-03,Eid al-Adha,,Muslim,"For more than 3 millions Muslims in the US, Eid al-Adha, the Festival of Sacrifice, is one of the most important dates in the calendar."
US,2031,2031-04-04,United Nations' Mine Awareness Day,,United Nations observance,The United Nations' International Day for Mine Awareness and Assistance in Mine Action is annually observed on April 4.
US,2031,2031-04-05,International Day of Conscience,,United Nations observance,International Day of Conscience is a United Nations observance in the USA
US,2031,2031-04-06,International Day of Sport for Development and Peace,,United Nations observance,The International Day of Sport for Development and Peace aims to bring goodwill and positive social outcomes through sporting achievements.
US,2031,2031-04-06,National Tartan Day,,Observance,National Tartan Day is annually observed on April 6 to honor the major role that Scottish Americans played in the founding of the United States of America.
US,2031,2031-04-06,Palm Sunday,,Christian,Palm Sunday in the United States celebrates Jesus Christ’s entry into Jerusalem. It is also the Sunday before Easter Sunday.
US,2031,2031-04-07,Day of Remembrance of the Victims of the Rwanda Genocide,,United Nations observance,The UN’s Day of Remembrance of the Victims of the Rwanda Genocide is observed on April 7 each year.
US,2031,2031-04-07,Passover Eve,,Hebrew,Passover Eve is a Jewish holiday in the USA
US,2031,2031-04-07,United Nations' World Health Day,,United Nations observance,"The World Health Organization, the United Nations' the directing and coordinating authority for health, annually highlights one of its priorities for global health on World Health Day."
US,2031,2031-04-08,National Library Workers' Day,,Observance,"National Library Workers’ Day recognizes the efforts and achievements that librarians make to give Americans access to information via books, computers and other media."
US,2031,2031-04-08,Passover (first day),,Hebrew,Passover marks the Israelites' liberation from slavery and their exodus from Egypt around 3000 years ago.
US,2031,2031-04-10,Maundy Thursday,,Christian,"Maundy Thursday, which is also known as Holy Thursday, is the day before Good Friday."
US,2031,2031-04-11,Good Friday,,"Local holiday, Christian",Good Friday commemorates Jesus Christ's crucifixion.
US,2031,2031-04-11,Orthodox Good Friday,,Orthodox,Many Orthodox Christians in the United States remember the events leading up to Jesus Christ's crucifixion on Great Friday.
US,2031,2031-04-12,Holy Saturday,,Christian,Holy Saturday is the day before Easter Sunday in the United States.
US,2031,2031-04-12,International Day of Human Space Flight,,United Nations observance,The UN’s International Day of Human Space Flight is annually held on April 12.
US,2031,2031-04-12,Orthodox Holy Saturday,,Orthodox,Many Orthodox Christians in the United States remember Jesus Christ’s burial and his descent into Hades on Holy Saturday.
US,2031,2031-04-13,Easter Sunday,,"Observance, Christian","Easter Sunday is an important day in the Christian church calendar because it celebrates Jesus Christ's resurrection, according to Christian belief."
US,2031,2031-04-13,Orthodox Easter,,Orthodox,"Many Orthodox Christians in the United States mark Easter Sunday, also known as Pascha, as the day Jesus Christ was resurrected, according to the Christian bible."
US,2031,2031-04-13,Thomas Jefferson's Birthday,,Observance,Americans celebrate president Thomas Jefferson's Birthday on April 13.
US,2031,2031-04-14,Easter Monday,,"Observance, Christian",Easter Monday is the day after Easter Sunday. It is not a federal holiday in the United States of America (USA).
US,2031,2031-04-14,Orthodox Easter Monday,,Orthodox,Many Orthodox churches in the United States observe Easter Monday on the day after the Orthodox Easter Sunday date.
US,2031,2031-04-14,World Chagas Disease Day,,United Nations observance,World Chagas Disease Day is a United Nations observance in the USA
US,2031,2031-04-15,Last Day of Passover,,Hebrew,"The last day of Passover marks the end of the Passover period, which lasts for seven or eight days."
US,2031,2031-04-15,Tax Day,,Observance,Tax Day is the deadline for United States residents to file details of their income to the Internal Revenue Service (IRS) so that their liability for income tax can be assessed.
US,2031,2031-04-15,World Art Day,,Worldwide observance,World Art Day is a worldwide observance in the USA
US,2031,2031-04-18,International Day for Monuments and Sites,,Worldwide observance,The International Day for Monuments and Sites raises awareness on preserving and conserving historical and archeological heritage sites.
US,2031,2031-04-20,Chinese Language Day,,United Nations observance,Chinese Language Day is a United Nations observance that celebrates one of the organization’s 6 official languages – Chinese.
US,2031,2031-04-21,Boston Marathon,,Sporting event,Boston Marathon is one of the world's oldest yearly marathon. It is held annually on Patriot's Day in the month of April.
US,2031,2031-04-21,World Creativity and Innovation Day,,United Nations observance,World Creativity and Innovation Day is a United Nations observance in the USA
US,2031,2031-04-21,Yom HaShoah,,Hebrew,Many people in the United States observe Yom Hashoah by remembering Holocaust victims who died during World War II.
US,2031,2031-04-22,Earth Day,,United Nations observance,The United Nations' International Mother Earth Day promotes environmental awareness and calls for the protection of our planet.
US,2031,2031-04-23,Administrative Professionals Day,,Observance,Administrative Professionals Day® is on the Wednesday of the last full week of April. It remembers the important role of administrative professionals.
US,2031,2031-04-23,English Language Day,,United Nations observance,"English Language Day promotes the history, culture and accomplishments of the English language."
US,2031,2031-04-23,Muharram,,Muslim,"The first day of Muharram, which is the first month in the Islamic calendar, marks the start of the Islamic New Year."
US,2031,2031-04-23,World Book and Copyright Day,,United Nations observance,World Book and Copyright Day is an occasion to celebrate the contribution of books and authors to our global culture and the connection between copyright and books.
US,2031,2031-04-23,World Spanish Language Day,,United Nations observance,World Spanish Language Day is a United Nations observance in the USA
US,2031,2031-04-24,International Day of Multilateralism and Diplomacy for Peace,,United Nations observance,International Day of Multilateralism and Diplomacy for Peace is a United Nations observance in the USA
US,2031,2031-04-24,International Girls in ICT Day,,United Nations observance,International Girls in ICT Day is a United Nations observance in the USA
US,2031,2031-04-24,Take our Daughters and Sons to Work Day,,Observance,Take our Daughters and Sons to Work Day is a observance in the USA
US,2031,2031-04-25,International Delegate's Day,,United Nations observance,International Delegate's Day is a United Nations observance in the USA
US,2031,2031-04-25,World Malaria Day,,United Nations observance,World Malaria Day is annually observed on April 25 to promote efforts that provide effective control of malaria worldwide.
US,2031,2031-04-26,International Chernobyl Disaster Remembrance Day,,United Nations observance,International Chernobyl Disaster Remembrance Day is a UN holiday designed to raise awareness of the consequences of the 1986 nuclear accident.
US,2031,2031-04-26,World Intellectual Property Day,,United Nations observance,World Intellectual Property Day is annually held on April 26 to increase awareness and understanding of intellectual property worldwide.
US,2031,2031-04-28,World Day for Safety and Health at Work,,United Nations observance,The World Day for Safety and Health at Work is observed on April 28 each year.
US,2031,2031-04-29,Yom Ha'atzmaut,,Hebrew,"Many Jewish communities in the United States celebrate Yom Ha’Atzmaut, which is Israel’s Independence Day, on the fifth day of the month of Iyar in the Jewish calendar."
US,2031,2031-04-30,International Jazz Day,,United Nations observance,"International Jazz Day recognizes the historical, cultural, and educational contribution of jazz."
US,2031,2031-05-01,First Day of Asian Pacific American Heritage Month,,Observance,First Day of Asian Pacific American Heritage Month is a annual monthly observance in the USA
US,2031,2031-05-01,First Day of Jewish American Heritage Month,,Observance,First Day of Jewish American Heritage Month is a annual monthly observance in the USA
US,2031,2031-05-01,First Day of Military Appreciation Month,,Observance,First Day of Military Appreciation Month is a annual monthly observance in the USA
US,2031,2031-05-01,Law Day,,Observance,Law Day in the United States is annually held on May 1.
US,2031,2031-05-01,Loyalty Day,,Observance,Loyalty Day is a special day for people to reaffirm their loyalty to the United States and to recognize the heritage of American freedom.
US,2031,2031-05-01,National Day of Prayer,,Observance,"National Day of Prayer is held on the first Thursday of May each year, inviting Americans of all faiths to pray for the country and its leaders."
US,2031,2031-05-02,Ashura,,Muslim,Ashura is a Muslim in the USA
US,2031,2031-05-02,Kentucky Oaks,,Sporting event,The Kentucky Oaks is a rade 1 Stakes horse race held annually on the Friday before the Kentucky Derby in May.
US,2031,2031-05-02,World Tuna Day,,United Nations observance,World Tuna Day is a UN holiday designed to raise awareness of the global importance of tuna.
US,2031,2031-05-03,Kentucky Derby,,Sporting event,"Kentucky Derby is a Grade I Stakes horse race held annually in Louisville, Kentucky in May."
US,2031,2031-05-03,National Explosive Ordnance Disposal (EOD) Day,,Observance,National Explosive Ordnance Disposal (EOD) Day is an occasion to remember those serving the profession of explosive ordnance disposal in the United States Armed Forces.
US,2031,2031-05-03,World Press Freedom Day,,United Nations observance,World Press Freedom Day focuses on the importance of the freedom of the press and freedom of expression.
US,2031,2031-05-04,International Family Equality Day,,Worldwide observance,International Family Equality Day is a worldwide observance in the USA
US,2031,2031-05-05,Cinco de Mayo,,Observance,"'Cinco de Mayo' means ""Fifth of May"" in Spanish and is a festival of Mexican pride and heritage."
US,2031,2031-05-05,World Portuguese Language Day,,United Nations observance,World Portuguese Language Day is a United Nations observance in the USA
US,2031,2031-05-06,National Nurses Day,,Observance,National Nurses Day is an occasion to honor the work of nurses.
US,2031,2031-05-06,National Teacher Appreciation Day,,Observance,National Teacher Appreciation Day is a observance in the USA
US,2031,2031-05-08,Time of Remembrance and Reconciliation for Those Who Lost Their Lives during the Second World War,,United Nations observance,"The United Nations’ (UN) Time of Remembrance and Reconciliation for Those Who Lost Their Lives during the Second World War is annually held over two days, from May 8-9."
US,2031,2031-05-08,Victory in Europe Day,,Observance,Victory in Europe Day is a observance in the USA
US,2031,2031-05-08,World Ovarian Cancer Day,,Worldwide observance,World Ovarian Cancer Day aims to spread global awareness about ovarian cancer.
US,2031,2031-05-08,World Red Cross and Red Crescent Day,,Worldwide observance,World Red Cross and Red Crescent Day is a worldwide observance in the USA
US,2031,2031-05-09,Military Spouse Appreciation Day,,Observance,Appreciate and thank all the military spouses and partners you know on Military Spouse Appreciation Day.
US,2031,2031-05-10,International Day of Argania,,United Nations observance,International Day of Argania is a United Nations observance in the USA
US,2031,2031-05-10,World Migratory Bird Day,,United Nations observance,World Migratory Bird Day is observed the second weekend of May every year.
US,2031,2031-05-11,Lag BaOmer,,Hebrew,Many Jewish Americans observe Lag B’Omer on the 18th day of the month of Iyar in the Jewish calendar.
US,2031,2031-05-11,Mother's Day,,Observance,Mother's Day celebrates the role of mothers and mother figures.
US,2031,2031-05-12,International Nurses Day,,Worldwide observance,International Nurses Day focuses on the critical contribution of nurses around the world in maintaining public health.
US,2031,2031-05-15,International Day of Families,,United Nations observance,"The International Day of Families is an occasion to celebrate the importance of families to people, societies and cultures around the world."
US,2031,2031-05-15,Peace Officers Memorial Day,,Observance,"Peace Officers Memorial Day is held annually in the United States on May 15 in honor of federal, state and local officers killed or disabled in the line of duty."
US,2031,2031-05-16,International Day of Light,,United Nations observance,International Day of Light is a United Nations observance in the USA
US,2031,2031-05-16,International Day of Living Together in Peace,,United Nations observance,International Day of Living Together in Peace is a United Nations observance in the USA
US,2031,2031-05-16,National Defense Transportation Day,,Observance,National Defense Transportation Day occurs annually in the United States on the third Friday of May.
US,2031,2031-05-17,Armed Forces Day,,Observance,Armed Forces Day is a national observance in the United States on the third Saturday of May each year.
US,2031,2031-05-17,Preakness Stakes,,Sporting event,The Preakness Stakes is the second event in the Triple Crown and is annually held two weeks after the Kentucky Derby.
US,2031,2031-05-17,World Telecommunication and Information Society Day,,United Nations observance,World Information Society Day is celebrated each year to raise awareness of how information and communication can be beneficial for societies and economies.
US,2031,2031-05-20,World Autoimmune / Autoinflammatory Arthritis Day,,Worldwide observance,World Autoimmune / Autoinflammatory Arthritis Day is a worldwide observance in the USA
US,2031,2031-05-20,World Bee Day,,United Nations observance,World Bee Day is a United Nations observance in the USA
US,2031,2031-05-21,Emergency Medical Services for Children Day,,Observance,"Emergency Medical Services for Children (EMSC) Day is observed on the Wednesday of Emergency Medical Services (EMS) Week, May 19–25, in the United States."
US,2031,2031-05-21,International Tea Day,,United Nations observance,International Tea Day is a United Nations observance in the USA
US,2031,2031-05-21,World Day for Cultural Diversity for Dialogue and Development,,United Nations observance,"The World Day for Cultural Diversity for Dialogue and Development, held on May 21, is an occasion for people to deepen their understanding of cultural diversity."
US,2031,2031-05-22,Ascension Day,,Christian,Ascension Day is the 40th day of Easter and commemorates the ascension of Jesus Christ into heaven.
US,2031,2031-05-22,International Day for Biological Diversity,,United Nations observance,The International Day for Biological Diversity is an occasion to increase the global understanding and awareness of issues and challenges around biodiversity.
US,2031,2031-05-22,National Maritime Day,,Observance,"National Maritime Day is annually observed in the United States on May 22. It is a time to observe its maritime heritage, to honor those who served as merchant mariners, and to recognize the benefits of the maritime industry."
US,2031,2031-05-23,International Day to End Obstetric Fistula,,United Nations observance,The International Day to End Obstetric Fistula raises awareness of fistula and calls for support to tackle the problem.
US,2031,2031-05-25,African Liberation Day,,Worldwide observance,African Liberation Day celebrates African nations' hard-fought freedom from European colonial powers.
US,2031,2031-05-25,National Missing Children's Day,,Observance,National Missing Children's Day is an observation dedicated to addressing the problem of child abduction.
US,2031,2031-05-26,Memorial Day,,National holiday,Memorial Day commemorates all Americans who have died in military service for the United States.
US,2031,2031-05-28,Shavuot,,Hebrew,"Shavuot, also known as the Festival of Weeks, is one of three major Jewish festivals."
US,2031,2031-05-29,International Day of United Nations Peacekeepers,,United Nations observance,The International Day of United Nations Peacekeepers is an occasion to pay tribute to people who served in United Nations (UN) peacekeeping operations.
US,2031,2031-05-31,World No Tobacco Day,,United Nations observance,World No Tobacco Day draws attention to the health problems caused by tobacco use.
US,2031,2031-06-01,First Day of Caribbean-American Heritage Month,,Observance,First Day of Caribbean-American Heritage Month is a annual monthly observance in the USA
US,2031,2031-06-01,First Day of Pride Month,,Observance,First Day of Pride Month is a annual monthly observance in the USA
US,2031,2031-06-01,Global Day of Parents,,United Nations observance,Global Day of Parents appreciates the role of a parent in nurturing and fostering growth for their children.
US,2031,2031-06-01,Pentecost,,Christian,"Many Christians in the United States observe Pentecost, also known as Whitsunday or Whit Sunday."
US,2031,2031-06-02,Whit Monday,,Christian,"Many Christians in the United States will observe Whit Monday, or Pentecost Monday. It is the day after Pentecost, which is also known as Whit Sunday or Whitsunday."
US,2031,2031-06-03,World Bicycle Day,,United Nations observance,World Bicycle Day is a United Nations observance in the USA
US,2031,2031-06-04,International Day of Innocent Children Victims of Aggression,,United Nations observance,The United Nations' (UN) International Day of Innocent Children Victims of Aggression is observed on June 4 each year.
US,2031,2031-06-05,"International Day for the Fight against Illegal, Unreported and Unregulated Fishing",,United Nations observance,"International Day for the Fight against Illegal, Unreported and Unregulated Fishing is a United Nations observance in the USA"
US,2031,2031-06-05,World Environment Day,,United Nations observance,World Environment Day is held each year on June 5. It is one of the principal vehicles through which the United Nations (UN) stimulates worldwide awareness of the environment and enhances political attention and action.
US,2031,2031-06-06,D-Day,,Observance,"D-Day is a special anniversary in some countries, including the United States (U.S.), to remember Allied forces’ invasion of Normandy, France, in the Second World War."
US,2031,2031-06-06,Day of the Russian Language,,United Nations observance,Day of the Russian Language is a United Nations observance in the USA
US,2031,2031-06-07,Belmont Stakes,,Sporting event,The Belmont Stakes is the third and final horse race of the Triple Crown. It is run annually five weeks after the Kentucky Derby.
US,2031,2031-06-07,World Food Safety Day,,United Nations observance,World Food Safety Day is a United Nations observance in the USA
US,2031,2031-06-08,Trinity Sunday,,Christian,Trinity Sunday is the first Sunday after Pentecost and is celebrated by many Christians in the United States.
US,2031,2031-06-08,World Oceans Day,,United Nations observance,World Oceans Day is annually observed on June 8 to raise awareness of the challenges humanity faces to protect the world's oceans.
US,2031,2031-06-12,Corpus Christi,,Christian,Corpus Christi is observed in honor of the Holy Eucharist.
US,2031,2031-06-12,Loving Day,,Observance,Loving Day is a observance in the USA
US,2031,2031-06-12,World Day Against Child Labour,,United Nations observance,Poverty and injustice against widows is a world-wide problem addressed by International Widows' Day.
US,2031,2031-06-13,Friday the 13th,,Worldwide observance,Friday the 13th is a day full of superstitious beliefs in communities worldwide.
US,2031,2031-06-13,International Albinism Awareness Day,,United Nations observance,International Albinism Awareness Day aims to stop the persecution and murders of people with albinism.
US,2031,2031-06-14,Army Birthday,,Observance,Army Birthday is a observance in the USA
US,2031,2031-06-14,Flag Day,,Observance,Flag Day is annually held on June 14 to honor the United States flag.
US,2031,2031-06-14,World Blood Donor Day,,United Nations observance,On World Blood Donor Day numerous events are held worldwide to raise awareness about the importance of safe blood supplies.
US,2031,2031-06-15,Father's Day,,Observance,Father's Day celebrates the contribution that fathers and father figures make to the lives of their children.
US,2031,2031-06-15,World Elder Abuse Awareness Day,,United Nations observance,"World Elder Abuse Awareness Day attempts to shine a light on the problem of physical, emotional, and financial abuse of elders."
US,2031,2031-06-16,International Day of Family Remittances,,United Nations observance,The UN estimates that family remittances worth over 500 billion US$ are transferred worldwide every year.
US,2031,2031-06-17,World Day to Combat Desertification and Drought,,United Nations observance,The United Nations' World Day to Combat Desertification and Drought is observed worldwide on June 17 each year.
US,2031,2031-06-18,Sustainable Gastronomy Day,,United Nations observance,Sustainable Gastronomy Day is a United Nations observance in the USA
US,2031,2031-06-19,International Day for the Elimination of Sexual Violence in Conflict,,United Nations observance,International Day for the Elimination of Sexual Violence in Conflict is a UN day aiming to rid the world of conflict-related sexual violence.
US,2031,2031-06-19,Juneteenth,,National holiday,"Juneteenth, also known as Freedom Day and Emancipation Day, is a holiday or observance in many US states to celebrate the anniversary of the abolition of slavery in Texas on June 19, 1865."
US,2031,2031-06-20,American Eagle Day,,Observance,"Observed annually on June 20 in 47 American states, American Eagle Day is an unofficial holiday that celebrates the removal of the American Bald Eagle from a list of ""endangered species""."
US,2031,2031-06-20,World Refugee Day,,United Nations observance,"The United Nations' World Refugee Day honors refugees' courage, strength and determination."
US,2031,2031-06-21,International Day of Yoga,,United Nations observance,The International Day of Yoga is a UN-day that aims to raise awareness worldwide of the many benefits of practicing yoga.
US,2031,2031-06-21,International Day of the Celebration of the Solstice,,United Nations observance,International Day of the Celebration of the Solstice is a United Nations observance in the USA
US,2031,2031-06-23,International Widows' Day,,United Nations observance,Poverty and injustice against widows is a world-wide problem addressed by International Widows' Day.
US,2031,2031-06-23,Public Service Day,,United Nations observance,The United Nations’ Public Service Day celebrates the idea that democracy and successful governance depend on a competent civil service.
US,2031,2031-06-25,Day of the Seafarer,,United Nations observance,"The Day of the Seafarer aims to acknowledge the social, and economic contribution of the millions of seafarers around the world."
US,2031,2031-06-26,International Day Against Drug Abuse and Illicit Trafficking,,United Nations observance,The United Nations’ (UN) International Day Against Drug Abuse and Illicit Trafficking raise awareness about the dangers of illicit drugs.
US,2031,2031-06-26,International Day in Support of Victims of Torture,,United Nations observance,The United Nations’ (UN) International Day in Support of Victims of Torture is annually observed on June 26 to remind people that human torture is not only unacceptable – it is also a crime.
US,2031,2031-06-27,"Micro-, Small and Medium-sized Enterprises Day",,United Nations observance,"Micro-, Small and Medium-sized Enterprises Day is a United Nations observance in the USA"
US,2031,2031-06-29,International Day of the Tropics,,United Nations observance,International Day of the Tropics is a United Nations observance in the USA
US,2031,2031-06-30,International Asteroid Day,,United Nations observance,The United Nations established International Asteroid Day to raise public awareness of the asteroid impact hazard.
US,2031,2031-06-30,International Day of Parliamentarism,,United Nations observance,International Day of Parliamentarism is a United Nations observance in the USA
US,2031,2031-07-02,The Prophet's Birthday,,Muslim,Eid Milad ul-Nabi (Mawlid or Milad-un-Nabi) commemorates the Prophet Muhammed's birthday.
US,2031,2031-07-04,Independence Day,,National holiday,"On Independence Day, Americans celebrate the anniversary of publication of the Declaration of Independence from Great Britain in 1776."
US,2031,2031-07-05,International Day of Cooperatives,,United Nations observance,"The United Nations' (UN) International Day of Cooperatives recognizes and reaffirms the role of cooperatives in economic, social and cultural development and in the achievement of social policy objectives."
US,2031,2031-07-11,World Population Day,,United Nations observance,The United Nations' (UN) World Population Day reaffirms the human right to plan for a family.
US,2031,2031-07-14,Bastille Day,,Observance,Bastille Day is a observance in the USA
US,2031,2031-07-15,World Youth Skills Day,,United Nations observance,Acquiring skills enhances youths' ability to make informed choices and empowers them to gain access to changing labor markets.
US,2031,2031-07-16,Rural Transit Day,,Observance,Rural Transit Day is a observance in the USA
US,2031,2031-07-18,Nelson Mandela Day,,United Nations observance,Nelson Mandela International Day is annually observed on July 18 to recognize the former South African president’s contribution to peace and freedom.
US,2031,2031-07-20,World Chess Day,,United Nations observance,World Chess Day is a United Nations observance in the USA
US,2031,2031-07-25,World Drowning Prevention Day,,United Nations observance,World Drowning Prevention Day is a United Nations observance in the USA
US,2031,2031-07-27,National Korean War Veterans Armistice Day,,Observance,National Korean War Veterans Armistice Day is a observance in the USA
US,2031,2031-07-27,Parents' Day,,Observance,Parents’ Day is celebrated in the United States on the fourth Sunday of July each year to recognize and promote parenting as a crucial part of families and the wider community.
US,2031,2031-07-28,World Hepatitis Day,,United Nations observance,World Hepatitis Day is observed on July 28 every year to raise awareness of hepatitis and encourage prevention and treatment.
US,2031,2031-07-29,Tisha B'Av,,Hebrew,Tisha B’Av is on the ninth day of the month of Av in the Jewish calendar.
US,2031,2031-07-30,International Day of Friendship,,United Nations observance,The International Day of Friendship is annually held on July 30 to celebrate friendships worldwide.
US,2031,2031-07-30,World Day Against Trafficking in Persons,,United Nations observance,July 30 is the UN World Day Against Trafficking in Persons
US,2031,2031-08-04,Barack Obama Day,,Observance,Barack Obama Day is a observance in the USA
US,2031,2031-08-04,Coast Guard Birthday,,Observance,Coast Guard Birthday is a observance in the USA
US,2031,2031-08-07,Purple Heart Day,,Observance,Purple Heart Day on August 7 commemorates the day in 1782 when General George Washington created the Purple Heart Medal – a military decoration that is awarded to those wounded or killed while serving in the United States Armed Forces.
US,2031,2031-08-09,International Day of the World's Indigenous People,,United Nations observance,The United Nations’ (UN) International Day of the World's Indigenous People is observed on August 9 each year to promote and protect the rights of the world’s indigenous peoples.
US,2031,2031-08-12,International Youth Day,,United Nations observance,The United Nations’ (UN) International Youth Day is annually held on August 12 to celebrate the achievements of the world’s youth and to encourage their participation in enhancing society.
US,2031,2031-08-15,Assumption of Mary,,Christian,Assumption Day is a Christian observance in the United States that is held annually on August 15. Catholics observe the Dormition (falling asleep) or the day that the Blessed Virgin Mary was received into heaven.
US,2031,2031-08-17,National Senior Citizens Day,,Observance,National Senior Citizens Day is an observance on the third Sunday of August to honor the contributions of senior citizens in the United States.
US,2031,2031-08-19,National Aviation Day,,Observance,National Aviation Day is observed in the United States on August 19 each year to celebrate the history and development of the aviation.
US,2031,2031-08-19,World Humanitarian Day,,United Nations observance,The United Nations’(UN) World Humanitarian Day focuses on increasing public awareness about humanitarian service worldwide and is annually observed on August 19.
US,2031,2031-08-21,International Day of Remembrance of and Tribute to the Victims of Terrorism,,United Nations observance,International Day of Remembrance of and Tribute to the Victims of Terrorism is a United Nations observance in the USA
US,2031,2031-08-22,International Day Commemorating the Victims of Acts of Violence Based on Religion or Belief,,United Nations observance,International Day Commemorating the Victims of Acts of Violence Based on Religion or Belief is a United Nations observance in the USA
US,2031,2031-08-23,International Day for the Remembrance of the Slave Trade and its Abolition,,United Nations observance,The United Nations’ (UN) International Day for the Remembrance of the Slave Trade and its Abolition is held on August 23 each year to remind people of the tragedy of the transatlantic slave trade.
US,2031,2031-08-26,Women's Equality Day,,Observance,Women's Equality Day on August 26 is an annual observance that commemorates the anniversary of the first time voting rights were extended to women in the United States.
US,2031,2031-08-29,International Day against Nuclear Tests,,United Nations observance,The United Nations’ (UN) International Day against Nuclear Tests is annually observed on August 29. The day raises awareness of the dangers of nuclear weapons and a closer approach to eliminating the use of those weapons.
US,2031,2031-08-30,International Day of the Victims of Enforced Disappearances,,United Nations observance,The International Day of the Victims of Enforced Disappearances is annually observed on August 30.
US,2031,2031-08-31,International Day for People of African Descent,,United Nations observance,International Day for People of African Descent is a United Nations observance in the USA
US,2031,2031-08-31,International Overdose Awareness Day,,Worldwide observance, International Overdose Awareness Day is an annual observation which aims to raise global awareness of about the impact of drug overdose on families and communities. The campaign also attempts to remove the stigma associated with overdose.
US,2031,2031-09-01,Labor Day,,National holiday,Labor Day is a federal holiday in the United States. It gives workers a day of rest and it celebrates their contribution to the American economy.
US,2031,2031-09-04,World Sexual Health Day,,Worldwide observance, World Sexual Health Day is an annual awareness day that attempts to break down social and cultural taboos associated with sexuality and to promote sexual health around the world.
US,2031,2031-09-05,International Day of Charity,,United Nations observance,The International Day of Charity raises public awareness of what charities do to help minimize poverty.
US,2031,2031-09-06,Carl Garner Federal Lands Cleanup Day,,Observance,Carl Garner Federal Lands Cleanup Day encourages people in the United States to participate in cleaning up the federal lands. It is observed on the first Saturday after Labor Day.
US,2031,2031-09-07,International Day of Clean Air for Blue Skies,,United Nations observance,International Day of Clean Air for Blue Skies is a United Nations observance in the USA
US,2031,2031-09-07,National Grandparents Day,,Observance,National Grandparents Day is celebrated on the first Sunday of September after Labor Day in the United States.
US,2031,2031-09-07,Still's Disease Awareness Day,,Worldwide observance,Still's Disease Awareness Day is a worldwide observance in the USA
US,2031,2031-09-08,International Literacy Day,,United Nations observance,The United Nations' (UN) International Literacy Day is held on September 8 each year.
US,2031,2031-09-09,International Day to Protect Education from Attack,,United Nations observance,International Day to Protect Education from Attack is a United Nations observance in the USA
US,2031,2031-09-10,World Suicide Prevention Day,,Worldwide observance,World Suicide Prevention Day promotes worldwide action to prevent suicides on September 10 each year.
US,2031,2031-09-11,Patriot Day,,Observance,"Patriot Day is held in memory of nearly 3000 people who died during terrorist attacks in New York, Washington DC and Shanksville, Pennsylvania, in the United States."
US,2031,2031-09-12,International Day for South-South Cooperation,,United Nations observance,The United Nations Day for South-South Cooperation is observed on September 12 each year.
US,2031,2031-09-13,International Programmers' Day,,Worldwide observance,"Many people celebrate International Programmers’ Day on January 7, while others observe this event on the 256th day of the year, usually on September 13 or on September 12 in leap years."
US,2031,2031-09-15,First Day of National Hispanic Heritage Month,,Observance,First Day of National Hispanic Heritage Month is a annual monthly observance in the USA
US,2031,2031-09-15,International Day of Democracy,,United Nations observance,The United Nations’ (UN) International Day of Democracy is observed on September 15 each year.
US,2031,2031-09-16,International Day for the Preservation of the Ozone Layer,,United Nations observance,The United Nations' (UN) International Day for the Preservation of the Ozone Layer focuses on the importance of protecting human health and the environment.
US,2031,2031-09-17,Constitution Day and Citizenship Day,,Observance,Constitution Day and Citizenship Day is a combined event that occurs in the United States on September 17 each year.
US,2031,2031-09-17,World Patient Safety Day,,United Nations observance,World Patient Safety Day is a United Nations observance in the USA
US,2031,2031-09-18,Air Force Birthday,,Observance,Air Force Birthday is a observance in the USA
US,2031,2031-09-18,International Equal Pay Day,,United Nations observance,International Equal Pay Day is a United Nations observance in the USA
US,2031,2031-09-18,Rosh Hashana,,Hebrew,Rosh Hashanah is the Jewish New Year. Many Jewish-run organizations in the US are closed during the two-day celebration.
US,2031,2031-09-19,National POW/MIA Recognition Day,,Observance,National POW/MIA Recognition Day is annually observed in the United States on the third Friday of September.
US,2031,2031-09-21,International Day of Peace,,United Nations observance,"The United Nations' (UN) International Day of Peace is annually held on September 21 to recognize the efforts of individuals, organizations and governments to end conflict and promote peace."
US,2031,2031-09-23,International Celebrate Bisexuality Day,,Worldwide observance,"International Celebrate Bisexuality Day, also known as Bi Visibility Day, promotes the rights of bisexual people around the world."
US,2031,2031-09-23,International Day of Sign Languages,,United Nations observance,International Day of Sign Languages is a United Nations observance in the USA
US,2031,2031-09-25,World Maritime Day,,United Nations observance,"World Maritime Day is held on the last week of September each year, although the exact date is up to individual governments around the world."
US,2031,2031-09-26,International Day for the Total Elimination of Nuclear Weapons,,United Nations observance,The International Day for the Total Elimination of Nuclear Weapons raises awareness about the dangers of nuclear weapons.
US,2031,2031-09-27,National Public Lands Day,,Observance,National Public Lands Day is a observance in the USA
US,2031,2031-09-27,World Tourism Day,,United Nations observance,The United Nations’ (UN) World Tourism Day is annually held on September 27 to raise awareness on the benefits of tourism.
US,2031,2031-09-27,Yom Kippur,,Hebrew,Yom Kippur is an important Jewish holiday that falls on the 10th day of the month of Tishrei in the Jewish calendar.
US,2031,2031-09-28,Gold Star Mother's Day,,Observance,Gold Star Mother’s Day is annually observed in the United States on the last Sunday of September.
US,2031,2031-09-28,International Day for Universal Access to Information,,United Nations observance,International Day for Universal Access to Information is a United Nations observance in the USA
US,2031,2031-09-28,World Rabies Day,,Worldwide observance,World Rabies Day is annually observed on September 28 to raise awareness about rabies and how it can be prevented.
US,2031,2031-09-29,International Day of Awareness of Food Loss and Waste,,United Nations observance,International Day of Awareness of Food Loss and Waste is a United Nations observance in the USA
US,2031,2031-09-29,World Heart Day,,Worldwide observance,World Heart Day raises awareness of cardiovascular diseases and ways to reduce their risk.
US,2031,2031-09-30,International Translation Day,,United Nations observance,International Translation Day is a United Nations observance in the USA
US,2031,2031-10-01,International Day of Older Persons,,United Nations observance,The United Nations' (UN) International Day of Older Persons is celebrated on October 1 each year as a special day for older persons worldwide.
US,2031,2031-10-01,World Vegetarian Day,,Worldwide observance,"World Vegetarian Day is an annual observation that spreads awareness about the health, environmental, and ethical benefits of following a vegetarian lifestyle. The unofficial holiday encourages people to avoid eating foods that include animal products and to adopt a plant-based diet."
US,2031,2031-10-02,First Day of Sukkot,,Hebrew,"The first day of Sukkot marks the start of the Sukkot festival for Jewish communities in many countries, including the United States."
US,2031,2031-10-02,International Day of Non-Violence,,United Nations observance,The United Nations’ (UN) International Day of Non-Violence is a globally observed on October 2 each year to promote non-violence.
US,2031,2031-10-04,Feast of St Francis of Assisi,,Christian,"Many Catholics in the United States, particularly those with pets, celebrate the Feast of St Francis of Assisi, the patron saint of animals and the environment, on October 4 each year."
US,2031,2031-10-05,World Teachers' Day,,United Nations observance,The United Nations' (UN) World Teachers' Day commemorates the work of teachers and their contributions to society. It is observed on October 5 each year.
US,2031,2031-10-06,Child Health Day,,Observance,Child Health Day is annually celebrated in the United States on the first Monday of October.
US,2031,2031-10-06,German American Day,,Observance,German American Day is a observance in the USA
US,2031,2031-10-06,World Cerebral Palsy Day,,Worldwide observance,"World Cerebral Palsy Day is an annual awareness observation that brings together people with cerebral palsy, their families and loved ones, and organizations working to ensure equal rights for them."
US,2031,2031-10-06,World Habitat Day,,United Nations observance,The United Nations’ (UN) World Habitat Day reflects on the state of human settlements and people’s right to sufficient shelter.
US,2031,2031-10-08,International Day for Natural Disaster Reduction,,United Nations observance,The United Nations’ (UN) International Day for Natural Disaster Reduction is annually observed on the second Wednesday of October to promote a global culture of natural disaster risk reduction.
US,2031,2031-10-08,Last Day of Sukkot,,Hebrew,"Many Jewish communities in countries such as the United States observe the last day of Sukkot, which marks the end of the Sukkot festival."
US,2031,2031-10-09,Leif Erikson Day,,Observance,Leif Erikson Day honors the first Scandinavian known to have set foot on American soil and the contribution of the Nordic peoples to the United States.
US,2031,2031-10-09,Shmini Atzeret,,Hebrew,"Shemini Atzeret (or Shmini Atzeret) is a Jewish holiday dedicated to the love of God, while Simchat Torah (Simchas Torah or Simhat Torah) marks the end of Sukkot and celebrates the completion of the annual reading of the Torah."
US,2031,2031-10-09,World Post Day,,United Nations observance,World Post Day marks the anniversary of the Universal Postal Union's establishment in 1874. It is held on October 9 each year.
US,2031,2031-10-09,World Sight Day,,Worldwide observance,World Sight Day is annually held on the second Thursday of October to raise awareness about blindness and vision impairment.
US,2031,2031-10-10,Simchat Torah,,Hebrew,Simchat Torah (Simchas Torah or Simhat Torah) is a Jewish holiday that marks the end of Sukkot and celebrates the completion of the annual reading of the Torah.
US,2031,2031-10-10,World Mental Health Day,,United Nations observance,"World Mental Health Day, which is supported by the United Nations (UN), is annually held on October 10 to raise public awareness about mental health issues worldwide."
US,2031,2031-10-11,International Day of the Girl Child,,United Nations observance,The International Day of the Girl Child is a United Nations (UN) observance on October 11 each year.
US,2031,2031-10-11,World Migratory Bird Day,,United Nations observance,World Migratory Bird Day is observed the second weekend of May every year.
US,2031,2031-10-13,Columbus Day,,National holiday,Columbus Day celebrates 15th century explorer Christopher Columbus's arrival in America in 1492.
US,2031,2031-10-13,Navy Birthday,,Observance,"Navy Birthday celebrates the establishment of the United States Navy on October 13, 1775."
US,2031,2031-10-15,International Day of Rural Women,,United Nations observance,The United Nations’ (UN) International Day of Rural Women is annually celebrated on October 15 to recognize rural women’s role in supporting their communities.
US,2031,2031-10-15,White Cane Safety Day,,Observance,White Cane Safety Day is a United States observance annually held on October 15 to celebrate blind and visually impaired people's achievements and the importance of the white cane.
US,2031,2031-10-16,Boss's Day,,Observance,"Boss’s Day is observed in many workplaces in the United States on October 16, or the nearest working day, each year."
US,2031,2031-10-16,World Food Day,,United Nations observance,World Food Day is celebrated on October 16 each year.
US,2031,2031-10-17,International Day for the Eradication of Poverty,,United Nations observance,The United Nations’ (UN) International Day for the Eradication of Poverty is annually observed on October 17 to promote awareness of the need to eradicate poverty worldwide.
US,2031,2031-10-18,Sweetest Day,,Observance,Sweetest Day is a observance in the USA
US,2031,2031-10-24,United Nations Day,,United Nations observance,United Nations Day marks the anniversary of the United Nations Charter coming into force in 1945 and celebrates the work of this organization. United Nations Day annually falls on October 24.
US,2031,2031-10-24,World Development Information Day,,United Nations observance,The United Nations' (UN) World Development Information Day falls on October 24 each year.
US,2031,2031-10-27,World Day for Audiovisual Heritage,,United Nations observance,The World Day for Audiovisual Heritage is observed on October 27 every year.
US,2031,2031-10-29,World Stroke Day,,Worldwide observance,World Stroke Day is annually held on October 29 to raise awareness about stroke and ways to combat it.
US,2031,2031-10-31,Halloween,,Observance,"Halloween is celebrated by hosting costume parties, playing 'trick-or-treat', watching horror films, visiting haunted houses or carving lanterns out of pumpkins."
US,2031,2031-10-31,World Cities Day,,United Nations observance,World Cities Day is a UN observance that aims to recognize the role of cities as  a foundation for social and economic development.
US,2031,2031-11-01,All Saints' Day,,Christian,"Many Catholics honor all the saints on All Saints' Day, also known as All Hallows' Day, in the United States."
US,2031,2031-11-01,First Day of Native American Heritage Month,,Observance,First Day of Native American Heritage Month is a annual monthly observance in the USA
US,2031,2031-11-01,World Vegan Day,,Worldwide observance,World Vegan Day is an annual observation that brings together vegans around the world to bring attention to animal rights and to spread the word about the health advantages of following a vegan diet.
US,2031,2031-11-02,All Souls' Day,,Christian,"Prayers for the dead are made on All Souls’ Day in the United States, which falls on November 2 each year. The Day of the Dead is also celebrated on this day."
US,2031,2031-11-02,International Day to End Impunity for Crimes against Journalists,,United Nations observance,The International Day to End Impunity for Crimes against Journalists raises awareness about violence against journalists.
US,2031,2031-11-02,New York City Marathon,,Sporting event,The New York City Marathon is one of the world's largest marathons and takes place every year in November.
US,2031,2031-11-04,Election Day,,Observance,Election Day in the United States of America is the day on which popular ballots are held to select public officials.
US,2031,2031-11-05,World Tsunami Awareness Day,,United Nations observance,World Tsunami Awareness Day is a United Nations observance in the USA
US,2031,2031-11-06,International Day for Preventing the Exploitation of the Environment in War and Armed Conflict,,United Nations observance,The United Nations’ (UN) International Day for Preventing the Exploitation of the Environment in War and Armed Conflict is held on November 6 each year.
US,2031,2031-11-10,Marine Corps Birthday,,Observance,"Marine Corps Birthday celebrates the establishment of the United States Marine Corps on November 10, 1775."
US,2031,2031-11-10,World Science Day for Peace and Development,,United Nations observance,The World Science Day for Peace and Development (WSDPD) is celebrated on November 10 each year.
US,2031,2031-11-11,Singles’ Day,,Worldwide observance,
US,2031,2031-11-11,Veterans Day,,National holiday,Veterans Day in the USA is a holiday to honor all who have served in the United States Military Services.
US,2031,2031-11-12,Isra and Mi'raj,,Muslim,"Isra and Mi'raj (Isra Me'raj, Israa and Mi'raaj, Laylat Al-Isra wa Al-Miraj, Lailat al Miraj, Night Journey and Ascension to Heaven) marks the night when the Prophet Mohammad traveled from Mecca to Jerusalem, ascended to heaven and returned."
US,2031,2031-11-12,World Pneumonia Day,,Worldwide observance,"World Pneumonia Day supports all efforts made to protect and treat people against pneumonia, the single largest cause of child deaths worldwide."
US,2031,2031-11-14,World Diabetes Day,,United Nations observance,World Diabetes Day is held annually to raise awareness of diabetes and its complications and the care that people with this condition need. It is observed on November 14 each year.
US,2031,2031-11-16,International Day for Tolerance,,United Nations observance,The United Nations’ (UN) International Day for Tolerance is observed on November 16 each year to help people understand the importance of tolerance worldwide.
US,2031,2031-11-16,World Day of Remembrance for Road Traffic Victims,,United Nations observance,The World Day of Remembrance for Road Traffic Victims serves as a major advocacy day for road traffic injury prevention.
US,2031,2031-11-17,World Prematurity Day,,Worldwide observance, World Prematurity Day is an annual observance that is dedicated to raising awareness about the health and emotional issues surrounding preterm birth.
US,2031,2031-11-19,International Men's Day,,Worldwide observance,International Men’s Day celebrates men's achievements worldwide and throughout history.
US,2031,2031-11-19,World Toilet Day,,United Nations observance,World Toilet Day aims to promote public awareness of the need for adequate toilets to improve people’s health and save lives.
US,2031,2031-11-20,Africa Industrialization Day,,United Nations observance,Africa Industrialization Day aims to stimulate the international community's commitment to the industrialization of Africa.
US,2031,2031-11-20,Transgender Day of Remembrance,,Worldwide observance,Transgender Day of Remembrance is a worldwide observance in the USA
US,2031,2031-11-20,Universal Children's Day,,United Nations observance,The United Nations' (UN) Universal Children's Day is an occasion to promote the welfare of children and an understanding between children all over the world. It is held on November 20 each year
US,2031,2031-11-20,World Philosophy Day,,United Nations observance,World Philosophy Day is celebrated on the third Thursday of November each year.
US,2031,2031-11-21,Fake Friday,,Worldwide observance,"Many early-bird shoppers look for bargains on Fake Friday to get ahead of the crowds in stores on Black Friday, observed a week later."
US,2031,2031-11-21,World Television Day,,United Nations observance,The United Nations’ (UN) World Television Day is globally celebrated on November 21 each year.
US,2031,2031-11-25,International Day for the Elimination of Violence against Women,,United Nations observance,The United Nations' (UN) International Day for the Elimination of Violence against Women raises public awareness of violence against women in all countries around the world and at all levels of society. It is observed each year on November 25.
US,2031,2031-11-27,Thanksgiving Day,,National holiday,Thanksgiving Day in the United States is traditionally a holiday to give thanks for the food collected at the end of the harvest season.
US,2031,2031-11-28,Black Friday,,Observance,Black Friday is the day after Thanksgiving Day in the USA. It is a busy shopping day and is a holiday in some states.
US,2031,2031-11-28,Native American Heritage Day,,Observance,Native American Heritage Day is a observance in the USA
US,2031,2031-11-29,International Day of Solidarity with the Palestinian People,,United Nations observance,The United Nations’ (UN) International Day of Solidarity with the Palestinian People is annually observed on November 29.
US,2031,2031-11-30,Day of Remembrance for all Victims of Chemical Warfare,,United Nations observance,The UN’s Day of Remembrance for all Victims of Chemical Warfare is annually observed on April 29.
US,2031,2031-11-30,First Sunday of Advent,,Christian,"Many Christians in the United States observe the first Sunday of Advent, which marks the start of the Christian year."
US,2031,2031-12-01,Cyber Monday,,Observance,Most online retailers in the US offer discounted prices on their products and services on Cyber Monday.
US,2031,2031-12-01,World AIDS Day,,United Nations observance,The United Nations' (UN) World AIDS Day is annually observed on December 1.
US,2031,2031-12-02,Giving Tuesday,,Worldwide observance,
US,2031,2031-12-02,Giving Tuesday,,Observance,The first Tuesday after Thanksgiving has been dubbed “Giving Tuesday” by charities.
US,2031,2031-12-02,International Day for the Abolition of Slavery,,United Nations observance,The United Nations’ (UN) International Day for the Abolition of Slavery is annually observed on December 2.
US,2031,2031-12-03,International Day of Persons with Disabilities,,United Nations observance,The United Nations' (UN) International Day of Persons with Disabilities is annually observed on December 3 to re-affirm and draw attention to the rights of people who live with disabilities.
US,2031,2031-12-04,International Day of Banks,,United Nations observance,International Day of Banks is a United Nations observance in the USA
US,2031,2031-12-05,International Volunteer Day for Economic and Social Development,,United Nations observance,"The United Nations’ (UN) International Volunteer Day for Economic and Social Development, also known as International Volunteer Day (IVD), is observed on December 5 each year."
US,2031,2031-12-05,World Soil Day,,United Nations observance,World Soil Day raises awareness of why soil is needed for sustainable living.
US,2031,2031-12-06,St Nicholas Day,,Observance,Some churches in the United States recognize St Nicholas' Day as a feast day.
US,2031,2031-12-07,International Civil Aviation Day,,United Nations observance,International Civil Aviation Day is observed globally on December 7 each year. It is observed by organizations such as the International Civil Aviation Organization (ICAO).
US,2031,2031-12-07,Pearl Harbor Remembrance Day,,Observance,"National Pearl Harbor Remembrance Day remembers those who died or were injured when Pearl Harbor, in Hawaii, was attacked in 1941."
US,2031,2031-12-08,Feast of the Immaculate Conception,,Christian,The Feast of the Immaculate Conception is a Christian observance on December 8 each year.
US,2031,2031-12-08,Green Monday,,Worldwide observance,The last Monday at least ten days before Christmas has been dubbed “Green Monday” by online marketers.
US,2031,2031-12-09,International Anti-Corruption Day,,United Nations observance,The United Nations’ (UN) International Anti-Corruption Day is annually observed on December 9 to raise public awareness of corruption and ways to fight it.
US,2031,2031-12-09,World Genocide Commemoration Day,,United Nations observance,World Genocide Commemoration Day is a UN holiday dedicated to the victims of genocide.
US,2031,2031-12-10,Chanukah/Hanukkah (first day),,Hebrew,"The first day of Hanukkah is the start of the Hanukkah period, which lasts for eight days, from the 25th day of the month of Kislev to the second day of Tevet in the Hebrew calendar."
US,2031,2031-12-10,Human Rights Day,,United Nations observance,Human Rights Day marks the anniversary of when the Universal Declaration of Human Rights was proclaimed.
US,2031,2031-12-11,International Mountain Day,,United Nations observance,"The United Nations' (UN) International Mountain Day is an occasion to help raise awareness of the people who live in mountainous regions and the role that these regions play in providing food, water, and recreation. It is observed on December 11 each year."
US,2031,2031-12-12,Feast of Our Lady of Guadalupe,,Christian,"The Feast of Our Lady Guadalupe, in honor of Jesus’ mother Mary, is a Catholic observance in the United States."
US,2031,2031-12-12,International Day of Neutrality,,United Nations observance,International Day of Neutrality is a United Nations observance in the USA
US,2031,2031-12-12,International Universal Health Coverage Day,,United Nations observance,International Universal Health Coverage Day is a United Nations observance in the USA
US,2031,2031-12-13,National Guard Birthday,,Observance,National Guard Birthday is a observance in the USA
US,2031,2031-12-15,Bill of Rights Day,,Observance,Bill of Rights Day is a observance in the USA
US,2031,2031-12-15,Ramadan Starts,,Muslim,"Many Muslims in the United States fast in the hours of daylight during Ramadan, the ninth month in the Islamic calendar."
US,2031,2031-12-17,Last Day of Chanukah,,Hebrew,"The last day of Hanukkah marks the end of a festive Jewish occasion, known as Hanukkah or Chanukah."
US,2031,2031-12-17,Pan American Aviation Day,,Observance,"December 17 marks Pan American Aviation Day, which is annually observed in the United States."
US,2031,2031-12-17,Wright Brothers Day,,Observance,The Wright Brothers Day is annually celebrated in the United States on December 17 to commemorate the historic flight made by Orville and Wilbur Wright on that date in 1903.
US,2031,2031-12-18,Arabic Language Day,,United Nations observance,World Arabic Language Day is a United Nations (UN) observance that celebrates one of the organization’s 6 official languages – Arabic.
US,2031,2031-12-18,International Migrants Day,,United Nations observance,The United Nations (UN) International Migrants Day is celebrated on December 18 each year.
US,2031,2031-12-20,International Human Solidarity Day,,United Nations observance,The United Nations' (UN) International Human Solidarity Day is celebrated on December 20 each year to raise public awareness on the importance of solidarity in fighting poverty.
US,2031,2031-12-20,Super Saturday,,Worldwide observance,"The final Saturday before Christmas has become a very popular shopping day in the US, earning the nickname Super Saturday."
US,2031,2031-12-24,Christmas Eve,,"Observance, Christian",Christmas Eve in the United States is on December 24 each year.
US,2031,2031-12-25,Asarah B'Tevet,,Hebrew,Asarah B'Tevet is a Jewish holiday in the USA
US,2031,2031-12-25,Christmas Day,,"National holiday, Christian",Christmas Day celebrates Jesus Christ's birth.
US,2031,2031-12-25,Christmas Day,,"Local holiday, Christian",Christmas Day celebrates Jesus Christ's birth.
US,2031,2031-12-26,Kwanzaa (first day),,Observance,"Kwanzaa is a week-long holiday honoring the culture and traditions of African people and their descendants worldwide, especially in the United States."
US,2031,2031-12-27,International Day of Epidemic Preparedness,,United Nations observance,International Day of Epidemic Preparedness is a United Nations observance in the USA
US,2031,2031-12-31,New Year's Eve,,Observance,New Year's Eve is the last day of the year in the Gregorian calendar. Many parties to welcome the New Year are held in in the United States on New Year's Eve.
US,2032,2032-01-01,New Year's Day,,National holiday,"New Year's Day is the first day of the Gregorian calendar, which is widely used in many countries such as the USA."
US,2032,2032-01-04,World Braille Day,,United Nations observance,"World Braille Day celebrates the life and achievements of Louis Braille, who invented the braille code for the visually impaired."
US,2032,2032-01-06,Epiphany,,Christian,"Many people in the United States annually observe Epiphany, or Three Kings’ Day, on January 6. It is a Christian observance and a public holiday in the US Virgin Islands."
US,2032,2032-01-07,International Programmers' Day,,Worldwide observance,"Many people celebrate International Programmers’ Day on January 7, while others observe this event on the 256th day of the year, usually on September 13 or on September 12 in leap years."
US,2032,2032-01-07,Orthodox Christmas Day,,Orthodox,Many Orthodox Christian churches in countries such as the United States observe Christmas Day on or near January 7 in the Gregorian calendar.
US,2032,2032-01-09,Lailat al-Qadr,,Muslim,Laylat al Qadr is most likely to be held on one of the last 10 days of month of Ramadan in the Islamic calendar.
US,2032,2032-01-13,Stephen Foster Memorial Day,,Observance,"Stephen Foster Memorial Day is annually observed in the United States on January 13. The day remembers the achievements of Stephen Foster, who is known as the “father of American music”."
US,2032,2032-01-14,Eid al-Fitr,,Muslim,"Eid al-Fitr is a holiday to mark the end of the Islamic month of Ramadan, during which Muslims fast during the hours of daylight."
US,2032,2032-01-14,Orthodox New Year,,Orthodox,Many Orthodox Christian churches in countries such as the United States celebrate New Year’s Day on January 14 in the Gregorian calendar.
US,2032,2032-01-18,World Religion Day,,Worldwide observance,World Religion Day fosters interfaith dialogue and understanding of all religions.
US,2032,2032-01-19,Martin Luther King Jr. Day,,National holiday,Martin Luther King Day marks the anniversary of the date of birth of the influential American civil right leader of the same name.
US,2032,2032-01-24,International Day of Education,,United Nations observance,International Day of Education is a United Nations observance in the USA
US,2032,2032-01-25,World Leprosy Day,,Worldwide observance,"World Leprosy Day brings awareness of leprosy, also known as Hansen's disease, and ways to prevent the disease."
US,2032,2032-01-26,International Customs Day,,Worldwide observance,International Customs Day celebrates custom personnel and agencies worldwide.
US,2032,2032-01-27,International Day of Commemoration in Memory of the Victims of the Holocaust,,United Nations observance,The United Nations' (UN) International Day of Commemoration in Memory of the Victims of the Holocaust remembers those who died and suffered during the Holocaust before and during World War II. It is on January 27 each year.
US,2032,2032-01-28,Tu Bishvat/Tu B'Shevat,,Hebrew,"Tu B’Shevat, known as the “New Year for Trees”, is a Jewish festival similar to Arbor Day."
US,2032,2032-02-01,First Day of Black History Month,,Observance,First Day of Black History Month is a annual monthly observance in the USA
US,2032,2032-02-01,National Freedom Day,,Observance,National Freedom Day in the United States is observed on February 1 each year.
US,2032,2032-02-02,Groundhog Day,,Observance,Many people in the United States observe Groundhog Day on February 2.
US,2032,2032-02-02,World Wetlands Day,,Worldwide observance,World Wetlands Day raises awareness about the important role that the wetlands play in the environment and in our lives.
US,2032,2032-02-04,International Day of Human Fraternity,,United Nations observance,International Day of Human Fraternity is a United Nations observance in the USA
US,2032,2032-02-04,National Girls and Women in Sports Day,,Observance,National Girls and Women in Sports Day is a observance in the USA
US,2032,2032-02-04,World Cancer Day,,Worldwide observance,World Cancer Day is an annual global event on February 4 to raise people’s awareness of cancer.
US,2032,2032-02-06,International Day of Zero Tolerance for Female Genital Mutilation,,United Nations observance,The International Day of Zero Tolerance for Female Genital Mutilation is an awareness campaign to end a harmful practice that violates girls’ and women’s rights.
US,2032,2032-02-06,National Wear Red Day,,Observance,National Wear Red Day® raises public awareness of heart disease in women and ways to avoid and combat this problem.
US,2032,2032-02-08,Super Bowl,,Sporting event,The Super Bowl is the championship game of the National Football League (NFL) in the United States. It is played every year in February.
US,2032,2032-02-10,Shrove Tuesday/Mardi Gras,,"Observance, Christian","Shrove Tuesday is traditionally known as the day prior to Lent but it also serves as a day of celebration, known as Mardi Gras."
US,2032,2032-02-10,World Pulses Day,,United Nations observance,World Pulses Day is a United Nations observance in the USA
US,2032,2032-02-11,Ash Wednesday,,Christian,"Ash Wednesday is a Christian observance that marks the first day of Lent, which is prior to Easter."
US,2032,2032-02-11,International Day of Women and Girls in Science,,United Nations observance,The International Day of Women and Girls in Science is a UN holiday to recognize the critical role women and girls play in science and technology communities.
US,2032,2032-02-11,Lunar New Year,,Observance,Lunar New Year marks the first day of the New Year in the Chinese calendar.
US,2032,2032-02-11,World Day of the Sick,,Worldwide observance,World Day of the Sick is a global event when people remember or pray for the sick.
US,2032,2032-02-13,Friday the 13th,,Worldwide observance,Friday the 13th is a day full of superstitious beliefs in communities worldwide.
US,2032,2032-02-13,World Radio Day,,United Nations observance,World Radio Day is an annual United Nations (UN) event that promotes the importance of the radio in communicating information worldwide.
US,2032,2032-02-14,Valentine's Day,,Observance,Valentine's Day is an occasion to celebrate romantic love.
US,2032,2032-02-16,Presidents' Day,,National holiday,"Washington's Birthday, or Presidents' Day, honors the life and work of the first president of the United States, George Washington."
US,2032,2032-02-20,World Day of Social Justice,,United Nations observance,"The United Nations' (UN) World Day of Social Justice promotes poverty eradication, full employment and social integration. It is on February 20 each year."
US,2032,2032-02-21,International Mother Language Day,,United Nations observance,The United Nations' (UN) International Mother Language Day is annually held on February 21 to celebrate languages spoken worldwide. It also observes the human right to use these languages.
US,2032,2032-02-26,Purim,,Hebrew,"Purim commemorates a time when Jewish people were saved from death around the fourth century BCE, according to the Book of Esther."
US,2032,2032-02-29,Leap Day,,Worldwide observance,"Leap Day, February 29, usually occurs every 4 years and is part of a Leap Year, which is 366 days."
US,2032,2032-03-01,First Day of Irish American Heritage Month,,Observance,First Day of Irish American Heritage Month is a annual monthly observance in the USA
US,2032,2032-03-01,First Day of Women's History Month,,Observance,First Day of Women's History Month is a annual monthly observance in the USA
US,2032,2032-03-01,Self-Injury Awareness Day,,Worldwide observance,
US,2032,2032-03-01,St. David's Day,,"Observance, Christian","Many Welsh communities in the United States celebrate the life of their patron saint, St David, and their links with Wales on St David’s Day."
US,2032,2032-03-01,Zero Discrimination Day,,United Nations observance,"Discrimination Day highlights the negative impacts of discrimination and promotes tolerance, compassion and peace."
US,2032,2032-03-02,Read Across America Day,,Observance,Read Across America Day is observed in the United States on March 2 each year.
US,2032,2032-03-03,World Wildlife Day,,United Nations observance,"World Wildlife Day celebrates all flora and fauna, including animals, on Earth."
US,2032,2032-03-05,Employee Appreciation Day,,Observance,"Employee Appreciation Day is a US unofficial observance that recognizes and appreciates employees in all industries, aimed at helping employers keep their staff."
US,2032,2032-03-08,International Women's Day,,United Nations observance,International Women’s Day celebrates women’s achievements worldwide and throughout history.
US,2032,2032-03-10,International Day of Women Judges,,United Nations observance,International Day of Women Judges is a United Nations observance in the USA
US,2032,2032-03-11,World Kidney Day,,Worldwide observance,World Kidney Day is an annual observation that attempts to raise global awareness about the importance of kidney health and tries to bring attention to the unique challenges faced by those who suffer from Chronic Kidney Disease.
US,2032,2032-03-15,Long Covid Awareness Day,,Worldwide observance,Long Covid Awareness Day is a worldwide observance in the USA
US,2032,2032-03-17,St. Patrick's Day,,"Observance, Christian","St Patrick's Day marks the life and deeds of St Patrick, one of Ireland's patron saints. It is an Irish-American celebration in the USA."
US,2032,2032-03-20,French Language Day,,United Nations observance,French Language Day is a United Nations observance in the USA
US,2032,2032-03-20,International Day of Happiness,,United Nations observance,International Day of Happiness aims to promote the idea that the pursuit of happiness is universal.
US,2032,2032-03-21,International Day for the Elimination of Racial Discrimination,,United Nations observance,The United Nations’ (UN) International Day for the Elimination of Racial Discrimination is annually observed on March 21.
US,2032,2032-03-21,International Day of Forests,,United Nations observance,"International Day of Forests raises awareness on forests and trees, including their role in climate change."
US,2032,2032-03-21,International Day of Nowruz,,United Nations observance,"The UN’s International Day of Nowruz, also known as Nowruz, No-Ruz, No-Rooz or No Ruz, is observed on March 21 each year."
US,2032,2032-03-21,Palm Sunday,,Christian,Palm Sunday in the United States celebrates Jesus Christ’s entry into Jerusalem. It is also the Sunday before Easter Sunday.
US,2032,2032-03-21,World Down Syndrome Day,,United Nations observance,World Down Syndrome Day is held on March 21 every year.
US,2032,2032-03-21,World Poetry Day,,United Nations observance,World Poetry Day celebrates poetry around the world on March 21 each year.
US,2032,2032-03-22,Eid al-Adha,,Muslim,"For more than 3 millions Muslims in the US, Eid al-Adha, the Festival of Sacrifice, is one of the most important dates in the calendar."
US,2032,2032-03-22,World Water Day,,United Nations observance,World Water Day aims to increase people's awareness of the water's importance in all aspects of life.
US,2032,2032-03-23,World Meteorological Day,,United Nations observance,"World Meteorological Day marks the anniversary of the World Meteorological Organization's establishment on March 23, 1950."
US,2032,2032-03-24,International Day for the Right to the Truth concerning Gross Human Rights Violations and for the Dignity of Victims,,United Nations observance,March 24 is the UN’s International Day for the Right to the Truth concerning Gross Human Rights Violations and for the Dignity of Victims
US,2032,2032-03-24,World Tuberculosis Day,,United Nations observance,World Tuberculosis Day is annually held on March 24 to raise awareness of tuberculosis and ways to eradicate the disease.
US,2032,2032-03-25,International Day of Remembrance of Slavery Victims and the Transatlantic Slave Trade,,United Nations observance,"The International Day of Remembrance of the Victims of Slavery and the Transatlantic Slave Trade remembers the lives of Africans who were forced into slavery in North, Central and South America."
US,2032,2032-03-25,International Day of Solidarity with Detained and Missing Staff Members,,United Nations observance,The UN’s International Day of Solidarity with Detained and Missing Staff Members is annually held on March 25.
US,2032,2032-03-25,Maundy Thursday,,Christian,"Maundy Thursday, which is also known as Holy Thursday, is the day before Good Friday."
US,2032,2032-03-26,Good Friday,,"Local holiday, Christian",Good Friday commemorates Jesus Christ's crucifixion.
US,2032,2032-03-26,Passover Eve,,Hebrew,Passover Eve is a Jewish holiday in the USA
US,2032,2032-03-27,Earth Hour,,Worldwide observance,Earth Hour is an annual event in which many people worldwide turn their lights off on the last Saturday in March.
US,2032,2032-03-27,Holy Saturday,,Christian,Holy Saturday is the day before Easter Sunday in the United States.
US,2032,2032-03-27,Passover (first day),,Hebrew,Passover marks the Israelites' liberation from slavery and their exodus from Egypt around 3000 years ago.
US,2032,2032-03-28,Easter Sunday,,"Observance, Christian","Easter Sunday is an important day in the Christian church calendar because it celebrates Jesus Christ's resurrection, according to Christian belief."
US,2032,2032-03-29,Easter Monday,,"Observance, Christian",Easter Monday is the day after Easter Sunday. It is not a federal holiday in the United States of America (USA).
US,2032,2032-03-29,National Vietnam War Veterans Day,,Observance,National Vietnam War Veterans Day is an US observance to honor US military members who served during the Vietnam War.
US,2032,2032-03-30,Doctors' Day,,Observance,Doctors' Day is a observance in the USA
US,2032,2032-03-31,International Transgender Day of Visibility,,Worldwide observance,International Transgender Day of Visibility is a worldwide observance in the USA
US,2032,2032-04-01,April Fool's Day,,Worldwide observance,"April Fool's Day, on April 1, is a day to play practical jokes and tricks."
US,2032,2032-04-02,World Autism Awareness Day,,United Nations observance,"World Autism Awareness Day raises an awareness of issues surrounding people, particularly children, with autism worldwide."
US,2032,2032-04-03,Last Day of Passover,,Hebrew,"The last day of Passover marks the end of the Passover period, which lasts for seven or eight days."
US,2032,2032-04-04,United Nations' Mine Awareness Day,,United Nations observance,The United Nations' International Day for Mine Awareness and Assistance in Mine Action is annually observed on April 4.
US,2032,2032-04-05,International Day of Conscience,,United Nations observance,International Day of Conscience is a United Nations observance in the USA
US,2032,2032-04-06,International Day of Sport for Development and Peace,,United Nations observance,The International Day of Sport for Development and Peace aims to bring goodwill and positive social outcomes through sporting achievements.
US,2032,2032-04-06,National Tartan Day,,Observance,National Tartan Day is annually observed on April 6 to honor the major role that Scottish Americans played in the founding of the United States of America.
US,2032,2032-04-07,Day of Remembrance of the Victims of the Rwanda Genocide,,United Nations observance,The UN’s Day of Remembrance of the Victims of the Rwanda Genocide is observed on April 7 each year.
US,2032,2032-04-07,United Nations' World Health Day,,United Nations observance,"The World Health Organization, the United Nations' the directing and coordinating authority for health, annually highlights one of its priorities for global health on World Health Day."
US,2032,2032-04-07,Yom HaShoah,,Hebrew,Many people in the United States observe Yom Hashoah by remembering Holocaust victims who died during World War II.
US,2032,2032-04-12,International Day of Human Space Flight,,United Nations observance,The UN’s International Day of Human Space Flight is annually held on April 12.
US,2032,2032-04-12,Muharram,,Muslim,"The first day of Muharram, which is the first month in the Islamic calendar, marks the start of the Islamic New Year."
US,2032,2032-04-13,National Library Workers' Day,,Observance,"National Library Workers’ Day recognizes the efforts and achievements that librarians make to give Americans access to information via books, computers and other media."
US,2032,2032-04-13,Thomas Jefferson's Birthday,,Observance,Americans celebrate president Thomas Jefferson's Birthday on April 13.
US,2032,2032-04-14,World Chagas Disease Day,,United Nations observance,World Chagas Disease Day is a United Nations observance in the USA
US,2032,2032-04-15,Tax Day,,Observance,Tax Day is the deadline for United States residents to file details of their income to the Internal Revenue Service (IRS) so that their liability for income tax can be assessed.
US,2032,2032-04-15,World Art Day,,Worldwide observance,World Art Day is a worldwide observance in the USA
US,2032,2032-04-15,Yom Ha'atzmaut,,Hebrew,"Many Jewish communities in the United States celebrate Yom Ha’Atzmaut, which is Israel’s Independence Day, on the fifth day of the month of Iyar in the Jewish calendar."
US,2032,2032-04-18,International Day for Monuments and Sites,,Worldwide observance,The International Day for Monuments and Sites raises awareness on preserving and conserving historical and archeological heritage sites.
US,2032,2032-04-19,Boston Marathon,,Sporting event,Boston Marathon is one of the world's oldest yearly marathon. It is held annually on Patriot's Day in the month of April.
US,2032,2032-04-20,Chinese Language Day,,United Nations observance,Chinese Language Day is a United Nations observance that celebrates one of the organization’s 6 official languages – Chinese.
US,2032,2032-04-21,Administrative Professionals Day,,Observance,Administrative Professionals Day® is on the Wednesday of the last full week of April. It remembers the important role of administrative professionals.
US,2032,2032-04-21,Ashura,,Muslim,Ashura is a Muslim in the USA
US,2032,2032-04-21,World Creativity and Innovation Day,,United Nations observance,World Creativity and Innovation Day is a United Nations observance in the USA
US,2032,2032-04-22,Earth Day,,United Nations observance,The United Nations' International Mother Earth Day promotes environmental awareness and calls for the protection of our planet.
US,2032,2032-04-22,International Girls in ICT Day,,United Nations observance,International Girls in ICT Day is a United Nations observance in the USA
US,2032,2032-04-22,Take our Daughters and Sons to Work Day,,Observance,Take our Daughters and Sons to Work Day is a observance in the USA
US,2032,2032-04-23,English Language Day,,United Nations observance,"English Language Day promotes the history, culture and accomplishments of the English language."
US,2032,2032-04-23,World Book and Copyright Day,,United Nations observance,World Book and Copyright Day is an occasion to celebrate the contribution of books and authors to our global culture and the connection between copyright and books.
US,2032,2032-04-23,World Spanish Language Day,,United Nations observance,World Spanish Language Day is a United Nations observance in the USA
US,2032,2032-04-24,International Day of Multilateralism and Diplomacy for Peace,,United Nations observance,International Day of Multilateralism and Diplomacy for Peace is a United Nations observance in the USA
US,2032,2032-04-25,International Delegate's Day,,United Nations observance,International Delegate's Day is a United Nations observance in the USA
US,2032,2032-04-25,World Malaria Day,,United Nations observance,World Malaria Day is annually observed on April 25 to promote efforts that provide effective control of malaria worldwide.
US,2032,2032-04-26,International Chernobyl Disaster Remembrance Day,,United Nations observance,International Chernobyl Disaster Remembrance Day is a UN holiday designed to raise awareness of the consequences of the 1986 nuclear accident.
US,2032,2032-04-26,World Intellectual Property Day,,United Nations observance,World Intellectual Property Day is annually held on April 26 to increase awareness and understanding of intellectual property worldwide.
US,2032,2032-04-28,World Day for Safety and Health at Work,,United Nations observance,The World Day for Safety and Health at Work is observed on April 28 each year.
US,2032,2032-04-29,Lag BaOmer,,Hebrew,Many Jewish Americans observe Lag B’Omer on the 18th day of the month of Iyar in the Jewish calendar.
US,2032,2032-04-30,International Jazz Day,,United Nations observance,"International Jazz Day recognizes the historical, cultural, and educational contribution of jazz."
US,2032,2032-04-30,Kentucky Oaks,,Sporting event,The Kentucky Oaks is a rade 1 Stakes horse race held annually on the Friday before the Kentucky Derby in May.
US,2032,2032-04-30,Orthodox Good Friday,,Orthodox,Many Orthodox Christians in the United States remember the events leading up to Jesus Christ's crucifixion on Great Friday.
US,2032,2032-05-01,First Day of Asian Pacific American Heritage Month,,Observance,First Day of Asian Pacific American Heritage Month is a annual monthly observance in the USA
US,2032,2032-05-01,First Day of Jewish American Heritage Month,,Observance,First Day of Jewish American Heritage Month is a annual monthly observance in the USA
US,2032,2032-05-01,First Day of Military Appreciation Month,,Observance,First Day of Military Appreciation Month is a annual monthly observance in the USA
US,2032,2032-05-01,Kentucky Derby,,Sporting event,"Kentucky Derby is a Grade I Stakes horse race held annually in Louisville, Kentucky in May."
US,2032,2032-05-01,Law Day,,Observance,Law Day in the United States is annually held on May 1.
US,2032,2032-05-01,Loyalty Day,,Observance,Loyalty Day is a special day for people to reaffirm their loyalty to the United States and to recognize the heritage of American freedom.
US,2032,2032-05-01,National Explosive Ordnance Disposal (EOD) Day,,Observance,National Explosive Ordnance Disposal (EOD) Day is an occasion to remember those serving the profession of explosive ordnance disposal in the United States Armed Forces.
US,2032,2032-05-01,Orthodox Holy Saturday,,Orthodox,Many Orthodox Christians in the United States remember Jesus Christ’s burial and his descent into Hades on Holy Saturday.
US,2032,2032-05-02,International Family Equality Day,,Worldwide observance,International Family Equality Day is a worldwide observance in the USA
US,2032,2032-05-02,Orthodox Easter,,Orthodox,"Many Orthodox Christians in the United States mark Easter Sunday, also known as Pascha, as the day Jesus Christ was resurrected, according to the Christian bible."
US,2032,2032-05-02,World Tuna Day,,United Nations observance,World Tuna Day is a UN holiday designed to raise awareness of the global importance of tuna.
US,2032,2032-05-03,Orthodox Easter Monday,,Orthodox,Many Orthodox churches in the United States observe Easter Monday on the day after the Orthodox Easter Sunday date.
US,2032,2032-05-03,World Press Freedom Day,,United Nations observance,World Press Freedom Day focuses on the importance of the freedom of the press and freedom of expression.
US,2032,2032-05-04,National Teacher Appreciation Day,,Observance,National Teacher Appreciation Day is a observance in the USA
US,2032,2032-05-05,Cinco de Mayo,,Observance,"'Cinco de Mayo' means ""Fifth of May"" in Spanish and is a festival of Mexican pride and heritage."
US,2032,2032-05-05,World Portuguese Language Day,,United Nations observance,World Portuguese Language Day is a United Nations observance in the USA
US,2032,2032-05-06,Ascension Day,,Christian,Ascension Day is the 40th day of Easter and commemorates the ascension of Jesus Christ into heaven.
US,2032,2032-05-06,National Day of Prayer,,Observance,"National Day of Prayer is held on the first Thursday of May each year, inviting Americans of all faiths to pray for the country and its leaders."
US,2032,2032-05-06,National Nurses Day,,Observance,National Nurses Day is an occasion to honor the work of nurses.
US,2032,2032-05-07,Military Spouse Appreciation Day,,Observance,Appreciate and thank all the military spouses and partners you know on Military Spouse Appreciation Day.
US,2032,2032-05-08,Time of Remembrance and Reconciliation for Those Who Lost Their Lives during the Second World War,,United Nations observance,"The United Nations’ (UN) Time of Remembrance and Reconciliation for Those Who Lost Their Lives during the Second World War is annually held over two days, from May 8-9."
US,2032,2032-05-08,Victory in Europe Day,,Observance,Victory in Europe Day is a observance in the USA
US,2032,2032-05-08,World Migratory Bird Day,,United Nations observance,World Migratory Bird Day is observed the second weekend of May every year.
US,2032,2032-05-08,World Ovarian Cancer Day,,Worldwide observance,World Ovarian Cancer Day aims to spread global awareness about ovarian cancer.
US,2032,2032-05-08,World Red Cross and Red Crescent Day,,Worldwide observance,World Red Cross and Red Crescent Day is a worldwide observance in the USA
US,2032,2032-05-09,Mother's Day,,Observance,Mother's Day celebrates the role of mothers and mother figures.
US,2032,2032-05-10,International Day of Argania,,United Nations observance,International Day of Argania is a United Nations observance in the USA
US,2032,2032-05-12,International Nurses Day,,Worldwide observance,International Nurses Day focuses on the critical contribution of nurses around the world in maintaining public health.
US,2032,2032-05-15,Armed Forces Day,,Observance,Armed Forces Day is a national observance in the United States on the third Saturday of May each year.
US,2032,2032-05-15,International Day of Families,,United Nations observance,"The International Day of Families is an occasion to celebrate the importance of families to people, societies and cultures around the world."
US,2032,2032-05-15,Peace Officers Memorial Day,,Observance,"Peace Officers Memorial Day is held annually in the United States on May 15 in honor of federal, state and local officers killed or disabled in the line of duty."
US,2032,2032-05-15,Preakness Stakes,,Sporting event,The Preakness Stakes is the second event in the Triple Crown and is annually held two weeks after the Kentucky Derby.
US,2032,2032-05-16,International Day of Light,,United Nations observance,International Day of Light is a United Nations observance in the USA
US,2032,2032-05-16,International Day of Living Together in Peace,,United Nations observance,International Day of Living Together in Peace is a United Nations observance in the USA
US,2032,2032-05-16,Pentecost,,Christian,"Many Christians in the United States observe Pentecost, also known as Whitsunday or Whit Sunday."
US,2032,2032-05-16,Shavuot,,Hebrew,"Shavuot, also known as the Festival of Weeks, is one of three major Jewish festivals."
US,2032,2032-05-17,Whit Monday,,Christian,"Many Christians in the United States will observe Whit Monday, or Pentecost Monday. It is the day after Pentecost, which is also known as Whit Sunday or Whitsunday."
US,2032,2032-05-17,World Telecommunication and Information Society Day,,United Nations observance,World Information Society Day is celebrated each year to raise awareness of how information and communication can be beneficial for societies and economies.
US,2032,2032-05-19,Emergency Medical Services for Children Day,,Observance,"Emergency Medical Services for Children (EMSC) Day is observed on the Wednesday of Emergency Medical Services (EMS) Week, May 19–25, in the United States."
US,2032,2032-05-20,World Autoimmune / Autoinflammatory Arthritis Day,,Worldwide observance,World Autoimmune / Autoinflammatory Arthritis Day is a worldwide observance in the USA
US,2032,2032-05-20,World Bee Day,,United Nations observance,World Bee Day is a United Nations observance in the USA
US,2032,2032-05-21,International Tea Day,,United Nations observance,International Tea Day is a United Nations observance in the USA
US,2032,2032-05-21,National Defense Transportation Day,,Observance,National Defense Transportation Day occurs annually in the United States on the third Friday of May.
US,2032,2032-05-21,World Day for Cultural Diversity for Dialogue and Development,,United Nations observance,"The World Day for Cultural Diversity for Dialogue and Development, held on May 21, is an occasion for people to deepen their understanding of cultural diversity."
US,2032,2032-05-22,International Day for Biological Diversity,,United Nations observance,The International Day for Biological Diversity is an occasion to increase the global understanding and awareness of issues and challenges around biodiversity.
US,2032,2032-05-22,National Maritime Day,,Observance,"National Maritime Day is annually observed in the United States on May 22. It is a time to observe its maritime heritage, to honor those who served as merchant mariners, and to recognize the benefits of the maritime industry."
US,2032,2032-05-23,International Day to End Obstetric Fistula,,United Nations observance,The International Day to End Obstetric Fistula raises awareness of fistula and calls for support to tackle the problem.
US,2032,2032-05-23,Trinity Sunday,,Christian,Trinity Sunday is the first Sunday after Pentecost and is celebrated by many Christians in the United States.
US,2032,2032-05-25,African Liberation Day,,Worldwide observance,African Liberation Day celebrates African nations' hard-fought freedom from European colonial powers.
US,2032,2032-05-25,National Missing Children's Day,,Observance,National Missing Children's Day is an observation dedicated to addressing the problem of child abduction.
US,2032,2032-05-27,Corpus Christi,,Christian,Corpus Christi is observed in honor of the Holy Eucharist.
US,2032,2032-05-29,International Day of United Nations Peacekeepers,,United Nations observance,The International Day of United Nations Peacekeepers is an occasion to pay tribute to people who served in United Nations (UN) peacekeeping operations.
US,2032,2032-05-31,Memorial Day,,National holiday,Memorial Day commemorates all Americans who have died in military service for the United States.
US,2032,2032-05-31,World No Tobacco Day,,United Nations observance,World No Tobacco Day draws attention to the health problems caused by tobacco use.
US,2032,2032-06-01,First Day of Caribbean-American Heritage Month,,Observance,First Day of Caribbean-American Heritage Month is a annual monthly observance in the USA
US,2032,2032-06-01,First Day of Pride Month,,Observance,First Day of Pride Month is a annual monthly observance in the USA
US,2032,2032-06-01,Global Day of Parents,,United Nations observance,Global Day of Parents appreciates the role of a parent in nurturing and fostering growth for their children.
US,2032,2032-06-03,World Bicycle Day,,United Nations observance,World Bicycle Day is a United Nations observance in the USA
US,2032,2032-06-04,International Day of Innocent Children Victims of Aggression,,United Nations observance,The United Nations' (UN) International Day of Innocent Children Victims of Aggression is observed on June 4 each year.
US,2032,2032-06-05,Belmont Stakes,,Sporting event,The Belmont Stakes is the third and final horse race of the Triple Crown. It is run annually five weeks after the Kentucky Derby.
US,2032,2032-06-05,"International Day for the Fight against Illegal, Unreported and Unregulated Fishing",,United Nations observance,"International Day for the Fight against Illegal, Unreported and Unregulated Fishing is a United Nations observance in the USA"
US,2032,2032-06-05,World Environment Day,,United Nations observance,World Environment Day is held each year on June 5. It is one of the principal vehicles through which the United Nations (UN) stimulates worldwide awareness of the environment and enhances political attention and action.
US,2032,2032-06-06,D-Day,,Observance,"D-Day is a special anniversary in some countries, including the United States (U.S.), to remember Allied forces’ invasion of Normandy, France, in the Second World War."
US,2032,2032-06-06,Day of the Russian Language,,United Nations observance,Day of the Russian Language is a United Nations observance in the USA
US,2032,2032-06-07,World Food Safety Day,,United Nations observance,World Food Safety Day is a United Nations observance in the USA
US,2032,2032-06-08,World Oceans Day,,United Nations observance,World Oceans Day is annually observed on June 8 to raise awareness of the challenges humanity faces to protect the world's oceans.
US,2032,2032-06-12,Loving Day,,Observance,Loving Day is a observance in the USA
US,2032,2032-06-12,World Day Against Child Labour,,United Nations observance,Poverty and injustice against widows is a world-wide problem addressed by International Widows' Day.
US,2032,2032-06-13,International Albinism Awareness Day,,United Nations observance,International Albinism Awareness Day aims to stop the persecution and murders of people with albinism.
US,2032,2032-06-14,Army Birthday,,Observance,Army Birthday is a observance in the USA
US,2032,2032-06-14,Flag Day,,Observance,Flag Day is annually held on June 14 to honor the United States flag.
US,2032,2032-06-14,World Blood Donor Day,,United Nations observance,On World Blood Donor Day numerous events are held worldwide to raise awareness about the importance of safe blood supplies.
US,2032,2032-06-15,World Elder Abuse Awareness Day,,United Nations observance,"World Elder Abuse Awareness Day attempts to shine a light on the problem of physical, emotional, and financial abuse of elders."
US,2032,2032-06-16,International Day of Family Remittances,,United Nations observance,The UN estimates that family remittances worth over 500 billion US$ are transferred worldwide every year.
US,2032,2032-06-17,World Day to Combat Desertification and Drought,,United Nations observance,The United Nations' World Day to Combat Desertification and Drought is observed worldwide on June 17 each year.
US,2032,2032-06-18,Juneteenth (substitute),,National holiday,"Juneteenth, also known as Freedom Day and Emancipation Day, is a holiday or observance in many US states to celebrate the anniversary of the abolition of slavery in Texas on June 19, 1865."
US,2032,2032-06-18,Sustainable Gastronomy Day,,United Nations observance,Sustainable Gastronomy Day is a United Nations observance in the USA
US,2032,2032-06-19,International Day for the Elimination of Sexual Violence in Conflict,,United Nations observance,International Day for the Elimination of Sexual Violence in Conflict is a UN day aiming to rid the world of conflict-related sexual violence.
US,2032,2032-06-19,Juneteenth,,National holiday,"Juneteenth, also known as Freedom Day and Emancipation Day, is a holiday or observance in many US states to celebrate the anniversary of the abolition of slavery in Texas on June 19, 1865."
US,2032,2032-06-20,American Eagle Day,,Observance,"Observed annually on June 20 in 47 American states, American Eagle Day is an unofficial holiday that celebrates the removal of the American Bald Eagle from a list of ""endangered species""."
US,2032,2032-06-20,Father's Day,,Observance,Father's Day celebrates the contribution that fathers and father figures make to the lives of their children.
US,2032,2032-06-20,World Refugee Day,,United Nations observance,"The United Nations' World Refugee Day honors refugees' courage, strength and determination."
US,2032,2032-06-21,International Day of Yoga,,United Nations observance,The International Day of Yoga is a UN-day that aims to raise awareness worldwide of the many benefits of practicing yoga.
US,2032,2032-06-21,International Day of the Celebration of the Solstice,,United Nations observance,International Day of the Celebration of the Solstice is a United Nations observance in the USA
US,2032,2032-06-21,The Prophet's Birthday,,Muslim,Eid Milad ul-Nabi (Mawlid or Milad-un-Nabi) commemorates the Prophet Muhammed's birthday.
US,2032,2032-06-23,International Widows' Day,,United Nations observance,Poverty and injustice against widows is a world-wide problem addressed by International Widows' Day.
US,2032,2032-06-23,Public Service Day,,United Nations observance,The United Nations’ Public Service Day celebrates the idea that democracy and successful governance depend on a competent civil service.
US,2032,2032-06-25,Day of the Seafarer,,United Nations observance,"The Day of the Seafarer aims to acknowledge the social, and economic contribution of the millions of seafarers around the world."
US,2032,2032-06-26,International Day Against Drug Abuse and Illicit Trafficking,,United Nations observance,The United Nations’ (UN) International Day Against Drug Abuse and Illicit Trafficking raise awareness about the dangers of illicit drugs.
US,2032,2032-06-26,International Day in Support of Victims of Torture,,United Nations observance,The United Nations’ (UN) International Day in Support of Victims of Torture is annually observed on June 26 to remind people that human torture is not only unacceptable – it is also a crime.
US,2032,2032-06-27,"Micro-, Small and Medium-sized Enterprises Day",,United Nations observance,"Micro-, Small and Medium-sized Enterprises Day is a United Nations observance in the USA"
US,2032,2032-06-29,International Day of the Tropics,,United Nations observance,International Day of the Tropics is a United Nations observance in the USA
US,2032,2032-06-30,International Asteroid Day,,United Nations observance,The United Nations established International Asteroid Day to raise public awareness of the asteroid impact hazard.
US,2032,2032-06-30,International Day of Parliamentarism,,United Nations observance,International Day of Parliamentarism is a United Nations observance in the USA
US,2032,2032-07-03,International Day of Cooperatives,,United Nations observance,"The United Nations' (UN) International Day of Cooperatives recognizes and reaffirms the role of cooperatives in economic, social and cultural development and in the achievement of social policy objectives."
US,2032,2032-07-04,Independence Day,,National holiday,"On Independence Day, Americans celebrate the anniversary of publication of the Declaration of Independence from Great Britain in 1776."
US,2032,2032-07-05,Independence Day (substitute),,National holiday,"On Independence Day, Americans celebrate the anniversary of publication of the Declaration of Independence from Great Britain in 1776."
US,2032,2032-07-11,World Population Day,,United Nations observance,The United Nations' (UN) World Population Day reaffirms the human right to plan for a family.
US,2032,2032-07-14,Bastille Day,,Observance,Bastille Day is a observance in the USA
US,2032,2032-07-15,World Youth Skills Day,,United Nations observance,Acquiring skills enhances youths' ability to make informed choices and empowers them to gain access to changing labor markets.
US,2032,2032-07-16,Rural Transit Day,,Observance,Rural Transit Day is a observance in the USA
US,2032,2032-07-18,Nelson Mandela Day,,United Nations observance,Nelson Mandela International Day is annually observed on July 18 to recognize the former South African president’s contribution to peace and freedom.
US,2032,2032-07-18,Tisha B'Av,,Hebrew,Tisha B’Av is on the ninth day of the month of Av in the Jewish calendar.
US,2032,2032-07-20,World Chess Day,,United Nations observance,World Chess Day is a United Nations observance in the USA
US,2032,2032-07-25,Parents' Day,,Observance,Parents’ Day is celebrated in the United States on the fourth Sunday of July each year to recognize and promote parenting as a crucial part of families and the wider community.
US,2032,2032-07-25,World Drowning Prevention Day,,United Nations observance,World Drowning Prevention Day is a United Nations observance in the USA
US,2032,2032-07-27,National Korean War Veterans Armistice Day,,Observance,National Korean War Veterans Armistice Day is a observance in the USA
US,2032,2032-07-28,World Hepatitis Day,,United Nations observance,World Hepatitis Day is observed on July 28 every year to raise awareness of hepatitis and encourage prevention and treatment.
US,2032,2032-07-30,International Day of Friendship,,United Nations observance,The International Day of Friendship is annually held on July 30 to celebrate friendships worldwide.
US,2032,2032-07-30,World Day Against Trafficking in Persons,,United Nations observance,July 30 is the UN World Day Against Trafficking in Persons
US,2032,2032-08-04,Barack Obama Day,,Observance,Barack Obama Day is a observance in the USA
US,2032,2032-08-04,Coast Guard Birthday,,Observance,Coast Guard Birthday is a observance in the USA
US,2032,2032-08-07,Purple Heart Day,,Observance,Purple Heart Day on August 7 commemorates the day in 1782 when General George Washington created the Purple Heart Medal – a military decoration that is awarded to those wounded or killed while serving in the United States Armed Forces.
US,2032,2032-08-09,International Day of the World's Indigenous People,,United Nations observance,The United Nations’ (UN) International Day of the World's Indigenous People is observed on August 9 each year to promote and protect the rights of the world’s indigenous peoples.
US,2032,2032-08-12,International Youth Day,,United Nations observance,The United Nations’ (UN) International Youth Day is annually held on August 12 to celebrate the achievements of the world’s youth and to encourage their participation in enhancing society.
US,2032,2032-08-13,Friday the 13th,,Worldwide observance,Friday the 13th is a day full of superstitious beliefs in communities worldwide.
US,2032,2032-08-15,Assumption of Mary,,Christian,Assumption Day is a Christian observance in the United States that is held annually on August 15. Catholics observe the Dormition (falling asleep) or the day that the Blessed Virgin Mary was received into heaven.
US,2032,2032-08-15,National Senior Citizens Day,,Observance,National Senior Citizens Day is an observance on the third Sunday of August to honor the contributions of senior citizens in the United States.
US,2032,2032-08-19,National Aviation Day,,Observance,National Aviation Day is observed in the United States on August 19 each year to celebrate the history and development of the aviation.
US,2032,2032-08-19,World Humanitarian Day,,United Nations observance,The United Nations’(UN) World Humanitarian Day focuses on increasing public awareness about humanitarian service worldwide and is annually observed on August 19.
US,2032,2032-08-21,International Day of Remembrance of and Tribute to the Victims of Terrorism,,United Nations observance,International Day of Remembrance of and Tribute to the Victims of Terrorism is a United Nations observance in the USA
US,2032,2032-08-22,International Day Commemorating the Victims of Acts of Violence Based on Religion or Belief,,United Nations observance,International Day Commemorating the Victims of Acts of Violence Based on Religion or Belief is a United Nations observance in the USA
US,2032,2032-08-23,International Day for the Remembrance of the Slave Trade and its Abolition,,United Nations observance,The United Nations’ (UN) International Day for the Remembrance of the Slave Trade and its Abolition is held on August 23 each year to remind people of the tragedy of the transatlantic slave trade.
US,2032,2032-08-26,Women's Equality Day,,Observance,Women's Equality Day on August 26 is an annual observance that commemorates the anniversary of the first time voting rights were extended to women in the United States.
US,2032,2032-08-29,International Day against Nuclear Tests,,United Nations observance,The United Nations’ (UN) International Day against Nuclear Tests is annually observed on August 29. The day raises awareness of the dangers of nuclear weapons and a closer approach to eliminating the use of those weapons.
US,2032,2032-08-30,International Day of the Victims of Enforced Disappearances,,United Nations observance,The International Day of the Victims of Enforced Disappearances is annually observed on August 30.
US,2032,2032-08-31,International Day for People of African Descent,,United Nations observance,International Day for People of African Descent is a United Nations observance in the USA
US,2032,2032-08-31,International Overdose Awareness Day,,Worldwide observance, International Overdose Awareness Day is an annual observation which aims to raise global awareness of about the impact of drug overdose on families and communities. The campaign also attempts to remove the stigma associated with overdose.
US,2032,2032-09-04,World Sexual Health Day,,Worldwide observance, World Sexual Health Day is an annual awareness day that attempts to break down social and cultural taboos associated with sexuality and to promote sexual health around the world.
US,2032,2032-09-05,International Day of Charity,,United Nations observance,The International Day of Charity raises public awareness of what charities do to help minimize poverty.
US,2032,2032-09-06,Labor Day,,National holiday,Labor Day is a federal holiday in the United States. It gives workers a day of rest and it celebrates their contribution to the American economy.
US,2032,2032-09-06,Rosh Hashana,,Hebrew,Rosh Hashanah is the Jewish New Year. Many Jewish-run organizations in the US are closed during the two-day celebration.
US,2032,2032-09-07,International Day of Clean Air for Blue Skies,,United Nations observance,International Day of Clean Air for Blue Skies is a United Nations observance in the USA
US,2032,2032-09-07,Still's Disease Awareness Day,,Worldwide observance,Still's Disease Awareness Day is a worldwide observance in the USA
US,2032,2032-09-08,International Literacy Day,,United Nations observance,The United Nations' (UN) International Literacy Day is held on September 8 each year.
US,2032,2032-09-09,International Day to Protect Education from Attack,,United Nations observance,International Day to Protect Education from Attack is a United Nations observance in the USA
US,2032,2032-09-10,World Suicide Prevention Day,,Worldwide observance,World Suicide Prevention Day promotes worldwide action to prevent suicides on September 10 each year.
US,2032,2032-09-11,Carl Garner Federal Lands Cleanup Day,,Observance,Carl Garner Federal Lands Cleanup Day encourages people in the United States to participate in cleaning up the federal lands. It is observed on the first Saturday after Labor Day.
US,2032,2032-09-11,Patriot Day,,Observance,"Patriot Day is held in memory of nearly 3000 people who died during terrorist attacks in New York, Washington DC and Shanksville, Pennsylvania, in the United States."
US,2032,2032-09-12,International Day for South-South Cooperation,,United Nations observance,The United Nations Day for South-South Cooperation is observed on September 12 each year.
US,2032,2032-09-12,International Programmers' Day,,Worldwide observance,"Many people celebrate International Programmers’ Day on January 7, while others observe this event on the 256th day of the year, usually on September 13 or on September 12 in leap years."
US,2032,2032-09-12,National Grandparents Day,,Observance,National Grandparents Day is celebrated on the first Sunday of September after Labor Day in the United States.
US,2032,2032-09-15,First Day of National Hispanic Heritage Month,,Observance,First Day of National Hispanic Heritage Month is a annual monthly observance in the USA
US,2032,2032-09-15,International Day of Democracy,,United Nations observance,The United Nations’ (UN) International Day of Democracy is observed on September 15 each year.
US,2032,2032-09-15,Yom Kippur,,Hebrew,Yom Kippur is an important Jewish holiday that falls on the 10th day of the month of Tishrei in the Jewish calendar.
US,2032,2032-09-16,International Day for the Preservation of the Ozone Layer,,United Nations observance,The United Nations' (UN) International Day for the Preservation of the Ozone Layer focuses on the importance of protecting human health and the environment.
US,2032,2032-09-17,Constitution Day and Citizenship Day,,Observance,Constitution Day and Citizenship Day is a combined event that occurs in the United States on September 17 each year.
US,2032,2032-09-17,National POW/MIA Recognition Day,,Observance,National POW/MIA Recognition Day is annually observed in the United States on the third Friday of September.
US,2032,2032-09-17,World Patient Safety Day,,United Nations observance,World Patient Safety Day is a United Nations observance in the USA
US,2032,2032-09-18,Air Force Birthday,,Observance,Air Force Birthday is a observance in the USA
US,2032,2032-09-18,International Equal Pay Day,,United Nations observance,International Equal Pay Day is a United Nations observance in the USA
US,2032,2032-09-20,First Day of Sukkot,,Hebrew,"The first day of Sukkot marks the start of the Sukkot festival for Jewish communities in many countries, including the United States."
US,2032,2032-09-21,International Day of Peace,,United Nations observance,"The United Nations' (UN) International Day of Peace is annually held on September 21 to recognize the efforts of individuals, organizations and governments to end conflict and promote peace."
US,2032,2032-09-23,International Celebrate Bisexuality Day,,Worldwide observance,"International Celebrate Bisexuality Day, also known as Bi Visibility Day, promotes the rights of bisexual people around the world."
US,2032,2032-09-23,International Day of Sign Languages,,United Nations observance,International Day of Sign Languages is a United Nations observance in the USA
US,2032,2032-09-25,National Public Lands Day,,Observance,National Public Lands Day is a observance in the USA
US,2032,2032-09-26,Gold Star Mother's Day,,Observance,Gold Star Mother’s Day is annually observed in the United States on the last Sunday of September.
US,2032,2032-09-26,International Day for the Total Elimination of Nuclear Weapons,,United Nations observance,The International Day for the Total Elimination of Nuclear Weapons raises awareness about the dangers of nuclear weapons.
US,2032,2032-09-26,Last Day of Sukkot,,Hebrew,"Many Jewish communities in countries such as the United States observe the last day of Sukkot, which marks the end of the Sukkot festival."
US,2032,2032-09-27,Shmini Atzeret,,Hebrew,"Shemini Atzeret (or Shmini Atzeret) is a Jewish holiday dedicated to the love of God, while Simchat Torah (Simchas Torah or Simhat Torah) marks the end of Sukkot and celebrates the completion of the annual reading of the Torah."
US,2032,2032-09-27,World Tourism Day,,United Nations observance,The United Nations’ (UN) World Tourism Day is annually held on September 27 to raise awareness on the benefits of tourism.
US,2032,2032-09-28,International Day for Universal Access to Information,,United Nations observance,International Day for Universal Access to Information is a United Nations observance in the USA
US,2032,2032-09-28,Simchat Torah,,Hebrew,Simchat Torah (Simchas Torah or Simhat Torah) is a Jewish holiday that marks the end of Sukkot and celebrates the completion of the annual reading of the Torah.
US,2032,2032-09-28,World Rabies Day,,Worldwide observance,World Rabies Day is annually observed on September 28 to raise awareness about rabies and how it can be prevented.
US,2032,2032-09-29,International Day of Awareness of Food Loss and Waste,,United Nations observance,International Day of Awareness of Food Loss and Waste is a United Nations observance in the USA
US,2032,2032-09-29,World Heart Day,,Worldwide observance,World Heart Day raises awareness of cardiovascular diseases and ways to reduce their risk.
US,2032,2032-09-30,International Translation Day,,United Nations observance,International Translation Day is a United Nations observance in the USA
US,2032,2032-09-30,World Maritime Day,,United Nations observance,"World Maritime Day is held on the last week of September each year, although the exact date is up to individual governments around the world."
US,2032,2032-10-01,International Day of Older Persons,,United Nations observance,The United Nations' (UN) International Day of Older Persons is celebrated on October 1 each year as a special day for older persons worldwide.
US,2032,2032-10-01,World Vegetarian Day,,Worldwide observance,"World Vegetarian Day is an annual observation that spreads awareness about the health, environmental, and ethical benefits of following a vegetarian lifestyle. The unofficial holiday encourages people to avoid eating foods that include animal products and to adopt a plant-based diet."
US,2032,2032-10-02,International Day of Non-Violence,,United Nations observance,The United Nations’ (UN) International Day of Non-Violence is a globally observed on October 2 each year to promote non-violence.
US,2032,2032-10-04,Child Health Day,,Observance,Child Health Day is annually celebrated in the United States on the first Monday of October.
US,2032,2032-10-04,Feast of St Francis of Assisi,,Christian,"Many Catholics in the United States, particularly those with pets, celebrate the Feast of St Francis of Assisi, the patron saint of animals and the environment, on October 4 each year."
US,2032,2032-10-04,World Habitat Day,,United Nations observance,The United Nations’ (UN) World Habitat Day reflects on the state of human settlements and people’s right to sufficient shelter.
US,2032,2032-10-05,World Teachers' Day,,United Nations observance,The United Nations' (UN) World Teachers' Day commemorates the work of teachers and their contributions to society. It is observed on October 5 each year.
US,2032,2032-10-06,German American Day,,Observance,German American Day is a observance in the USA
US,2032,2032-10-06,World Cerebral Palsy Day,,Worldwide observance,"World Cerebral Palsy Day is an annual awareness observation that brings together people with cerebral palsy, their families and loved ones, and organizations working to ensure equal rights for them."
US,2032,2032-10-09,Leif Erikson Day,,Observance,Leif Erikson Day honors the first Scandinavian known to have set foot on American soil and the contribution of the Nordic peoples to the United States.
US,2032,2032-10-09,World Migratory Bird Day,,United Nations observance,World Migratory Bird Day is observed the second weekend of May every year.
US,2032,2032-10-09,World Post Day,,United Nations observance,World Post Day marks the anniversary of the Universal Postal Union's establishment in 1874. It is held on October 9 each year.
US,2032,2032-10-10,World Mental Health Day,,United Nations observance,"World Mental Health Day, which is supported by the United Nations (UN), is annually held on October 10 to raise public awareness about mental health issues worldwide."
US,2032,2032-10-11,Columbus Day,,National holiday,Columbus Day celebrates 15th century explorer Christopher Columbus's arrival in America in 1492.
US,2032,2032-10-11,International Day of the Girl Child,,United Nations observance,The International Day of the Girl Child is a United Nations (UN) observance on October 11 each year.
US,2032,2032-10-13,International Day for Natural Disaster Reduction,,United Nations observance,The United Nations’ (UN) International Day for Natural Disaster Reduction is annually observed on the second Wednesday of October to promote a global culture of natural disaster risk reduction.
US,2032,2032-10-13,Navy Birthday,,Observance,"Navy Birthday celebrates the establishment of the United States Navy on October 13, 1775."
US,2032,2032-10-14,World Sight Day,,Worldwide observance,World Sight Day is annually held on the second Thursday of October to raise awareness about blindness and vision impairment.
US,2032,2032-10-15,Boss's Day,,Observance,"Boss’s Day is observed in many workplaces in the United States on October 16, or the nearest working day, each year."
US,2032,2032-10-15,International Day of Rural Women,,United Nations observance,The United Nations’ (UN) International Day of Rural Women is annually celebrated on October 15 to recognize rural women’s role in supporting their communities.
US,2032,2032-10-15,White Cane Safety Day,,Observance,White Cane Safety Day is a United States observance annually held on October 15 to celebrate blind and visually impaired people's achievements and the importance of the white cane.
US,2032,2032-10-16,Sweetest Day,,Observance,Sweetest Day is a observance in the USA
US,2032,2032-10-16,World Food Day,,United Nations observance,World Food Day is celebrated on October 16 each year.
US,2032,2032-10-17,International Day for the Eradication of Poverty,,United Nations observance,The United Nations’ (UN) International Day for the Eradication of Poverty is annually observed on October 17 to promote awareness of the need to eradicate poverty worldwide.
US,2032,2032-10-24,United Nations Day,,United Nations observance,United Nations Day marks the anniversary of the United Nations Charter coming into force in 1945 and celebrates the work of this organization. United Nations Day annually falls on October 24.
US,2032,2032-10-24,World Development Information Day,,United Nations observance,The United Nations' (UN) World Development Information Day falls on October 24 each year.
US,2032,2032-10-27,World Day for Audiovisual Heritage,,United Nations observance,The World Day for Audiovisual Heritage is observed on October 27 every year.
US,2032,2032-10-29,World Stroke Day,,Worldwide observance,World Stroke Day is annually held on October 29 to raise awareness about stroke and ways to combat it.
US,2032,2032-10-31,Halloween,,Observance,"Halloween is celebrated by hosting costume parties, playing 'trick-or-treat', watching horror films, visiting haunted houses or carving lanterns out of pumpkins."
US,2032,2032-10-31,World Cities Day,,United Nations observance,World Cities Day is a UN observance that aims to recognize the role of cities as  a foundation for social and economic development.
US,2032,2032-11-01,All Saints' Day,,Christian,"Many Catholics honor all the saints on All Saints' Day, also known as All Hallows' Day, in the United States."
US,2032,2032-11-01,First Day of Native American Heritage Month,,Observance,First Day of Native American Heritage Month is a annual monthly observance in the USA
US,2032,2032-11-01,Isra and Mi'raj,,Muslim,"Isra and Mi'raj (Isra Me'raj, Israa and Mi'raaj, Laylat Al-Isra wa Al-Miraj, Lailat al Miraj, Night Journey and Ascension to Heaven) marks the night when the Prophet Mohammad traveled from Mecca to Jerusalem, ascended to heaven and returned."
US,2032,2032-11-01,World Vegan Day,,Worldwide observance,World Vegan Day is an annual observation that brings together vegans around the world to bring attention to animal rights and to spread the word about the health advantages of following a vegan diet.
US,2032,2032-11-02,All Souls' Day,,Christian,"Prayers for the dead are made on All Souls’ Day in the United States, which falls on November 2 each year. The Day of the Dead is also celebrated on this day."
US,2032,2032-11-02,Election Day (General Election),,Observance,Election Day in the United States of America is the day on which popular ballots are held to select public officials.
US,2032,2032-11-02,International Day to End Impunity for Crimes against Journalists,,United Nations observance,The International Day to End Impunity for Crimes against Journalists raises awareness about violence against journalists.
US,2032,2032-11-05,World Tsunami Awareness Day,,United Nations observance,World Tsunami Awareness Day is a United Nations observance in the USA
US,2032,2032-11-06,International Day for Preventing the Exploitation of the Environment in War and Armed Conflict,,United Nations observance,The United Nations’ (UN) International Day for Preventing the Exploitation of the Environment in War and Armed Conflict is held on November 6 each year.
US,2032,2032-11-07,New York City Marathon,,Sporting event,The New York City Marathon is one of the world's largest marathons and takes place every year in November.
US,2032,2032-11-10,Marine Corps Birthday,,Observance,"Marine Corps Birthday celebrates the establishment of the United States Marine Corps on November 10, 1775."
US,2032,2032-11-10,World Science Day for Peace and Development,,United Nations observance,The World Science Day for Peace and Development (WSDPD) is celebrated on November 10 each year.
US,2032,2032-11-11,Singles’ Day,,Worldwide observance,
US,2032,2032-11-11,Veterans Day,,National holiday,Veterans Day in the USA is a holiday to honor all who have served in the United States Military Services.
US,2032,2032-11-12,World Pneumonia Day,,Worldwide observance,"World Pneumonia Day supports all efforts made to protect and treat people against pneumonia, the single largest cause of child deaths worldwide."
US,2032,2032-11-14,World Diabetes Day,,United Nations observance,World Diabetes Day is held annually to raise awareness of diabetes and its complications and the care that people with this condition need. It is observed on November 14 each year.
US,2032,2032-11-16,International Day for Tolerance,,United Nations observance,The United Nations’ (UN) International Day for Tolerance is observed on November 16 each year to help people understand the importance of tolerance worldwide.
US,2032,2032-11-17,World Prematurity Day,,Worldwide observance, World Prematurity Day is an annual observance that is dedicated to raising awareness about the health and emotional issues surrounding preterm birth.
US,2032,2032-11-18,World Philosophy Day,,United Nations observance,World Philosophy Day is celebrated on the third Thursday of November each year.
US,2032,2032-11-19,Fake Friday,,Worldwide observance,"Many early-bird shoppers look for bargains on Fake Friday to get ahead of the crowds in stores on Black Friday, observed a week later."
US,2032,2032-11-19,International Men's Day,,Worldwide observance,International Men’s Day celebrates men's achievements worldwide and throughout history.
US,2032,2032-11-19,World Toilet Day,,United Nations observance,World Toilet Day aims to promote public awareness of the need for adequate toilets to improve people’s health and save lives.
US,2032,2032-11-20,Africa Industrialization Day,,United Nations observance,Africa Industrialization Day aims to stimulate the international community's commitment to the industrialization of Africa.
US,2032,2032-11-20,Transgender Day of Remembrance,,Worldwide observance,Transgender Day of Remembrance is a worldwide observance in the USA
US,2032,2032-11-20,Universal Children's Day,,United Nations observance,The United Nations' (UN) Universal Children's Day is an occasion to promote the welfare of children and an understanding between children all over the world. It is held on November 20 each year
US,2032,2032-11-21,World Day of Remembrance for Road Traffic Victims,,United Nations observance,The World Day of Remembrance for Road Traffic Victims serves as a major advocacy day for road traffic injury prevention.
US,2032,2032-11-21,World Television Day,,United Nations observance,The United Nations’ (UN) World Television Day is globally celebrated on November 21 each year.
US,2032,2032-11-25,International Day for the Elimination of Violence against Women,,United Nations observance,The United Nations' (UN) International Day for the Elimination of Violence against Women raises public awareness of violence against women in all countries around the world and at all levels of society. It is observed each year on November 25.
US,2032,2032-11-25,Thanksgiving Day,,National holiday,Thanksgiving Day in the United States is traditionally a holiday to give thanks for the food collected at the end of the harvest season.
US,2032,2032-11-26,Black Friday,,Observance,Black Friday is the day after Thanksgiving Day in the USA. It is a busy shopping day and is a holiday in some states.
US,2032,2032-11-26,Native American Heritage Day,,Observance,Native American Heritage Day is a observance in the USA
US,2032,2032-11-28,Chanukah/Hanukkah (first day),,Hebrew,"The first day of Hanukkah is the start of the Hanukkah period, which lasts for eight days, from the 25th day of the month of Kislev to the second day of Tevet in the Hebrew calendar."
US,2032,2032-11-28,First Sunday of Advent,,Christian,"Many Christians in the United States observe the first Sunday of Advent, which marks the start of the Christian year."
US,2032,2032-11-29,Cyber Monday,,Observance,Most online retailers in the US offer discounted prices on their products and services on Cyber Monday.
US,2032,2032-11-29,International Day of Solidarity with the Palestinian People,,United Nations observance,The United Nations’ (UN) International Day of Solidarity with the Palestinian People is annually observed on November 29.
US,2032,2032-11-30,Day of Remembrance for all Victims of Chemical Warfare,,United Nations observance,The UN’s Day of Remembrance for all Victims of Chemical Warfare is annually observed on April 29.
US,2032,2032-11-30,Giving Tuesday,,Worldwide observance,
US,2032,2032-11-30,Giving Tuesday,,Observance,The first Tuesday after Thanksgiving has been dubbed “Giving Tuesday” by charities.
US,2032,2032-12-01,World AIDS Day,,United Nations observance,The United Nations' (UN) World AIDS Day is annually observed on December 1.
US,2032,2032-12-02,International Day for the Abolition of Slavery,,United Nations observance,The United Nations’ (UN) International Day for the Abolition of Slavery is annually observed on December 2.
US,2032,2032-12-03,International Day of Persons with Disabilities,,United Nations observance,The United Nations' (UN) International Day of Persons with Disabilities is annually observed on December 3 to re-affirm and draw attention to the rights of people who live with disabilities.
US,2032,2032-12-04,International Day of Banks,,United Nations observance,International Day of Banks is a United Nations observance in the USA
US,2032,2032-12-04,Ramadan Starts,,Muslim,"Many Muslims in the United States fast in the hours of daylight during Ramadan, the ninth month in the Islamic calendar."
US,2032,2032-12-05,International Volunteer Day for Economic and Social Development,,United Nations observance,"The United Nations’ (UN) International Volunteer Day for Economic and Social Development, also known as International Volunteer Day (IVD), is observed on December 5 each year."
US,2032,2032-12-05,Last Day of Chanukah,,Hebrew,"The last day of Hanukkah marks the end of a festive Jewish occasion, known as Hanukkah or Chanukah."
US,2032,2032-12-05,World Soil Day,,United Nations observance,World Soil Day raises awareness of why soil is needed for sustainable living.
US,2032,2032-12-06,St Nicholas Day,,Observance,Some churches in the United States recognize St Nicholas' Day as a feast day.
US,2032,2032-12-07,International Civil Aviation Day,,United Nations observance,International Civil Aviation Day is observed globally on December 7 each year. It is observed by organizations such as the International Civil Aviation Organization (ICAO).
US,2032,2032-12-07,Pearl Harbor Remembrance Day,,Observance,"National Pearl Harbor Remembrance Day remembers those who died or were injured when Pearl Harbor, in Hawaii, was attacked in 1941."
US,2032,2032-12-08,Feast of the Immaculate Conception,,Christian,The Feast of the Immaculate Conception is a Christian observance on December 8 each year.
US,2032,2032-12-09,International Anti-Corruption Day,,United Nations observance,The United Nations’ (UN) International Anti-Corruption Day is annually observed on December 9 to raise public awareness of corruption and ways to fight it.
US,2032,2032-12-09,World Genocide Commemoration Day,,United Nations observance,World Genocide Commemoration Day is a UN holiday dedicated to the victims of genocide.
US,2032,2032-12-10,Human Rights Day,,United Nations observance,Human Rights Day marks the anniversary of when the Universal Declaration of Human Rights was proclaimed.
US,2032,2032-12-11,International Mountain Day,,United Nations observance,"The United Nations' (UN) International Mountain Day is an occasion to help raise awareness of the people who live in mountainous regions and the role that these regions play in providing food, water, and recreation. It is observed on December 11 each year."
US,2032,2032-12-12,Asarah B'Tevet,,Hebrew,Asarah B'Tevet is a Jewish holiday in the USA
US,2032,2032-12-12,Feast of Our Lady of Guadalupe,,Christian,"The Feast of Our Lady Guadalupe, in honor of Jesus’ mother Mary, is a Catholic observance in the United States."
US,2032,2032-12-12,International Day of Neutrality,,United Nations observance,International Day of Neutrality is a United Nations observance in the USA
US,2032,2032-12-12,International Universal Health Coverage Day,,United Nations observance,International Universal Health Coverage Day is a United Nations observance in the USA
US,2032,2032-12-13,Green Monday,,Worldwide observance,The last Monday at least ten days before Christmas has been dubbed “Green Monday” by online marketers.
US,2032,2032-12-13,National Guard Birthday,,Observance,National Guard Birthday is a observance in the USA
US,2032,2032-12-15,Bill of Rights Day,,Observance,Bill of Rights Day is a observance in the USA
US,2032,2032-12-17,Pan American Aviation Day,,Observance,"December 17 marks Pan American Aviation Day, which is annually observed in the United States."
US,2032,2032-12-17,Wright Brothers Day,,Observance,The Wright Brothers Day is annually celebrated in the United States on December 17 to commemorate the historic flight made by Orville and Wilbur Wright on that date in 1903.
US,2032,2032-12-18,Arabic Language Day,,United Nations observance,World Arabic Language Day is a United Nations (UN) observance that celebrates one of the organization’s 6 official languages – Arabic.
US,2032,2032-12-18,International Migrants Day,,United Nations observance,The United Nations (UN) International Migrants Day is celebrated on December 18 each year.
US,2032,2032-12-18,Super Saturday,,Worldwide observance,"The final Saturday before Christmas has become a very popular shopping day in the US, earning the nickname Super Saturday."
US,2032,2032-12-20,International Human Solidarity Day,,United Nations observance,The United Nations' (UN) International Human Solidarity Day is celebrated on December 20 each year to raise public awareness on the importance of solidarity in fighting poverty.
US,2032,2032-12-24,Christmas Day (substitute),,"National holiday, Christian",Christmas Day celebrates Jesus Christ's birth.
US,2032,2032-12-24,Christmas Day (substitute),,"Local holiday, Christian",Christmas Day celebrates Jesus Christ's birth.
US,2032,2032-12-24,Christmas Eve,,"Observance, Christian",Christmas Eve in the United States is on December 24 each year.
US,2032,2032-12-25,Christmas Day,,"National holiday, Christian",Christmas Day celebrates Jesus Christ's birth.
US,2032,2032-12-25,Christmas Day,,"Local holiday, Christian",Christmas Day celebrates Jesus Christ's birth.
US,2032,2032-12-26,Kwanzaa (first day),,Observance,"Kwanzaa is a week-long holiday honoring the culture and traditions of African people and their descendants worldwide, especially in the United States."
US,2032,2032-12-27,Christmas Day (substitute),,"Local holiday, Christian",Christmas Day celebrates Jesus Christ's birth.
US,2032,2032-12-27,International Day of Epidemic Preparedness,,United Nations observance,International Day of Epidemic Preparedness is a United Nations observance in the USA
US,2032,2032-12-29,Lailat al-Qadr,,Muslim,Laylat al Qadr is most likely to be held on one of the last 10 days of month of Ramadan in the Islamic calendar.
US,2032,2032-12-31,New Year's Day (substitute),,National holiday,"New Year's Day is the first day of the Gregorian calendar, which is widely used in many countries such as the USA."
US,2032,2032-12-31,New Year's Eve,,Observance,New Year's Eve is the last day of the year in the Gregorian calendar. Many parties to welcome the New Year are held in in the United States on New Year's Eve.
US,2033,2033-01-01,New Year's Day,,National holiday,"New Year's Day is the first day of the Gregorian calendar, which is widely used in many countries such as the USA."
US,2033,2033-01-03,Eid al-Fitr,,Muslim,"Eid al-Fitr is a holiday to mark the end of the Islamic month of Ramadan, during which Muslims fast during the hours of daylight."
US,2033,2033-01-04,World Braille Day,,United Nations observance,"World Braille Day celebrates the life and achievements of Louis Braille, who invented the braille code for the visually impaired."
US,2033,2033-01-06,Epiphany,,Christian,"Many people in the United States annually observe Epiphany, or Three Kings’ Day, on January 6. It is a Christian observance and a public holiday in the US Virgin Islands."
US,2033,2033-01-07,International Programmers' Day,,Worldwide observance,"Many people celebrate International Programmers’ Day on January 7, while others observe this event on the 256th day of the year, usually on September 13 or on September 12 in leap years."
US,2033,2033-01-07,Orthodox Christmas Day,,Orthodox,Many Orthodox Christian churches in countries such as the United States observe Christmas Day on or near January 7 in the Gregorian calendar.
US,2033,2033-01-13,Stephen Foster Memorial Day,,Observance,"Stephen Foster Memorial Day is annually observed in the United States on January 13. The day remembers the achievements of Stephen Foster, who is known as the “father of American music”."
US,2033,2033-01-14,Orthodox New Year,,Orthodox,Many Orthodox Christian churches in countries such as the United States celebrate New Year’s Day on January 14 in the Gregorian calendar.
US,2033,2033-01-15,Tu Bishvat/Tu B'Shevat,,Hebrew,"Tu B’Shevat, known as the “New Year for Trees”, is a Jewish festival similar to Arbor Day."
US,2033,2033-01-16,World Religion Day,,Worldwide observance,World Religion Day fosters interfaith dialogue and understanding of all religions.
US,2033,2033-01-17,Martin Luther King Jr. Day,,National holiday,Martin Luther King Day marks the anniversary of the date of birth of the influential American civil right leader of the same name.
US,2033,2033-01-20,Inauguration Day,,National holiday,"On Inauguration Day, the president and vice-president of the United States of America are sworn in and take office."
US,2033,2033-01-24,International Day of Education,,United Nations observance,International Day of Education is a United Nations observance in the USA
US,2033,2033-01-26,International Customs Day,,Worldwide observance,International Customs Day celebrates custom personnel and agencies worldwide.
US,2033,2033-01-27,International Day of Commemoration in Memory of the Victims of the Holocaust,,United Nations observance,The United Nations' (UN) International Day of Commemoration in Memory of the Victims of the Holocaust remembers those who died and suffered during the Holocaust before and during World War II. It is on January 27 each year.
US,2033,2033-01-30,World Leprosy Day,,Worldwide observance,"World Leprosy Day brings awareness of leprosy, also known as Hansen's disease, and ways to prevent the disease."
US,2033,2033-01-31,Lunar New Year,,Observance,Lunar New Year marks the first day of the New Year in the Chinese calendar.
US,2033,2033-02-01,First Day of Black History Month,,Observance,First Day of Black History Month is a annual monthly observance in the USA
US,2033,2033-02-01,National Freedom Day,,Observance,National Freedom Day in the United States is observed on February 1 each year.
US,2033,2033-02-02,Groundhog Day,,Observance,Many people in the United States observe Groundhog Day on February 2.
US,2033,2033-02-02,National Girls and Women in Sports Day,,Observance,National Girls and Women in Sports Day is a observance in the USA
US,2033,2033-02-02,World Wetlands Day,,Worldwide observance,World Wetlands Day raises awareness about the important role that the wetlands play in the environment and in our lives.
US,2033,2033-02-04,International Day of Human Fraternity,,United Nations observance,International Day of Human Fraternity is a United Nations observance in the USA
US,2033,2033-02-04,National Wear Red Day,,Observance,National Wear Red Day® raises public awareness of heart disease in women and ways to avoid and combat this problem.
US,2033,2033-02-04,World Cancer Day,,Worldwide observance,World Cancer Day is an annual global event on February 4 to raise people’s awareness of cancer.
US,2033,2033-02-06,International Day of Zero Tolerance for Female Genital Mutilation,,United Nations observance,The International Day of Zero Tolerance for Female Genital Mutilation is an awareness campaign to end a harmful practice that violates girls’ and women’s rights.
US,2033,2033-02-10,World Pulses Day,,United Nations observance,World Pulses Day is a United Nations observance in the USA
US,2033,2033-02-11,International Day of Women and Girls in Science,,United Nations observance,The International Day of Women and Girls in Science is a UN holiday to recognize the critical role women and girls play in science and technology communities.
US,2033,2033-02-11,World Day of the Sick,,Worldwide observance,World Day of the Sick is a global event when people remember or pray for the sick.
US,2033,2033-02-13,Super Bowl,,Sporting event,The Super Bowl is the championship game of the National Football League (NFL) in the United States. It is played every year in February.
US,2033,2033-02-13,World Radio Day,,United Nations observance,World Radio Day is an annual United Nations (UN) event that promotes the importance of the radio in communicating information worldwide.
US,2033,2033-02-14,Valentine's Day,,Observance,Valentine's Day is an occasion to celebrate romantic love.
US,2033,2033-02-20,World Day of Social Justice,,United Nations observance,"The United Nations' (UN) World Day of Social Justice promotes poverty eradication, full employment and social integration. It is on February 20 each year."
US,2033,2033-02-21,International Mother Language Day,,United Nations observance,The United Nations' (UN) International Mother Language Day is annually held on February 21 to celebrate languages spoken worldwide. It also observes the human right to use these languages.
US,2033,2033-02-21,Presidents' Day,,National holiday,"Washington's Birthday, or Presidents' Day, honors the life and work of the first president of the United States, George Washington."
US,2033,2033-03-01,First Day of Irish American Heritage Month,,Observance,First Day of Irish American Heritage Month is a annual monthly observance in the USA
US,2033,2033-03-01,First Day of Women's History Month,,Observance,First Day of Women's History Month is a annual monthly observance in the USA
US,2033,2033-03-01,Self-Injury Awareness Day,,Worldwide observance,
US,2033,2033-03-01,Shrove Tuesday/Mardi Gras,,"Observance, Christian","Shrove Tuesday is traditionally known as the day prior to Lent but it also serves as a day of celebration, known as Mardi Gras."
US,2033,2033-03-01,St. David's Day,,"Observance, Christian","Many Welsh communities in the United States celebrate the life of their patron saint, St David, and their links with Wales on St David’s Day."
US,2033,2033-03-01,Zero Discrimination Day,,United Nations observance,"Discrimination Day highlights the negative impacts of discrimination and promotes tolerance, compassion and peace."
US,2033,2033-03-02,Ash Wednesday,,Christian,"Ash Wednesday is a Christian observance that marks the first day of Lent, which is prior to Easter."
US,2033,2033-03-02,Read Across America Day,,Observance,Read Across America Day is observed in the United States on March 2 each year.
US,2033,2033-03-03,World Wildlife Day,,United Nations observance,"World Wildlife Day celebrates all flora and fauna, including animals, on Earth."
US,2033,2033-03-04,Employee Appreciation Day,,Observance,"Employee Appreciation Day is a US unofficial observance that recognizes and appreciates employees in all industries, aimed at helping employers keep their staff."
US,2033,2033-03-08,International Women's Day,,United Nations observance,International Women’s Day celebrates women’s achievements worldwide and throughout history.
US,2033,2033-03-10,International Day of Women Judges,,United Nations observance,International Day of Women Judges is a United Nations observance in the USA
US,2033,2033-03-10,World Kidney Day,,Worldwide observance,World Kidney Day is an annual observation that attempts to raise global awareness about the importance of kidney health and tries to bring attention to the unique challenges faced by those who suffer from Chronic Kidney Disease.
US,2033,2033-03-12,Eid al-Adha,,Muslim,"For more than 3 millions Muslims in the US, Eid al-Adha, the Festival of Sacrifice, is one of the most important dates in the calendar."
US,2033,2033-03-15,Long Covid Awareness Day,,Worldwide observance,Long Covid Awareness Day is a worldwide observance in the USA
US,2033,2033-03-15,Purim,,Hebrew,"Purim commemorates a time when Jewish people were saved from death around the fourth century BCE, according to the Book of Esther."
US,2033,2033-03-17,St. Patrick's Day,,"Observance, Christian","St Patrick's Day marks the life and deeds of St Patrick, one of Ireland's patron saints. It is an Irish-American celebration in the USA."
US,2033,2033-03-20,French Language Day,,United Nations observance,French Language Day is a United Nations observance in the USA
US,2033,2033-03-20,International Day of Happiness,,United Nations observance,International Day of Happiness aims to promote the idea that the pursuit of happiness is universal.
US,2033,2033-03-21,International Day for the Elimination of Racial Discrimination,,United Nations observance,The United Nations’ (UN) International Day for the Elimination of Racial Discrimination is annually observed on March 21.
US,2033,2033-03-21,International Day of Forests,,United Nations observance,"International Day of Forests raises awareness on forests and trees, including their role in climate change."
US,2033,2033-03-21,International Day of Nowruz,,United Nations observance,"The UN’s International Day of Nowruz, also known as Nowruz, No-Ruz, No-Rooz or No Ruz, is observed on March 21 each year."
US,2033,2033-03-21,World Down Syndrome Day,,United Nations observance,World Down Syndrome Day is held on March 21 every year.
US,2033,2033-03-21,World Poetry Day,,United Nations observance,World Poetry Day celebrates poetry around the world on March 21 each year.
US,2033,2033-03-22,World Water Day,,United Nations observance,World Water Day aims to increase people's awareness of the water's importance in all aspects of life.
US,2033,2033-03-23,World Meteorological Day,,United Nations observance,"World Meteorological Day marks the anniversary of the World Meteorological Organization's establishment on March 23, 1950."
US,2033,2033-03-24,International Day for the Right to the Truth concerning Gross Human Rights Violations and for the Dignity of Victims,,United Nations observance,March 24 is the UN’s International Day for the Right to the Truth concerning Gross Human Rights Violations and for the Dignity of Victims
US,2033,2033-03-24,World Tuberculosis Day,,United Nations observance,World Tuberculosis Day is annually held on March 24 to raise awareness of tuberculosis and ways to eradicate the disease.
US,2033,2033-03-25,International Day of Remembrance of Slavery Victims and the Transatlantic Slave Trade,,United Nations observance,"The International Day of Remembrance of the Victims of Slavery and the Transatlantic Slave Trade remembers the lives of Africans who were forced into slavery in North, Central and South America."
US,2033,2033-03-25,International Day of Solidarity with Detained and Missing Staff Members,,United Nations observance,The UN’s International Day of Solidarity with Detained and Missing Staff Members is annually held on March 25.
US,2033,2033-03-26,Earth Hour,,Worldwide observance,Earth Hour is an annual event in which many people worldwide turn their lights off on the last Saturday in March.
US,2033,2033-03-29,National Vietnam War Veterans Day,,Observance,National Vietnam War Veterans Day is an US observance to honor US military members who served during the Vietnam War.
US,2033,2033-03-30,Doctors' Day,,Observance,Doctors' Day is a observance in the USA
US,2033,2033-03-31,International Transgender Day of Visibility,,Worldwide observance,International Transgender Day of Visibility is a worldwide observance in the USA
US,2033,2033-04-01,April Fool's Day,,Worldwide observance,"April Fool's Day, on April 1, is a day to play practical jokes and tricks."
US,2033,2033-04-01,Muharram,,Muslim,"The first day of Muharram, which is the first month in the Islamic calendar, marks the start of the Islamic New Year."
US,2033,2033-04-02,World Autism Awareness Day,,United Nations observance,"World Autism Awareness Day raises an awareness of issues surrounding people, particularly children, with autism worldwide."
US,2033,2033-04-04,United Nations' Mine Awareness Day,,United Nations observance,The United Nations' International Day for Mine Awareness and Assistance in Mine Action is annually observed on April 4.
US,2033,2033-04-05,International Day of Conscience,,United Nations observance,International Day of Conscience is a United Nations observance in the USA
US,2033,2033-04-06,International Day of Sport for Development and Peace,,United Nations observance,The International Day of Sport for Development and Peace aims to bring goodwill and positive social outcomes through sporting achievements.
US,2033,2033-04-06,National Tartan Day,,Observance,National Tartan Day is annually observed on April 6 to honor the major role that Scottish Americans played in the founding of the United States of America.
US,2033,2033-04-07,Day of Remembrance of the Victims of the Rwanda Genocide,,United Nations observance,The UN’s Day of Remembrance of the Victims of the Rwanda Genocide is observed on April 7 each year.
US,2033,2033-04-07,United Nations' World Health Day,,United Nations observance,"The World Health Organization, the United Nations' the directing and coordinating authority for health, annually highlights one of its priorities for global health on World Health Day."
US,2033,2033-04-10,Ashura,,Muslim,Ashura is a Muslim in the USA
US,2033,2033-04-10,Palm Sunday,,Christian,Palm Sunday in the United States celebrates Jesus Christ’s entry into Jerusalem. It is also the Sunday before Easter Sunday.
US,2033,2033-04-12,International Day of Human Space Flight,,United Nations observance,The UN’s International Day of Human Space Flight is annually held on April 12.
US,2033,2033-04-12,National Library Workers' Day,,Observance,"National Library Workers’ Day recognizes the efforts and achievements that librarians make to give Americans access to information via books, computers and other media."
US,2033,2033-04-13,Passover Eve,,Hebrew,Passover Eve is a Jewish holiday in the USA
US,2033,2033-04-13,Thomas Jefferson's Birthday,,Observance,Americans celebrate president Thomas Jefferson's Birthday on April 13.
US,2033,2033-04-14,Maundy Thursday,,Christian,"Maundy Thursday, which is also known as Holy Thursday, is the day before Good Friday."
US,2033,2033-04-14,Passover (first day),,Hebrew,Passover marks the Israelites' liberation from slavery and their exodus from Egypt around 3000 years ago.
US,2033,2033-04-14,World Chagas Disease Day,,United Nations observance,World Chagas Disease Day is a United Nations observance in the USA
US,2033,2033-04-15,Good Friday,,"Local holiday, Christian",Good Friday commemorates Jesus Christ's crucifixion.
US,2033,2033-04-15,World Art Day,,Worldwide observance,World Art Day is a worldwide observance in the USA
US,2033,2033-04-16,Holy Saturday,,Christian,Holy Saturday is the day before Easter Sunday in the United States.
US,2033,2033-04-17,Easter Sunday,,"Observance, Christian","Easter Sunday is an important day in the Christian church calendar because it celebrates Jesus Christ's resurrection, according to Christian belief."
US,2033,2033-04-18,Boston Marathon,,Sporting event,Boston Marathon is one of the world's oldest yearly marathon. It is held annually on Patriot's Day in the month of April.
US,2033,2033-04-18,Easter Monday,,"Observance, Christian",Easter Monday is the day after Easter Sunday. It is not a federal holiday in the United States of America (USA).
US,2033,2033-04-18,International Day for Monuments and Sites,,Worldwide observance,The International Day for Monuments and Sites raises awareness on preserving and conserving historical and archeological heritage sites.
US,2033,2033-04-18,Tax Day,,Observance,Tax Day is the deadline for United States residents to file details of their income to the Internal Revenue Service (IRS) so that their liability for income tax can be assessed.
US,2033,2033-04-20,Chinese Language Day,,United Nations observance,Chinese Language Day is a United Nations observance that celebrates one of the organization’s 6 official languages – Chinese.
US,2033,2033-04-21,Last Day of Passover,,Hebrew,"The last day of Passover marks the end of the Passover period, which lasts for seven or eight days."
US,2033,2033-04-21,World Creativity and Innovation Day,,United Nations observance,World Creativity and Innovation Day is a United Nations observance in the USA
US,2033,2033-04-22,Earth Day,,United Nations observance,The United Nations' International Mother Earth Day promotes environmental awareness and calls for the protection of our planet.
US,2033,2033-04-22,Orthodox Good Friday,,Orthodox,Many Orthodox Christians in the United States remember the events leading up to Jesus Christ's crucifixion on Great Friday.
US,2033,2033-04-23,English Language Day,,United Nations observance,"English Language Day promotes the history, culture and accomplishments of the English language."
US,2033,2033-04-23,Orthodox Holy Saturday,,Orthodox,Many Orthodox Christians in the United States remember Jesus Christ’s burial and his descent into Hades on Holy Saturday.
US,2033,2033-04-23,World Book and Copyright Day,,United Nations observance,World Book and Copyright Day is an occasion to celebrate the contribution of books and authors to our global culture and the connection between copyright and books.
US,2033,2033-04-23,World Spanish Language Day,,United Nations observance,World Spanish Language Day is a United Nations observance in the USA
US,2033,2033-04-24,International Day of Multilateralism and Diplomacy for Peace,,United Nations observance,International Day of Multilateralism and Diplomacy for Peace is a United Nations observance in the USA
US,2033,2033-04-24,Orthodox Easter,,Orthodox,"Many Orthodox Christians in the United States mark Easter Sunday, also known as Pascha, as the day Jesus Christ was resurrected, according to the Christian bible."
US,2033,2033-04-25,International Delegate's Day,,United Nations observance,International Delegate's Day is a United Nations observance in the USA
US,2033,2033-04-25,Orthodox Easter Monday,,Orthodox,Many Orthodox churches in the United States observe Easter Monday on the day after the Orthodox Easter Sunday date.
US,2033,2033-04-25,World Malaria Day,,United Nations observance,World Malaria Day is annually observed on April 25 to promote efforts that provide effective control of malaria worldwide.
US,2033,2033-04-26,International Chernobyl Disaster Remembrance Day,,United Nations observance,International Chernobyl Disaster Remembrance Day is a UN holiday designed to raise awareness of the consequences of the 1986 nuclear accident.
US,2033,2033-04-26,World Intellectual Property Day,,United Nations observance,World Intellectual Property Day is annually held on April 26 to increase awareness and understanding of intellectual property worldwide.
US,2033,2033-04-26,Yom HaShoah,,Hebrew,Many people in the United States observe Yom Hashoah by remembering Holocaust victims who died during World War II.
US,2033,2033-04-27,Administrative Professionals Day,,Observance,Administrative Professionals Day® is on the Wednesday of the last full week of April. It remembers the important role of administrative professionals.
US,2033,2033-04-28,International Girls in ICT Day,,United Nations observance,International Girls in ICT Day is a United Nations observance in the USA
US,2033,2033-04-28,Take our Daughters and Sons to Work Day,,Observance,Take our Daughters and Sons to Work Day is a observance in the USA
US,2033,2033-04-28,World Day for Safety and Health at Work,,United Nations observance,The World Day for Safety and Health at Work is observed on April 28 each year.
US,2033,2033-04-30,International Jazz Day,,United Nations observance,"International Jazz Day recognizes the historical, cultural, and educational contribution of jazz."
US,2033,2033-05-01,First Day of Asian Pacific American Heritage Month,,Observance,First Day of Asian Pacific American Heritage Month is a annual monthly observance in the USA
US,2033,2033-05-01,First Day of Jewish American Heritage Month,,Observance,First Day of Jewish American Heritage Month is a annual monthly observance in the USA
US,2033,2033-05-01,First Day of Military Appreciation Month,,Observance,First Day of Military Appreciation Month is a annual monthly observance in the USA
US,2033,2033-05-01,International Family Equality Day,,Worldwide observance,International Family Equality Day is a worldwide observance in the USA
US,2033,2033-05-01,Law Day,,Observance,Law Day in the United States is annually held on May 1.
US,2033,2033-05-01,Loyalty Day,,Observance,Loyalty Day is a special day for people to reaffirm their loyalty to the United States and to recognize the heritage of American freedom.
US,2033,2033-05-02,World Tuna Day,,United Nations observance,World Tuna Day is a UN holiday designed to raise awareness of the global importance of tuna.
US,2033,2033-05-03,National Teacher Appreciation Day,,Observance,National Teacher Appreciation Day is a observance in the USA
US,2033,2033-05-03,World Press Freedom Day,,United Nations observance,World Press Freedom Day focuses on the importance of the freedom of the press and freedom of expression.
US,2033,2033-05-04,Yom Ha'atzmaut,,Hebrew,"Many Jewish communities in the United States celebrate Yom Ha’Atzmaut, which is Israel’s Independence Day, on the fifth day of the month of Iyar in the Jewish calendar."
US,2033,2033-05-05,Cinco de Mayo,,Observance,"'Cinco de Mayo' means ""Fifth of May"" in Spanish and is a festival of Mexican pride and heritage."
US,2033,2033-05-05,National Day of Prayer,,Observance,"National Day of Prayer is held on the first Thursday of May each year, inviting Americans of all faiths to pray for the country and its leaders."
US,2033,2033-05-05,World Portuguese Language Day,,United Nations observance,World Portuguese Language Day is a United Nations observance in the USA
US,2033,2033-05-06,Kentucky Oaks,,Sporting event,The Kentucky Oaks is a rade 1 Stakes horse race held annually on the Friday before the Kentucky Derby in May.
US,2033,2033-05-06,Military Spouse Appreciation Day,,Observance,Appreciate and thank all the military spouses and partners you know on Military Spouse Appreciation Day.
US,2033,2033-05-06,National Nurses Day,,Observance,National Nurses Day is an occasion to honor the work of nurses.
US,2033,2033-05-07,Kentucky Derby,,Sporting event,"Kentucky Derby is a Grade I Stakes horse race held annually in Louisville, Kentucky in May."
US,2033,2033-05-07,National Explosive Ordnance Disposal (EOD) Day,,Observance,National Explosive Ordnance Disposal (EOD) Day is an occasion to remember those serving the profession of explosive ordnance disposal in the United States Armed Forces.
US,2033,2033-05-08,Mother's Day,,Observance,Mother's Day celebrates the role of mothers and mother figures.
US,2033,2033-05-08,Time of Remembrance and Reconciliation for Those Who Lost Their Lives during the Second World War,,United Nations observance,"The United Nations’ (UN) Time of Remembrance and Reconciliation for Those Who Lost Their Lives during the Second World War is annually held over two days, from May 8-9."
US,2033,2033-05-08,Victory in Europe Day,,Observance,Victory in Europe Day is a observance in the USA
US,2033,2033-05-08,World Ovarian Cancer Day,,Worldwide observance,World Ovarian Cancer Day aims to spread global awareness about ovarian cancer.
US,2033,2033-05-08,World Red Cross and Red Crescent Day,,Worldwide observance,World Red Cross and Red Crescent Day is a worldwide observance in the USA
US,2033,2033-05-10,International Day of Argania,,United Nations observance,International Day of Argania is a United Nations observance in the USA
US,2033,2033-05-12,International Nurses Day,,Worldwide observance,International Nurses Day focuses on the critical contribution of nurses around the world in maintaining public health.
US,2033,2033-05-13,Friday the 13th,,Worldwide observance,Friday the 13th is a day full of superstitious beliefs in communities worldwide.
US,2033,2033-05-14,World Migratory Bird Day,,United Nations observance,World Migratory Bird Day is observed the second weekend of May every year.
US,2033,2033-05-15,International Day of Families,,United Nations observance,"The International Day of Families is an occasion to celebrate the importance of families to people, societies and cultures around the world."
US,2033,2033-05-15,Peace Officers Memorial Day,,Observance,"Peace Officers Memorial Day is held annually in the United States on May 15 in honor of federal, state and local officers killed or disabled in the line of duty."
US,2033,2033-05-16,International Day of Light,,United Nations observance,International Day of Light is a United Nations observance in the USA
US,2033,2033-05-16,International Day of Living Together in Peace,,United Nations observance,International Day of Living Together in Peace is a United Nations observance in the USA
US,2033,2033-05-17,Lag BaOmer,,Hebrew,Many Jewish Americans observe Lag B’Omer on the 18th day of the month of Iyar in the Jewish calendar.
US,2033,2033-05-17,World Telecommunication and Information Society Day,,United Nations observance,World Information Society Day is celebrated each year to raise awareness of how information and communication can be beneficial for societies and economies.
US,2033,2033-05-20,National Defense Transportation Day,,Observance,National Defense Transportation Day occurs annually in the United States on the third Friday of May.
US,2033,2033-05-20,World Autoimmune / Autoinflammatory Arthritis Day,,Worldwide observance,World Autoimmune / Autoinflammatory Arthritis Day is a worldwide observance in the USA
US,2033,2033-05-20,World Bee Day,,United Nations observance,World Bee Day is a United Nations observance in the USA
US,2033,2033-05-21,Armed Forces Day,,Observance,Armed Forces Day is a national observance in the United States on the third Saturday of May each year.
US,2033,2033-05-21,International Tea Day,,United Nations observance,International Tea Day is a United Nations observance in the USA
US,2033,2033-05-21,Preakness Stakes,,Sporting event,The Preakness Stakes is the second event in the Triple Crown and is annually held two weeks after the Kentucky Derby.
US,2033,2033-05-21,World Day for Cultural Diversity for Dialogue and Development,,United Nations observance,"The World Day for Cultural Diversity for Dialogue and Development, held on May 21, is an occasion for people to deepen their understanding of cultural diversity."
US,2033,2033-05-22,International Day for Biological Diversity,,United Nations observance,The International Day for Biological Diversity is an occasion to increase the global understanding and awareness of issues and challenges around biodiversity.
US,2033,2033-05-22,National Maritime Day,,Observance,"National Maritime Day is annually observed in the United States on May 22. It is a time to observe its maritime heritage, to honor those who served as merchant mariners, and to recognize the benefits of the maritime industry."
US,2033,2033-05-23,International Day to End Obstetric Fistula,,United Nations observance,The International Day to End Obstetric Fistula raises awareness of fistula and calls for support to tackle the problem.
US,2033,2033-05-25,African Liberation Day,,Worldwide observance,African Liberation Day celebrates African nations' hard-fought freedom from European colonial powers.
US,2033,2033-05-25,Emergency Medical Services for Children Day,,Observance,"Emergency Medical Services for Children (EMSC) Day is observed on the Wednesday of Emergency Medical Services (EMS) Week, May 19–25, in the United States."
US,2033,2033-05-25,National Missing Children's Day,,Observance,National Missing Children's Day is an observation dedicated to addressing the problem of child abduction.
US,2033,2033-05-26,Ascension Day,,Christian,Ascension Day is the 40th day of Easter and commemorates the ascension of Jesus Christ into heaven.
US,2033,2033-05-29,International Day of United Nations Peacekeepers,,United Nations observance,The International Day of United Nations Peacekeepers is an occasion to pay tribute to people who served in United Nations (UN) peacekeeping operations.
US,2033,2033-05-30,Memorial Day,,National holiday,Memorial Day commemorates all Americans who have died in military service for the United States.
US,2033,2033-05-31,World No Tobacco Day,,United Nations observance,World No Tobacco Day draws attention to the health problems caused by tobacco use.
US,2033,2033-06-01,First Day of Caribbean-American Heritage Month,,Observance,First Day of Caribbean-American Heritage Month is a annual monthly observance in the USA
US,2033,2033-06-01,First Day of Pride Month,,Observance,First Day of Pride Month is a annual monthly observance in the USA
US,2033,2033-06-01,Global Day of Parents,,United Nations observance,Global Day of Parents appreciates the role of a parent in nurturing and fostering growth for their children.
US,2033,2033-06-03,Shavuot,,Hebrew,"Shavuot, also known as the Festival of Weeks, is one of three major Jewish festivals."
US,2033,2033-06-03,World Bicycle Day,,United Nations observance,World Bicycle Day is a United Nations observance in the USA
US,2033,2033-06-04,International Day of Innocent Children Victims of Aggression,,United Nations observance,The United Nations' (UN) International Day of Innocent Children Victims of Aggression is observed on June 4 each year.
US,2033,2033-06-05,"International Day for the Fight against Illegal, Unreported and Unregulated Fishing",,United Nations observance,"International Day for the Fight against Illegal, Unreported and Unregulated Fishing is a United Nations observance in the USA"
US,2033,2033-06-05,Pentecost,,Christian,"Many Christians in the United States observe Pentecost, also known as Whitsunday or Whit Sunday."
US,2033,2033-06-05,World Environment Day,,United Nations observance,World Environment Day is held each year on June 5. It is one of the principal vehicles through which the United Nations (UN) stimulates worldwide awareness of the environment and enhances political attention and action.
US,2033,2033-06-06,D-Day,,Observance,"D-Day is a special anniversary in some countries, including the United States (U.S.), to remember Allied forces’ invasion of Normandy, France, in the Second World War."
US,2033,2033-06-06,Day of the Russian Language,,United Nations observance,Day of the Russian Language is a United Nations observance in the USA
US,2033,2033-06-06,Whit Monday,,Christian,"Many Christians in the United States will observe Whit Monday, or Pentecost Monday. It is the day after Pentecost, which is also known as Whit Sunday or Whitsunday."
US,2033,2033-06-07,World Food Safety Day,,United Nations observance,World Food Safety Day is a United Nations observance in the USA
US,2033,2033-06-08,World Oceans Day,,United Nations observance,World Oceans Day is annually observed on June 8 to raise awareness of the challenges humanity faces to protect the world's oceans.
US,2033,2033-06-10,The Prophet's Birthday,,Muslim,Eid Milad ul-Nabi (Mawlid or Milad-un-Nabi) commemorates the Prophet Muhammed's birthday.
US,2033,2033-06-11,Belmont Stakes,,Sporting event,The Belmont Stakes is the third and final horse race of the Triple Crown. It is run annually five weeks after the Kentucky Derby.
US,2033,2033-06-12,Loving Day,,Observance,Loving Day is a observance in the USA
US,2033,2033-06-12,Trinity Sunday,,Christian,Trinity Sunday is the first Sunday after Pentecost and is celebrated by many Christians in the United States.
US,2033,2033-06-12,World Day Against Child Labour,,United Nations observance,Poverty and injustice against widows is a world-wide problem addressed by International Widows' Day.
US,2033,2033-06-13,International Albinism Awareness Day,,United Nations observance,International Albinism Awareness Day aims to stop the persecution and murders of people with albinism.
US,2033,2033-06-14,Army Birthday,,Observance,Army Birthday is a observance in the USA
US,2033,2033-06-14,Flag Day,,Observance,Flag Day is annually held on June 14 to honor the United States flag.
US,2033,2033-06-14,World Blood Donor Day,,United Nations observance,On World Blood Donor Day numerous events are held worldwide to raise awareness about the importance of safe blood supplies.
US,2033,2033-06-15,World Elder Abuse Awareness Day,,United Nations observance,"World Elder Abuse Awareness Day attempts to shine a light on the problem of physical, emotional, and financial abuse of elders."
US,2033,2033-06-16,Corpus Christi,,Christian,Corpus Christi is observed in honor of the Holy Eucharist.
US,2033,2033-06-16,International Day of Family Remittances,,United Nations observance,The UN estimates that family remittances worth over 500 billion US$ are transferred worldwide every year.
US,2033,2033-06-17,World Day to Combat Desertification and Drought,,United Nations observance,The United Nations' World Day to Combat Desertification and Drought is observed worldwide on June 17 each year.
US,2033,2033-06-18,Sustainable Gastronomy Day,,United Nations observance,Sustainable Gastronomy Day is a United Nations observance in the USA
US,2033,2033-06-19,Father's Day,,Observance,Father's Day celebrates the contribution that fathers and father figures make to the lives of their children.
US,2033,2033-06-19,International Day for the Elimination of Sexual Violence in Conflict,,United Nations observance,International Day for the Elimination of Sexual Violence in Conflict is a UN day aiming to rid the world of conflict-related sexual violence.
US,2033,2033-06-19,Juneteenth,,National holiday,"Juneteenth, also known as Freedom Day and Emancipation Day, is a holiday or observance in many US states to celebrate the anniversary of the abolition of slavery in Texas on June 19, 1865."
US,2033,2033-06-20,American Eagle Day,,Observance,"Observed annually on June 20 in 47 American states, American Eagle Day is an unofficial holiday that celebrates the removal of the American Bald Eagle from a list of ""endangered species""."
US,2033,2033-06-20,Juneteenth (substitute),,National holiday,"Juneteenth, also known as Freedom Day and Emancipation Day, is a holiday or observance in many US states to celebrate the anniversary of the abolition of slavery in Texas on June 19, 1865."
US,2033,2033-06-20,World Refugee Day,,United Nations observance,"The United Nations' World Refugee Day honors refugees' courage, strength and determination."
US,2033,2033-06-21,International Day of Yoga,,United Nations observance,The International Day of Yoga is a UN-day that aims to raise awareness worldwide of the many benefits of practicing yoga.
US,2033,2033-06-21,International Day of the Celebration of the Solstice,,United Nations observance,International Day of the Celebration of the Solstice is a United Nations observance in the USA
US,2033,2033-06-23,International Widows' Day,,United Nations observance,Poverty and injustice against widows is a world-wide problem addressed by International Widows' Day.
US,2033,2033-06-23,Public Service Day,,United Nations observance,The United Nations’ Public Service Day celebrates the idea that democracy and successful governance depend on a competent civil service.
US,2033,2033-06-25,Day of the Seafarer,,United Nations observance,"The Day of the Seafarer aims to acknowledge the social, and economic contribution of the millions of seafarers around the world."
US,2033,2033-06-26,International Day Against Drug Abuse and Illicit Trafficking,,United Nations observance,The United Nations’ (UN) International Day Against Drug Abuse and Illicit Trafficking raise awareness about the dangers of illicit drugs.
US,2033,2033-06-26,International Day in Support of Victims of Torture,,United Nations observance,The United Nations’ (UN) International Day in Support of Victims of Torture is annually observed on June 26 to remind people that human torture is not only unacceptable – it is also a crime.
US,2033,2033-06-27,"Micro-, Small and Medium-sized Enterprises Day",,United Nations observance,"Micro-, Small and Medium-sized Enterprises Day is a United Nations observance in the USA"
US,2033,2033-06-29,International Day of the Tropics,,United Nations observance,International Day of the Tropics is a United Nations observance in the USA
US,2033,2033-06-30,International Asteroid Day,,United Nations observance,The United Nations established International Asteroid Day to raise public awareness of the asteroid impact hazard.
US,2033,2033-06-30,International Day of Parliamentarism,,United Nations observance,International Day of Parliamentarism is a United Nations observance in the USA
US,2033,2033-07-02,International Day of Cooperatives,,United Nations observance,"The United Nations' (UN) International Day of Cooperatives recognizes and reaffirms the role of cooperatives in economic, social and cultural development and in the achievement of social policy objectives."
US,2033,2033-07-04,Independence Day,,National holiday,"On Independence Day, Americans celebrate the anniversary of publication of the Declaration of Independence from Great Britain in 1776."
US,2033,2033-07-11,World Population Day,,United Nations observance,The United Nations' (UN) World Population Day reaffirms the human right to plan for a family.
US,2033,2033-07-14,Bastille Day,,Observance,Bastille Day is a observance in the USA
US,2033,2033-07-15,World Youth Skills Day,,United Nations observance,Acquiring skills enhances youths' ability to make informed choices and empowers them to gain access to changing labor markets.
US,2033,2033-07-16,Rural Transit Day,,Observance,Rural Transit Day is a observance in the USA
US,2033,2033-07-18,Nelson Mandela Day,,United Nations observance,Nelson Mandela International Day is annually observed on July 18 to recognize the former South African president’s contribution to peace and freedom.
US,2033,2033-07-20,World Chess Day,,United Nations observance,World Chess Day is a United Nations observance in the USA
US,2033,2033-07-24,Parents' Day,,Observance,Parents’ Day is celebrated in the United States on the fourth Sunday of July each year to recognize and promote parenting as a crucial part of families and the wider community.
US,2033,2033-07-25,World Drowning Prevention Day,,United Nations observance,World Drowning Prevention Day is a United Nations observance in the USA
US,2033,2033-07-27,National Korean War Veterans Armistice Day,,Observance,National Korean War Veterans Armistice Day is a observance in the USA
US,2033,2033-07-28,World Hepatitis Day,,United Nations observance,World Hepatitis Day is observed on July 28 every year to raise awareness of hepatitis and encourage prevention and treatment.
US,2033,2033-07-30,International Day of Friendship,,United Nations observance,The International Day of Friendship is annually held on July 30 to celebrate friendships worldwide.
US,2033,2033-07-30,World Day Against Trafficking in Persons,,United Nations observance,July 30 is the UN World Day Against Trafficking in Persons
US,2033,2033-08-04,Barack Obama Day,,Observance,Barack Obama Day is a observance in the USA
US,2033,2033-08-04,Coast Guard Birthday,,Observance,Coast Guard Birthday is a observance in the USA
US,2033,2033-08-04,Tisha B'Av,,Hebrew,Tisha B’Av is on the ninth day of the month of Av in the Jewish calendar.
US,2033,2033-08-07,Purple Heart Day,,Observance,Purple Heart Day on August 7 commemorates the day in 1782 when General George Washington created the Purple Heart Medal – a military decoration that is awarded to those wounded or killed while serving in the United States Armed Forces.
US,2033,2033-08-09,International Day of the World's Indigenous People,,United Nations observance,The United Nations’ (UN) International Day of the World's Indigenous People is observed on August 9 each year to promote and protect the rights of the world’s indigenous peoples.
US,2033,2033-08-12,International Youth Day,,United Nations observance,The United Nations’ (UN) International Youth Day is annually held on August 12 to celebrate the achievements of the world’s youth and to encourage their participation in enhancing society.
US,2033,2033-08-15,Assumption of Mary,,Christian,Assumption Day is a Christian observance in the United States that is held annually on August 15. Catholics observe the Dormition (falling asleep) or the day that the Blessed Virgin Mary was received into heaven.
US,2033,2033-08-19,National Aviation Day,,Observance,National Aviation Day is observed in the United States on August 19 each year to celebrate the history and development of the aviation.
US,2033,2033-08-19,World Humanitarian Day,,United Nations observance,The United Nations’(UN) World Humanitarian Day focuses on increasing public awareness about humanitarian service worldwide and is annually observed on August 19.
US,2033,2033-08-21,International Day of Remembrance of and Tribute to the Victims of Terrorism,,United Nations observance,International Day of Remembrance of and Tribute to the Victims of Terrorism is a United Nations observance in the USA
US,2033,2033-08-21,National Senior Citizens Day,,Observance,National Senior Citizens Day is an observance on the third Sunday of August to honor the contributions of senior citizens in the United States.
US,2033,2033-08-22,International Day Commemorating the Victims of Acts of Violence Based on Religion or Belief,,United Nations observance,International Day Commemorating the Victims of Acts of Violence Based on Religion or Belief is a United Nations observance in the USA
US,2033,2033-08-23,International Day for the Remembrance of the Slave Trade and its Abolition,,United Nations observance,The United Nations’ (UN) International Day for the Remembrance of the Slave Trade and its Abolition is held on August 23 each year to remind people of the tragedy of the transatlantic slave trade.
US,2033,2033-08-26,Women's Equality Day,,Observance,Women's Equality Day on August 26 is an annual observance that commemorates the anniversary of the first time voting rights were extended to women in the United States.
US,2033,2033-08-29,International Day against Nuclear Tests,,United Nations observance,The United Nations’ (UN) International Day against Nuclear Tests is annually observed on August 29. The day raises awareness of the dangers of nuclear weapons and a closer approach to eliminating the use of those weapons.
US,2033,2033-08-30,International Day of the Victims of Enforced Disappearances,,United Nations observance,The International Day of the Victims of Enforced Disappearances is annually observed on August 30.
US,2033,2033-08-31,International Day for People of African Descent,,United Nations observance,International Day for People of African Descent is a United Nations observance in the USA
US,2033,2033-08-31,International Overdose Awareness Day,,Worldwide observance, International Overdose Awareness Day is an annual observation which aims to raise global awareness of about the impact of drug overdose on families and communities. The campaign also attempts to remove the stigma associated with overdose.
US,2033,2033-09-04,World Sexual Health Day,,Worldwide observance, World Sexual Health Day is an annual awareness day that attempts to break down social and cultural taboos associated with sexuality and to promote sexual health around the world.
US,2033,2033-09-05,International Day of Charity,,United Nations observance,The International Day of Charity raises public awareness of what charities do to help minimize poverty.
US,2033,2033-09-05,Labor Day,,National holiday,Labor Day is a federal holiday in the United States. It gives workers a day of rest and it celebrates their contribution to the American economy.
US,2033,2033-09-07,International Day of Clean Air for Blue Skies,,United Nations observance,International Day of Clean Air for Blue Skies is a United Nations observance in the USA
US,2033,2033-09-07,Still's Disease Awareness Day,,Worldwide observance,Still's Disease Awareness Day is a worldwide observance in the USA
US,2033,2033-09-08,International Literacy Day,,United Nations observance,The United Nations' (UN) International Literacy Day is held on September 8 each year.
US,2033,2033-09-09,International Day to Protect Education from Attack,,United Nations observance,International Day to Protect Education from Attack is a United Nations observance in the USA
US,2033,2033-09-10,Carl Garner Federal Lands Cleanup Day,,Observance,Carl Garner Federal Lands Cleanup Day encourages people in the United States to participate in cleaning up the federal lands. It is observed on the first Saturday after Labor Day.
US,2033,2033-09-10,World Suicide Prevention Day,,Worldwide observance,World Suicide Prevention Day promotes worldwide action to prevent suicides on September 10 each year.
US,2033,2033-09-11,National Grandparents Day,,Observance,National Grandparents Day is celebrated on the first Sunday of September after Labor Day in the United States.
US,2033,2033-09-11,Patriot Day,,Observance,"Patriot Day is held in memory of nearly 3000 people who died during terrorist attacks in New York, Washington DC and Shanksville, Pennsylvania, in the United States."
US,2033,2033-09-12,International Day for South-South Cooperation,,United Nations observance,The United Nations Day for South-South Cooperation is observed on September 12 each year.
US,2033,2033-09-13,International Programmers' Day,,Worldwide observance,"Many people celebrate International Programmers’ Day on January 7, while others observe this event on the 256th day of the year, usually on September 13 or on September 12 in leap years."
US,2033,2033-09-15,First Day of National Hispanic Heritage Month,,Observance,First Day of National Hispanic Heritage Month is a annual monthly observance in the USA
US,2033,2033-09-15,International Day of Democracy,,United Nations observance,The United Nations’ (UN) International Day of Democracy is observed on September 15 each year.
US,2033,2033-09-16,Constitution Day and Citizenship Day observed,,Observance,Constitution Day and Citizenship Day is a combined event that occurs in the United States on September 17 each year.
US,2033,2033-09-16,International Day for the Preservation of the Ozone Layer,,United Nations observance,The United Nations' (UN) International Day for the Preservation of the Ozone Layer focuses on the importance of protecting human health and the environment.
US,2033,2033-09-16,National POW/MIA Recognition Day,,Observance,National POW/MIA Recognition Day is annually observed in the United States on the third Friday of September.
US,2033,2033-09-17,Constitution Day and Citizenship Day,,Observance,Constitution Day and Citizenship Day is a combined event that occurs in the United States on September 17 each year.
US,2033,2033-09-17,World Patient Safety Day,,United Nations observance,World Patient Safety Day is a United Nations observance in the USA
US,2033,2033-09-18,Air Force Birthday,,Observance,Air Force Birthday is a observance in the USA
US,2033,2033-09-18,International Equal Pay Day,,United Nations observance,International Equal Pay Day is a United Nations observance in the USA
US,2033,2033-09-21,International Day of Peace,,United Nations observance,"The United Nations' (UN) International Day of Peace is annually held on September 21 to recognize the efforts of individuals, organizations and governments to end conflict and promote peace."
US,2033,2033-09-23,International Celebrate Bisexuality Day,,Worldwide observance,"International Celebrate Bisexuality Day, also known as Bi Visibility Day, promotes the rights of bisexual people around the world."
US,2033,2033-09-23,International Day of Sign Languages,,United Nations observance,International Day of Sign Languages is a United Nations observance in the USA
US,2033,2033-09-24,National Public Lands Day,,Observance,National Public Lands Day is a observance in the USA
US,2033,2033-09-24,Rosh Hashana,,Hebrew,Rosh Hashanah is the Jewish New Year. Many Jewish-run organizations in the US are closed during the two-day celebration.
US,2033,2033-09-25,Gold Star Mother's Day,,Observance,Gold Star Mother’s Day is annually observed in the United States on the last Sunday of September.
US,2033,2033-09-26,International Day for the Total Elimination of Nuclear Weapons,,United Nations observance,The International Day for the Total Elimination of Nuclear Weapons raises awareness about the dangers of nuclear weapons.
US,2033,2033-09-27,World Tourism Day,,United Nations observance,The United Nations’ (UN) World Tourism Day is annually held on September 27 to raise awareness on the benefits of tourism.
US,2033,2033-09-28,International Day for Universal Access to Information,,United Nations observance,International Day for Universal Access to Information is a United Nations observance in the USA
US,2033,2033-09-28,World Rabies Day,,Worldwide observance,World Rabies Day is annually observed on September 28 to raise awareness about rabies and how it can be prevented.
US,2033,2033-09-29,International Day of Awareness of Food Loss and Waste,,United Nations observance,International Day of Awareness of Food Loss and Waste is a United Nations observance in the USA
US,2033,2033-09-29,World Heart Day,,Worldwide observance,World Heart Day raises awareness of cardiovascular diseases and ways to reduce their risk.
US,2033,2033-09-29,World Maritime Day,,United Nations observance,"World Maritime Day is held on the last week of September each year, although the exact date is up to individual governments around the world."
US,2033,2033-09-30,International Translation Day,,United Nations observance,International Translation Day is a United Nations observance in the USA
US,2033,2033-10-01,International Day of Older Persons,,United Nations observance,The United Nations' (UN) International Day of Older Persons is celebrated on October 1 each year as a special day for older persons worldwide.
US,2033,2033-10-01,World Vegetarian Day,,Worldwide observance,"World Vegetarian Day is an annual observation that spreads awareness about the health, environmental, and ethical benefits of following a vegetarian lifestyle. The unofficial holiday encourages people to avoid eating foods that include animal products and to adopt a plant-based diet."
US,2033,2033-10-02,International Day of Non-Violence,,United Nations observance,The United Nations’ (UN) International Day of Non-Violence is a globally observed on October 2 each year to promote non-violence.
US,2033,2033-10-03,Child Health Day,,Observance,Child Health Day is annually celebrated in the United States on the first Monday of October.
US,2033,2033-10-03,World Habitat Day,,United Nations observance,The United Nations’ (UN) World Habitat Day reflects on the state of human settlements and people’s right to sufficient shelter.
US,2033,2033-10-03,Yom Kippur,,Hebrew,Yom Kippur is an important Jewish holiday that falls on the 10th day of the month of Tishrei in the Jewish calendar.
US,2033,2033-10-04,Feast of St Francis of Assisi,,Christian,"Many Catholics in the United States, particularly those with pets, celebrate the Feast of St Francis of Assisi, the patron saint of animals and the environment, on October 4 each year."
US,2033,2033-10-05,World Teachers' Day,,United Nations observance,The United Nations' (UN) World Teachers' Day commemorates the work of teachers and their contributions to society. It is observed on October 5 each year.
US,2033,2033-10-06,German American Day,,Observance,German American Day is a observance in the USA
US,2033,2033-10-06,World Cerebral Palsy Day,,Worldwide observance,"World Cerebral Palsy Day is an annual awareness observation that brings together people with cerebral palsy, their families and loved ones, and organizations working to ensure equal rights for them."
US,2033,2033-10-08,First Day of Sukkot,,Hebrew,"The first day of Sukkot marks the start of the Sukkot festival for Jewish communities in many countries, including the United States."
US,2033,2033-10-08,World Migratory Bird Day,,United Nations observance,World Migratory Bird Day is observed the second weekend of May every year.
US,2033,2033-10-09,Leif Erikson Day,,Observance,Leif Erikson Day honors the first Scandinavian known to have set foot on American soil and the contribution of the Nordic peoples to the United States.
US,2033,2033-10-09,World Post Day,,United Nations observance,World Post Day marks the anniversary of the Universal Postal Union's establishment in 1874. It is held on October 9 each year.
US,2033,2033-10-10,Columbus Day,,National holiday,Columbus Day celebrates 15th century explorer Christopher Columbus's arrival in America in 1492.
US,2033,2033-10-10,World Mental Health Day,,United Nations observance,"World Mental Health Day, which is supported by the United Nations (UN), is annually held on October 10 to raise public awareness about mental health issues worldwide."
US,2033,2033-10-11,International Day of the Girl Child,,United Nations observance,The International Day of the Girl Child is a United Nations (UN) observance on October 11 each year.
US,2033,2033-10-12,International Day for Natural Disaster Reduction,,United Nations observance,The United Nations’ (UN) International Day for Natural Disaster Reduction is annually observed on the second Wednesday of October to promote a global culture of natural disaster risk reduction.
US,2033,2033-10-13,Navy Birthday,,Observance,"Navy Birthday celebrates the establishment of the United States Navy on October 13, 1775."
US,2033,2033-10-13,World Sight Day,,Worldwide observance,World Sight Day is annually held on the second Thursday of October to raise awareness about blindness and vision impairment.
US,2033,2033-10-14,Last Day of Sukkot,,Hebrew,"Many Jewish communities in countries such as the United States observe the last day of Sukkot, which marks the end of the Sukkot festival."
US,2033,2033-10-15,International Day of Rural Women,,United Nations observance,The United Nations’ (UN) International Day of Rural Women is annually celebrated on October 15 to recognize rural women’s role in supporting their communities.
US,2033,2033-10-15,Shmini Atzeret,,Hebrew,"Shemini Atzeret (or Shmini Atzeret) is a Jewish holiday dedicated to the love of God, while Simchat Torah (Simchas Torah or Simhat Torah) marks the end of Sukkot and celebrates the completion of the annual reading of the Torah."
US,2033,2033-10-15,Sweetest Day,,Observance,Sweetest Day is a observance in the USA
US,2033,2033-10-15,White Cane Safety Day,,Observance,White Cane Safety Day is a United States observance annually held on October 15 to celebrate blind and visually impaired people's achievements and the importance of the white cane.
US,2033,2033-10-16,Simchat Torah,,Hebrew,Simchat Torah (Simchas Torah or Simhat Torah) is a Jewish holiday that marks the end of Sukkot and celebrates the completion of the annual reading of the Torah.
US,2033,2033-10-16,World Food Day,,United Nations observance,World Food Day is celebrated on October 16 each year.
US,2033,2033-10-17,Boss's Day,,Observance,"Boss’s Day is observed in many workplaces in the United States on October 16, or the nearest working day, each year."
US,2033,2033-10-17,International Day for the Eradication of Poverty,,United Nations observance,The United Nations’ (UN) International Day for the Eradication of Poverty is annually observed on October 17 to promote awareness of the need to eradicate poverty worldwide.
US,2033,2033-10-21,Isra and Mi'raj,,Muslim,"Isra and Mi'raj (Isra Me'raj, Israa and Mi'raaj, Laylat Al-Isra wa Al-Miraj, Lailat al Miraj, Night Journey and Ascension to Heaven) marks the night when the Prophet Mohammad traveled from Mecca to Jerusalem, ascended to heaven and returned."
US,2033,2033-10-24,United Nations Day,,United Nations observance,United Nations Day marks the anniversary of the United Nations Charter coming into force in 1945 and celebrates the work of this organization. United Nations Day annually falls on October 24.
US,2033,2033-10-24,World Development Information Day,,United Nations observance,The United Nations' (UN) World Development Information Day falls on October 24 each year.
US,2033,2033-10-27,World Day for Audiovisual Heritage,,United Nations observance,The World Day for Audiovisual Heritage is observed on October 27 every year.
US,2033,2033-10-29,World Stroke Day,,Worldwide observance,World Stroke Day is annually held on October 29 to raise awareness about stroke and ways to combat it.
US,2033,2033-10-31,Halloween,,Observance,"Halloween is celebrated by hosting costume parties, playing 'trick-or-treat', watching horror films, visiting haunted houses or carving lanterns out of pumpkins."
US,2033,2033-10-31,World Cities Day,,United Nations observance,World Cities Day is a UN observance that aims to recognize the role of cities as  a foundation for social and economic development.
US,2033,2033-11-01,All Saints' Day,,Christian,"Many Catholics honor all the saints on All Saints' Day, also known as All Hallows' Day, in the United States."
US,2033,2033-11-01,First Day of Native American Heritage Month,,Observance,First Day of Native American Heritage Month is a annual monthly observance in the USA
US,2033,2033-11-01,World Vegan Day,,Worldwide observance,World Vegan Day is an annual observation that brings together vegans around the world to bring attention to animal rights and to spread the word about the health advantages of following a vegan diet.
US,2033,2033-11-02,All Souls' Day,,Christian,"Prayers for the dead are made on All Souls’ Day in the United States, which falls on November 2 each year. The Day of the Dead is also celebrated on this day."
US,2033,2033-11-02,International Day to End Impunity for Crimes against Journalists,,United Nations observance,The International Day to End Impunity for Crimes against Journalists raises awareness about violence against journalists.
US,2033,2033-11-05,World Tsunami Awareness Day,,United Nations observance,World Tsunami Awareness Day is a United Nations observance in the USA
US,2033,2033-11-06,International Day for Preventing the Exploitation of the Environment in War and Armed Conflict,,United Nations observance,The United Nations’ (UN) International Day for Preventing the Exploitation of the Environment in War and Armed Conflict is held on November 6 each year.
US,2033,2033-11-06,New York City Marathon,,Sporting event,The New York City Marathon is one of the world's largest marathons and takes place every year in November.
US,2033,2033-11-08,Election Day,,Observance,Election Day in the United States of America is the day on which popular ballots are held to select public officials.
US,2033,2033-11-10,Marine Corps Birthday,,Observance,"Marine Corps Birthday celebrates the establishment of the United States Marine Corps on November 10, 1775."
US,2033,2033-11-10,World Science Day for Peace and Development,,United Nations observance,The World Science Day for Peace and Development (WSDPD) is celebrated on November 10 each year.
US,2033,2033-11-11,Singles’ Day,,Worldwide observance,
US,2033,2033-11-11,Veterans Day,,National holiday,Veterans Day in the USA is a holiday to honor all who have served in the United States Military Services.
US,2033,2033-11-12,World Pneumonia Day,,Worldwide observance,"World Pneumonia Day supports all efforts made to protect and treat people against pneumonia, the single largest cause of child deaths worldwide."
US,2033,2033-11-14,World Diabetes Day,,United Nations observance,World Diabetes Day is held annually to raise awareness of diabetes and its complications and the care that people with this condition need. It is observed on November 14 each year.
US,2033,2033-11-16,International Day for Tolerance,,United Nations observance,The United Nations’ (UN) International Day for Tolerance is observed on November 16 each year to help people understand the importance of tolerance worldwide.
US,2033,2033-11-17,World Philosophy Day,,United Nations observance,World Philosophy Day is celebrated on the third Thursday of November each year.
US,2033,2033-11-17,World Prematurity Day,,Worldwide observance, World Prematurity Day is an annual observance that is dedicated to raising awareness about the health and emotional issues surrounding preterm birth.
US,2033,2033-11-18,Fake Friday,,Worldwide observance,"Many early-bird shoppers look for bargains on Fake Friday to get ahead of the crowds in stores on Black Friday, observed a week later."
US,2033,2033-11-19,International Men's Day,,Worldwide observance,International Men’s Day celebrates men's achievements worldwide and throughout history.
US,2033,2033-11-19,World Toilet Day,,United Nations observance,World Toilet Day aims to promote public awareness of the need for adequate toilets to improve people’s health and save lives.
US,2033,2033-11-20,Africa Industrialization Day,,United Nations observance,Africa Industrialization Day aims to stimulate the international community's commitment to the industrialization of Africa.
US,2033,2033-11-20,Transgender Day of Remembrance,,Worldwide observance,Transgender Day of Remembrance is a worldwide observance in the USA
US,2033,2033-11-20,Universal Children's Day,,United Nations observance,The United Nations' (UN) Universal Children's Day is an occasion to promote the welfare of children and an understanding between children all over the world. It is held on November 20 each year
US,2033,2033-11-20,World Day of Remembrance for Road Traffic Victims,,United Nations observance,The World Day of Remembrance for Road Traffic Victims serves as a major advocacy day for road traffic injury prevention.
US,2033,2033-11-21,World Television Day,,United Nations observance,The United Nations’ (UN) World Television Day is globally celebrated on November 21 each year.
US,2033,2033-11-23,Ramadan Starts,,Muslim,"Many Muslims in the United States fast in the hours of daylight during Ramadan, the ninth month in the Islamic calendar."
US,2033,2033-11-24,Thanksgiving Day,,National holiday,Thanksgiving Day in the United States is traditionally a holiday to give thanks for the food collected at the end of the harvest season.
US,2033,2033-11-25,Black Friday,,Observance,Black Friday is the day after Thanksgiving Day in the USA. It is a busy shopping day and is a holiday in some states.
US,2033,2033-11-25,International Day for the Elimination of Violence against Women,,United Nations observance,The United Nations' (UN) International Day for the Elimination of Violence against Women raises public awareness of violence against women in all countries around the world and at all levels of society. It is observed each year on November 25.
US,2033,2033-11-25,Native American Heritage Day,,Observance,Native American Heritage Day is a observance in the USA
US,2033,2033-11-27,First Sunday of Advent,,Christian,"Many Christians in the United States observe the first Sunday of Advent, which marks the start of the Christian year."
US,2033,2033-11-28,Cyber Monday,,Observance,Most online retailers in the US offer discounted prices on their products and services on Cyber Monday.
US,2033,2033-11-29,Giving Tuesday,,Worldwide observance,
US,2033,2033-11-29,Giving Tuesday,,Observance,The first Tuesday after Thanksgiving has been dubbed “Giving Tuesday” by charities.
US,2033,2033-11-29,International Day of Solidarity with the Palestinian People,,United Nations observance,The United Nations’ (UN) International Day of Solidarity with the Palestinian People is annually observed on November 29.
US,2033,2033-11-30,Day of Remembrance for all Victims of Chemical Warfare,,United Nations observance,The UN’s Day of Remembrance for all Victims of Chemical Warfare is annually observed on April 29.
US,2033,2033-12-01,World AIDS Day,,United Nations observance,The United Nations' (UN) World AIDS Day is annually observed on December 1.
US,2033,2033-12-02,International Day for the Abolition of Slavery,,United Nations observance,The United Nations’ (UN) International Day for the Abolition of Slavery is annually observed on December 2.
US,2033,2033-12-03,International Day of Persons with Disabilities,,United Nations observance,The United Nations' (UN) International Day of Persons with Disabilities is annually observed on December 3 to re-affirm and draw attention to the rights of people who live with disabilities.
US,2033,2033-12-04,International Day of Banks,,United Nations observance,International Day of Banks is a United Nations observance in the USA
US,2033,2033-12-05,International Volunteer Day for Economic and Social Development,,United Nations observance,"The United Nations’ (UN) International Volunteer Day for Economic and Social Development, also known as International Volunteer Day (IVD), is observed on December 5 each year."
US,2033,2033-12-05,World Soil Day,,United Nations observance,World Soil Day raises awareness of why soil is needed for sustainable living.
US,2033,2033-12-06,St Nicholas Day,,Observance,Some churches in the United States recognize St Nicholas' Day as a feast day.
US,2033,2033-12-07,International Civil Aviation Day,,United Nations observance,International Civil Aviation Day is observed globally on December 7 each year. It is observed by organizations such as the International Civil Aviation Organization (ICAO).
US,2033,2033-12-07,Pearl Harbor Remembrance Day,,Observance,"National Pearl Harbor Remembrance Day remembers those who died or were injured when Pearl Harbor, in Hawaii, was attacked in 1941."
US,2033,2033-12-08,Feast of the Immaculate Conception,,Christian,The Feast of the Immaculate Conception is a Christian observance on December 8 each year.
US,2033,2033-12-09,International Anti-Corruption Day,,United Nations observance,The United Nations’ (UN) International Anti-Corruption Day is annually observed on December 9 to raise public awareness of corruption and ways to fight it.
US,2033,2033-12-09,World Genocide Commemoration Day,,United Nations observance,World Genocide Commemoration Day is a UN holiday dedicated to the victims of genocide.
US,2033,2033-12-10,Human Rights Day,,United Nations observance,Human Rights Day marks the anniversary of when the Universal Declaration of Human Rights was proclaimed.
US,2033,2033-12-11,International Mountain Day,,United Nations observance,"The United Nations' (UN) International Mountain Day is an occasion to help raise awareness of the people who live in mountainous regions and the role that these regions play in providing food, water, and recreation. It is observed on December 11 each year."
US,2033,2033-12-12,Feast of Our Lady of Guadalupe,,Christian,"The Feast of Our Lady Guadalupe, in honor of Jesus’ mother Mary, is a Catholic observance in the United States."
US,2033,2033-12-12,Green Monday,,Worldwide observance,The last Monday at least ten days before Christmas has been dubbed “Green Monday” by online marketers.
US,2033,2033-12-12,International Day of Neutrality,,United Nations observance,International Day of Neutrality is a United Nations observance in the USA
US,2033,2033-12-12,International Universal Health Coverage Day,,United Nations observance,International Universal Health Coverage Day is a United Nations observance in the USA
US,2033,2033-12-13,National Guard Birthday,,Observance,National Guard Birthday is a observance in the USA
US,2033,2033-12-15,Bill of Rights Day,,Observance,Bill of Rights Day is a observance in the USA
US,2033,2033-12-17,Chanukah/Hanukkah (first day),,Hebrew,"The first day of Hanukkah is the start of the Hanukkah period, which lasts for eight days, from the 25th day of the month of Kislev to the second day of Tevet in the Hebrew calendar."
US,2033,2033-12-17,Pan American Aviation Day,,Observance,"December 17 marks Pan American Aviation Day, which is annually observed in the United States."
US,2033,2033-12-17,Wright Brothers Day,,Observance,The Wright Brothers Day is annually celebrated in the United States on December 17 to commemorate the historic flight made by Orville and Wilbur Wright on that date in 1903.
US,2033,2033-12-18,Arabic Language Day,,United Nations observance,World Arabic Language Day is a United Nations (UN) observance that celebrates one of the organization’s 6 official languages – Arabic.
US,2033,2033-12-18,International Migrants Day,,United Nations observance,The United Nations (UN) International Migrants Day is celebrated on December 18 each year.
US,2033,2033-12-18,Lailat al-Qadr,,Muslim,Laylat al Qadr is most likely to be held on one of the last 10 days of month of Ramadan in the Islamic calendar.
US,2033,2033-12-20,International Human Solidarity Day,,United Nations observance,The United Nations' (UN) International Human Solidarity Day is celebrated on December 20 each year to raise public awareness on the importance of solidarity in fighting poverty.
US,2033,2033-12-23,Eid al-Fitr,,Muslim,"Eid al-Fitr is a holiday to mark the end of the Islamic month of Ramadan, during which Muslims fast during the hours of daylight."
US,2033,2033-12-24,Christmas Eve,,"Observance, Christian",Christmas Eve in the United States is on December 24 each year.
US,2033,2033-12-24,Last Day of Chanukah,,Hebrew,"The last day of Hanukkah marks the end of a festive Jewish occasion, known as Hanukkah or Chanukah."
US,2033,2033-12-24,Super Saturday,,Worldwide observance,"The final Saturday before Christmas has become a very popular shopping day in the US, earning the nickname Super Saturday."
US,2033,2033-12-25,Christmas Day,,"Local holiday, Christian",Christmas Day celebrates Jesus Christ's birth.
US,2033,2033-12-25,Christmas Day,,"National holiday, Christian",Christmas Day celebrates Jesus Christ's birth.
US,2033,2033-12-26,Christmas Day (substitute),,"Local holiday, Christian",Christmas Day celebrates Jesus Christ's birth.
US,2033,2033-12-26,Christmas Day (substitute),,"National holiday, Christian",Christmas Day celebrates Jesus Christ's birth.
US,2033,2033-12-26,Kwanzaa (first day),,Observance,"Kwanzaa is a week-long holiday honoring the culture and traditions of African people and their descendants worldwide, especially in the United States."
US,2033,2033-12-27,International Day of Epidemic Preparedness,,United Nations observance,International Day of Epidemic Preparedness is a United Nations observance in the USA
US,2033,2033-12-31,New Year's Eve,,Observance,New Year's Eve is the last day of the year in the Gregorian calendar. Many parties to welcome the New Year are held in in the United States on New Year's Eve.
US,2034,2034-01-01,Asarah B'Tevet,,Hebrew,Asarah B'Tevet is a Jewish holiday in the USA
US,2034,2034-01-01,New Year's Day,,National holiday,"New Year's Day is the first day of the Gregorian calendar, which is widely used in many countries such as the USA."
US,2034,2034-01-02,New Year's Day (substitute),,National holiday,"New Year's Day is the first day of the Gregorian calendar, which is widely used in many countries such as the USA."
US,2034,2034-01-04,World Braille Day,,United Nations observance,"World Braille Day celebrates the life and achievements of Louis Braille, who invented the braille code for the visually impaired."
US,2034,2034-01-06,Epiphany,,Christian,"Many people in the United States annually observe Epiphany, or Three Kings’ Day, on January 6. It is a Christian observance and a public holiday in the US Virgin Islands."
US,2034,2034-01-07,International Programmers' Day,,Worldwide observance,"Many people celebrate International Programmers’ Day on January 7, while others observe this event on the 256th day of the year, usually on September 13 or on September 12 in leap years."
US,2034,2034-01-07,Orthodox Christmas Day,,Orthodox,Many Orthodox Christian churches in countries such as the United States observe Christmas Day on or near January 7 in the Gregorian calendar.
US,2034,2034-01-13,Friday the 13th,,Worldwide observance,Friday the 13th is a day full of superstitious beliefs in communities worldwide.
US,2034,2034-01-13,Stephen Foster Memorial Day,,Observance,"Stephen Foster Memorial Day is annually observed in the United States on January 13. The day remembers the achievements of Stephen Foster, who is known as the “father of American music”."
US,2034,2034-01-14,Orthodox New Year,,Orthodox,Many Orthodox Christian churches in countries such as the United States celebrate New Year’s Day on January 14 in the Gregorian calendar.
US,2034,2034-01-15,World Religion Day,,Worldwide observance,World Religion Day fosters interfaith dialogue and understanding of all religions.
US,2034,2034-01-16,Martin Luther King Jr. Day,,National holiday,Martin Luther King Day marks the anniversary of the date of birth of the influential American civil right leader of the same name.
US,2034,2034-01-24,International Day of Education,,United Nations observance,International Day of Education is a United Nations observance in the USA
US,2034,2034-01-26,International Customs Day,,Worldwide observance,International Customs Day celebrates custom personnel and agencies worldwide.
US,2034,2034-01-27,International Day of Commemoration in Memory of the Victims of the Holocaust,,United Nations observance,The United Nations' (UN) International Day of Commemoration in Memory of the Victims of the Holocaust remembers those who died and suffered during the Holocaust before and during World War II. It is on January 27 each year.
US,2034,2034-01-29,World Leprosy Day,,Worldwide observance,"World Leprosy Day brings awareness of leprosy, also known as Hansen's disease, and ways to prevent the disease."
US,2034,2034-02-01,First Day of Black History Month,,Observance,First Day of Black History Month is a annual monthly observance in the USA
US,2034,2034-02-01,National Freedom Day,,Observance,National Freedom Day in the United States is observed on February 1 each year.
US,2034,2034-02-01,National Girls and Women in Sports Day,,Observance,National Girls and Women in Sports Day is a observance in the USA
US,2034,2034-02-02,Groundhog Day,,Observance,Many people in the United States observe Groundhog Day on February 2.
US,2034,2034-02-02,World Wetlands Day,,Worldwide observance,World Wetlands Day raises awareness about the important role that the wetlands play in the environment and in our lives.
US,2034,2034-02-03,National Wear Red Day,,Observance,National Wear Red Day® raises public awareness of heart disease in women and ways to avoid and combat this problem.
US,2034,2034-02-04,International Day of Human Fraternity,,United Nations observance,International Day of Human Fraternity is a United Nations observance in the USA
US,2034,2034-02-04,Tu Bishvat/Tu B'Shevat,,Hebrew,"Tu B’Shevat, known as the “New Year for Trees”, is a Jewish festival similar to Arbor Day."
US,2034,2034-02-04,World Cancer Day,,Worldwide observance,World Cancer Day is an annual global event on February 4 to raise people’s awareness of cancer.
US,2034,2034-02-06,International Day of Zero Tolerance for Female Genital Mutilation,,United Nations observance,The International Day of Zero Tolerance for Female Genital Mutilation is an awareness campaign to end a harmful practice that violates girls’ and women’s rights.
US,2034,2034-02-10,World Pulses Day,,United Nations observance,World Pulses Day is a United Nations observance in the USA
US,2034,2034-02-11,International Day of Women and Girls in Science,,United Nations observance,The International Day of Women and Girls in Science is a UN holiday to recognize the critical role women and girls play in science and technology communities.
US,2034,2034-02-11,World Day of the Sick,,Worldwide observance,World Day of the Sick is a global event when people remember or pray for the sick.
US,2034,2034-02-12,Super Bowl,,Sporting event,The Super Bowl is the championship game of the National Football League (NFL) in the United States. It is played every year in February.
US,2034,2034-02-13,World Radio Day,,United Nations observance,World Radio Day is an annual United Nations (UN) event that promotes the importance of the radio in communicating information worldwide.
US,2034,2034-02-14,Valentine's Day,,Observance,Valentine's Day is an occasion to celebrate romantic love.
US,2034,2034-02-19,Lunar New Year,,Observance,Lunar New Year marks the first day of the New Year in the Chinese calendar.
US,2034,2034-02-20,Presidents' Day,,National holiday,"Washington's Birthday, or Presidents' Day, honors the life and work of the first president of the United States, George Washington."
US,2034,2034-02-20,World Day of Social Justice,,United Nations observance,"The United Nations' (UN) World Day of Social Justice promotes poverty eradication, full employment and social integration. It is on February 20 each year."
US,2034,2034-02-21,International Mother Language Day,,United Nations observance,The United Nations' (UN) International Mother Language Day is annually held on February 21 to celebrate languages spoken worldwide. It also observes the human right to use these languages.
US,2034,2034-02-21,Shrove Tuesday/Mardi Gras,,"Observance, Christian","Shrove Tuesday is traditionally known as the day prior to Lent but it also serves as a day of celebration, known as Mardi Gras."
US,2034,2034-02-22,Ash Wednesday,,Christian,"Ash Wednesday is a Christian observance that marks the first day of Lent, which is prior to Easter."
US,2034,2034-03-01,Eid al-Adha,,Muslim,"For more than 3 millions Muslims in the US, Eid al-Adha, the Festival of Sacrifice, is one of the most important dates in the calendar."
US,2034,2034-03-01,First Day of Irish American Heritage Month,,Observance,First Day of Irish American Heritage Month is a annual monthly observance in the USA
US,2034,2034-03-01,First Day of Women's History Month,,Observance,First Day of Women's History Month is a annual monthly observance in the USA
US,2034,2034-03-01,Self-Injury Awareness Day,,Worldwide observance,
US,2034,2034-03-01,St. David's Day,,"Observance, Christian","Many Welsh communities in the United States celebrate the life of their patron saint, St David, and their links with Wales on St David’s Day."
US,2034,2034-03-01,Zero Discrimination Day,,United Nations observance,"Discrimination Day highlights the negative impacts of discrimination and promotes tolerance, compassion and peace."
US,2034,2034-03-02,Read Across America Day,,Observance,Read Across America Day is observed in the United States on March 2 each year.
US,2034,2034-03-03,Employee Appreciation Day,,Observance,"Employee Appreciation Day is a US unofficial observance that recognizes and appreciates employees in all industries, aimed at helping employers keep their staff."
US,2034,2034-03-03,World Wildlife Day,,United Nations observance,"World Wildlife Day celebrates all flora and fauna, including animals, on Earth."
US,2034,2034-03-05,Purim,,Hebrew,"Purim commemorates a time when Jewish people were saved from death around the fourth century BCE, according to the Book of Esther."
US,2034,2034-03-08,International Women's Day,,United Nations observance,International Women’s Day celebrates women’s achievements worldwide and throughout history.
US,2034,2034-03-09,World Kidney Day,,Worldwide observance,World Kidney Day is an annual observation that attempts to raise global awareness about the importance of kidney health and tries to bring attention to the unique challenges faced by those who suffer from Chronic Kidney Disease.
US,2034,2034-03-10,International Day of Women Judges,,United Nations observance,International Day of Women Judges is a United Nations observance in the USA
US,2034,2034-03-15,Long Covid Awareness Day,,Worldwide observance,Long Covid Awareness Day is a worldwide observance in the USA
US,2034,2034-03-17,St. Patrick's Day,,"Observance, Christian","St Patrick's Day marks the life and deeds of St Patrick, one of Ireland's patron saints. It is an Irish-American celebration in the USA."
US,2034,2034-03-20,French Language Day,,United Nations observance,French Language Day is a United Nations observance in the USA
US,2034,2034-03-20,International Day of Happiness,,United Nations observance,International Day of Happiness aims to promote the idea that the pursuit of happiness is universal.
US,2034,2034-03-21,International Day for the Elimination of Racial Discrimination,,United Nations observance,The United Nations’ (UN) International Day for the Elimination of Racial Discrimination is annually observed on March 21.
US,2034,2034-03-21,International Day of Forests,,United Nations observance,"International Day of Forests raises awareness on forests and trees, including their role in climate change."
US,2034,2034-03-21,International Day of Nowruz,,United Nations observance,"The UN’s International Day of Nowruz, also known as Nowruz, No-Ruz, No-Rooz or No Ruz, is observed on March 21 each year."
US,2034,2034-03-21,Muharram,,Muslim,"The first day of Muharram, which is the first month in the Islamic calendar, marks the start of the Islamic New Year."
US,2034,2034-03-21,World Down Syndrome Day,,United Nations observance,World Down Syndrome Day is held on March 21 every year.
US,2034,2034-03-21,World Poetry Day,,United Nations observance,World Poetry Day celebrates poetry around the world on March 21 each year.
US,2034,2034-03-22,World Water Day,,United Nations observance,World Water Day aims to increase people's awareness of the water's importance in all aspects of life.
US,2034,2034-03-23,World Meteorological Day,,United Nations observance,"World Meteorological Day marks the anniversary of the World Meteorological Organization's establishment on March 23, 1950."
US,2034,2034-03-24,International Day for the Right to the Truth concerning Gross Human Rights Violations and for the Dignity of Victims,,United Nations observance,March 24 is the UN’s International Day for the Right to the Truth concerning Gross Human Rights Violations and for the Dignity of Victims
US,2034,2034-03-24,World Tuberculosis Day,,United Nations observance,World Tuberculosis Day is annually held on March 24 to raise awareness of tuberculosis and ways to eradicate the disease.
US,2034,2034-03-25,Earth Hour,,Worldwide observance,Earth Hour is an annual event in which many people worldwide turn their lights off on the last Saturday in March.
US,2034,2034-03-25,International Day of Remembrance of Slavery Victims and the Transatlantic Slave Trade,,United Nations observance,"The International Day of Remembrance of the Victims of Slavery and the Transatlantic Slave Trade remembers the lives of Africans who were forced into slavery in North, Central and South America."
US,2034,2034-03-25,International Day of Solidarity with Detained and Missing Staff Members,,United Nations observance,The UN’s International Day of Solidarity with Detained and Missing Staff Members is annually held on March 25.
US,2034,2034-03-29,National Vietnam War Veterans Day,,Observance,National Vietnam War Veterans Day is an US observance to honor US military members who served during the Vietnam War.
US,2034,2034-03-30,Ashura,,Muslim,Ashura is a Muslim in the USA
US,2034,2034-03-30,Doctors' Day,,Observance,Doctors' Day is a observance in the USA
US,2034,2034-03-31,International Transgender Day of Visibility,,Worldwide observance,International Transgender Day of Visibility is a worldwide observance in the USA
US,2034,2034-04-01,April Fool's Day,,Worldwide observance,"April Fool's Day, on April 1, is a day to play practical jokes and tricks."
US,2034,2034-04-02,Palm Sunday,,Christian,Palm Sunday in the United States celebrates Jesus Christ’s entry into Jerusalem. It is also the Sunday before Easter Sunday.
US,2034,2034-04-02,World Autism Awareness Day,,United Nations observance,"World Autism Awareness Day raises an awareness of issues surrounding people, particularly children, with autism worldwide."
US,2034,2034-04-03,Passover Eve,,Hebrew,Passover Eve is a Jewish holiday in the USA
US,2034,2034-04-04,Passover (first day),,Hebrew,Passover marks the Israelites' liberation from slavery and their exodus from Egypt around 3000 years ago.
US,2034,2034-04-04,United Nations' Mine Awareness Day,,United Nations observance,The United Nations' International Day for Mine Awareness and Assistance in Mine Action is annually observed on April 4.
US,2034,2034-04-05,International Day of Conscience,,United Nations observance,International Day of Conscience is a United Nations observance in the USA
US,2034,2034-04-06,International Day of Sport for Development and Peace,,United Nations observance,The International Day of Sport for Development and Peace aims to bring goodwill and positive social outcomes through sporting achievements.
US,2034,2034-04-06,Maundy Thursday,,Christian,"Maundy Thursday, which is also known as Holy Thursday, is the day before Good Friday."
US,2034,2034-04-06,National Tartan Day,,Observance,National Tartan Day is annually observed on April 6 to honor the major role that Scottish Americans played in the founding of the United States of America.
US,2034,2034-04-07,Day of Remembrance of the Victims of the Rwanda Genocide,,United Nations observance,The UN’s Day of Remembrance of the Victims of the Rwanda Genocide is observed on April 7 each year.
US,2034,2034-04-07,Good Friday,,"Local holiday, Christian",Good Friday commemorates Jesus Christ's crucifixion.
US,2034,2034-04-07,Orthodox Good Friday,,Orthodox,Many Orthodox Christians in the United States remember the events leading up to Jesus Christ's crucifixion on Great Friday.
US,2034,2034-04-07,United Nations' World Health Day,,United Nations observance,"The World Health Organization, the United Nations' the directing and coordinating authority for health, annually highlights one of its priorities for global health on World Health Day."
US,2034,2034-04-08,Holy Saturday,,Christian,Holy Saturday is the day before Easter Sunday in the United States.
US,2034,2034-04-08,Orthodox Holy Saturday,,Orthodox,Many Orthodox Christians in the United States remember Jesus Christ’s burial and his descent into Hades on Holy Saturday.
US,2034,2034-04-09,Easter Sunday,,"Observance, Christian","Easter Sunday is an important day in the Christian church calendar because it celebrates Jesus Christ's resurrection, according to Christian belief."
US,2034,2034-04-09,Orthodox Easter,,Orthodox,"Many Orthodox Christians in the United States mark Easter Sunday, also known as Pascha, as the day Jesus Christ was resurrected, according to the Christian bible."
US,2034,2034-04-10,Easter Monday,,"Observance, Christian",Easter Monday is the day after Easter Sunday. It is not a federal holiday in the United States of America (USA).
US,2034,2034-04-10,Orthodox Easter Monday,,Orthodox,Many Orthodox churches in the United States observe Easter Monday on the day after the Orthodox Easter Sunday date.
US,2034,2034-04-11,Last Day of Passover,,Hebrew,"The last day of Passover marks the end of the Passover period, which lasts for seven or eight days."
US,2034,2034-04-11,National Library Workers' Day,,Observance,"National Library Workers’ Day recognizes the efforts and achievements that librarians make to give Americans access to information via books, computers and other media."
US,2034,2034-04-12,International Day of Human Space Flight,,United Nations observance,The UN’s International Day of Human Space Flight is annually held on April 12.
US,2034,2034-04-13,Thomas Jefferson's Birthday,,Observance,Americans celebrate president Thomas Jefferson's Birthday on April 13.
US,2034,2034-04-14,World Chagas Disease Day,,United Nations observance,World Chagas Disease Day is a United Nations observance in the USA
US,2034,2034-04-15,World Art Day,,Worldwide observance,World Art Day is a worldwide observance in the USA
US,2034,2034-04-17,Boston Marathon,,Sporting event,Boston Marathon is one of the world's oldest yearly marathon. It is held annually on Patriot's Day in the month of April.
US,2034,2034-04-17,Yom HaShoah,,Hebrew,Many people in the United States observe Yom Hashoah by remembering Holocaust victims who died during World War II.
US,2034,2034-04-18,International Day for Monuments and Sites,,Worldwide observance,The International Day for Monuments and Sites raises awareness on preserving and conserving historical and archeological heritage sites.
US,2034,2034-04-18,Tax Day,,Observance,Tax Day is the deadline for United States residents to file details of their income to the Internal Revenue Service (IRS) so that their liability for income tax can be assessed.
US,2034,2034-04-20,Chinese Language Day,,United Nations observance,Chinese Language Day is a United Nations observance that celebrates one of the organization’s 6 official languages – Chinese.
US,2034,2034-04-21,World Creativity and Innovation Day,,United Nations observance,World Creativity and Innovation Day is a United Nations observance in the USA
US,2034,2034-04-22,Earth Day,,United Nations observance,The United Nations' International Mother Earth Day promotes environmental awareness and calls for the protection of our planet.
US,2034,2034-04-23,English Language Day,,United Nations observance,"English Language Day promotes the history, culture and accomplishments of the English language."
US,2034,2034-04-23,World Book and Copyright Day,,United Nations observance,World Book and Copyright Day is an occasion to celebrate the contribution of books and authors to our global culture and the connection between copyright and books.
US,2034,2034-04-23,World Spanish Language Day,,United Nations observance,World Spanish Language Day is a United Nations observance in the USA
US,2034,2034-04-24,International Day of Multilateralism and Diplomacy for Peace,,United Nations observance,International Day of Multilateralism and Diplomacy for Peace is a United Nations observance in the USA
US,2034,2034-04-25,International Delegate's Day,,United Nations observance,International Delegate's Day is a United Nations observance in the USA
US,2034,2034-04-25,World Malaria Day,,United Nations observance,World Malaria Day is annually observed on April 25 to promote efforts that provide effective control of malaria worldwide.
US,2034,2034-04-25,Yom Ha'atzmaut,,Hebrew,"Many Jewish communities in the United States celebrate Yom Ha’Atzmaut, which is Israel’s Independence Day, on the fifth day of the month of Iyar in the Jewish calendar."
US,2034,2034-04-26,Administrative Professionals Day,,Observance,Administrative Professionals Day® is on the Wednesday of the last full week of April. It remembers the important role of administrative professionals.
US,2034,2034-04-26,International Chernobyl Disaster Remembrance Day,,United Nations observance,International Chernobyl Disaster Remembrance Day is a UN holiday designed to raise awareness of the consequences of the 1986 nuclear accident.
US,2034,2034-04-26,World Intellectual Property Day,,United Nations observance,World Intellectual Property Day is annually held on April 26 to increase awareness and understanding of intellectual property worldwide.
US,2034,2034-04-27,International Girls in ICT Day,,United Nations observance,International Girls in ICT Day is a United Nations observance in the USA
US,2034,2034-04-27,Take our Daughters and Sons to Work Day,,Observance,Take our Daughters and Sons to Work Day is a observance in the USA
US,2034,2034-04-28,World Day for Safety and Health at Work,,United Nations observance,The World Day for Safety and Health at Work is observed on April 28 each year.
US,2034,2034-04-30,International Jazz Day,,United Nations observance,"International Jazz Day recognizes the historical, cultural, and educational contribution of jazz."
US,2034,2034-05-01,First Day of Asian Pacific American Heritage Month,,Observance,First Day of Asian Pacific American Heritage Month is a annual monthly observance in the USA
US,2034,2034-05-01,First Day of Jewish American Heritage Month,,Observance,First Day of Jewish American Heritage Month is a annual monthly observance in the USA
US,2034,2034-05-01,First Day of Military Appreciation Month,,Observance,First Day of Military Appreciation Month is a annual monthly observance in the USA
US,2034,2034-05-01,Law Day,,Observance,Law Day in the United States is annually held on May 1.
US,2034,2034-05-01,Loyalty Day,,Observance,Loyalty Day is a special day for people to reaffirm their loyalty to the United States and to recognize the heritage of American freedom.
US,2034,2034-05-02,National Teacher Appreciation Day,,Observance,National Teacher Appreciation Day is a observance in the USA
US,2034,2034-05-02,World Tuna Day,,United Nations observance,World Tuna Day is a UN holiday designed to raise awareness of the global importance of tuna.
US,2034,2034-05-03,World Press Freedom Day,,United Nations observance,World Press Freedom Day focuses on the importance of the freedom of the press and freedom of expression.
US,2034,2034-05-04,National Day of Prayer,,Observance,"National Day of Prayer is held on the first Thursday of May each year, inviting Americans of all faiths to pray for the country and its leaders."
US,2034,2034-05-05,Cinco de Mayo,,Observance,"'Cinco de Mayo' means ""Fifth of May"" in Spanish and is a festival of Mexican pride and heritage."
US,2034,2034-05-05,Kentucky Oaks,,Sporting event,The Kentucky Oaks is a rade 1 Stakes horse race held annually on the Friday before the Kentucky Derby in May.
US,2034,2034-05-05,World Portuguese Language Day,,United Nations observance,World Portuguese Language Day is a United Nations observance in the USA
US,2034,2034-05-06,Kentucky Derby,,Sporting event,"Kentucky Derby is a Grade I Stakes horse race held annually in Louisville, Kentucky in May."
US,2034,2034-05-06,National Explosive Ordnance Disposal (EOD) Day,,Observance,National Explosive Ordnance Disposal (EOD) Day is an occasion to remember those serving the profession of explosive ordnance disposal in the United States Armed Forces.
US,2034,2034-05-06,National Nurses Day,,Observance,National Nurses Day is an occasion to honor the work of nurses.
US,2034,2034-05-07,International Family Equality Day,,Worldwide observance,International Family Equality Day is a worldwide observance in the USA
US,2034,2034-05-07,Lag BaOmer,,Hebrew,Many Jewish Americans observe Lag B’Omer on the 18th day of the month of Iyar in the Jewish calendar.
US,2034,2034-05-08,Time of Remembrance and Reconciliation for Those Who Lost Their Lives during the Second World War,,United Nations observance,"The United Nations’ (UN) Time of Remembrance and Reconciliation for Those Who Lost Their Lives during the Second World War is annually held over two days, from May 8-9."
US,2034,2034-05-08,Victory in Europe Day,,Observance,Victory in Europe Day is a observance in the USA
US,2034,2034-05-08,World Ovarian Cancer Day,,Worldwide observance,World Ovarian Cancer Day aims to spread global awareness about ovarian cancer.
US,2034,2034-05-08,World Red Cross and Red Crescent Day,,Worldwide observance,World Red Cross and Red Crescent Day is a worldwide observance in the USA
US,2034,2034-05-10,International Day of Argania,,United Nations observance,International Day of Argania is a United Nations observance in the USA
US,2034,2034-05-12,International Nurses Day,,Worldwide observance,International Nurses Day focuses on the critical contribution of nurses around the world in maintaining public health.
US,2034,2034-05-12,Military Spouse Appreciation Day,,Observance,Appreciate and thank all the military spouses and partners you know on Military Spouse Appreciation Day.
US,2034,2034-05-13,World Migratory Bird Day,,United Nations observance,World Migratory Bird Day is observed the second weekend of May every year.
US,2034,2034-05-14,Mother's Day,,Observance,Mother's Day celebrates the role of mothers and mother figures.
US,2034,2034-05-15,International Day of Families,,United Nations observance,"The International Day of Families is an occasion to celebrate the importance of families to people, societies and cultures around the world."
US,2034,2034-05-15,Peace Officers Memorial Day,,Observance,"Peace Officers Memorial Day is held annually in the United States on May 15 in honor of federal, state and local officers killed or disabled in the line of duty."
US,2034,2034-05-16,International Day of Light,,United Nations observance,International Day of Light is a United Nations observance in the USA
US,2034,2034-05-16,International Day of Living Together in Peace,,United Nations observance,International Day of Living Together in Peace is a United Nations observance in the USA
US,2034,2034-05-17,World Telecommunication and Information Society Day,,United Nations observance,World Information Society Day is celebrated each year to raise awareness of how information and communication can be beneficial for societies and economies.
US,2034,2034-05-18,Ascension Day,,Christian,Ascension Day is the 40th day of Easter and commemorates the ascension of Jesus Christ into heaven.
US,2034,2034-05-19,National Defense Transportation Day,,Observance,National Defense Transportation Day occurs annually in the United States on the third Friday of May.
US,2034,2034-05-20,Armed Forces Day,,Observance,Armed Forces Day is a national observance in the United States on the third Saturday of May each year.
US,2034,2034-05-20,Preakness Stakes,,Sporting event,The Preakness Stakes is the second event in the Triple Crown and is annually held two weeks after the Kentucky Derby.
US,2034,2034-05-20,World Autoimmune / Autoinflammatory Arthritis Day,,Worldwide observance,World Autoimmune / Autoinflammatory Arthritis Day is a worldwide observance in the USA
US,2034,2034-05-20,World Bee Day,,United Nations observance,World Bee Day is a United Nations observance in the USA
US,2034,2034-05-21,International Tea Day,,United Nations observance,International Tea Day is a United Nations observance in the USA
US,2034,2034-05-21,World Day for Cultural Diversity for Dialogue and Development,,United Nations observance,"The World Day for Cultural Diversity for Dialogue and Development, held on May 21, is an occasion for people to deepen their understanding of cultural diversity."
US,2034,2034-05-22,International Day for Biological Diversity,,United Nations observance,The International Day for Biological Diversity is an occasion to increase the global understanding and awareness of issues and challenges around biodiversity.
US,2034,2034-05-22,National Maritime Day,,Observance,"National Maritime Day is annually observed in the United States on May 22. It is a time to observe its maritime heritage, to honor those who served as merchant mariners, and to recognize the benefits of the maritime industry."
US,2034,2034-05-23,International Day to End Obstetric Fistula,,United Nations observance,The International Day to End Obstetric Fistula raises awareness of fistula and calls for support to tackle the problem.
US,2034,2034-05-24,Emergency Medical Services for Children Day,,Observance,"Emergency Medical Services for Children (EMSC) Day is observed on the Wednesday of Emergency Medical Services (EMS) Week, May 19–25, in the United States."
US,2034,2034-05-24,Shavuot,,Hebrew,"Shavuot, also known as the Festival of Weeks, is one of three major Jewish festivals."
US,2034,2034-05-25,African Liberation Day,,Worldwide observance,African Liberation Day celebrates African nations' hard-fought freedom from European colonial powers.
US,2034,2034-05-25,National Missing Children's Day,,Observance,National Missing Children's Day is an observation dedicated to addressing the problem of child abduction.
US,2034,2034-05-28,Pentecost,,Christian,"Many Christians in the United States observe Pentecost, also known as Whitsunday or Whit Sunday."
US,2034,2034-05-29,International Day of United Nations Peacekeepers,,United Nations observance,The International Day of United Nations Peacekeepers is an occasion to pay tribute to people who served in United Nations (UN) peacekeeping operations.
US,2034,2034-05-29,Memorial Day,,National holiday,Memorial Day commemorates all Americans who have died in military service for the United States.
US,2034,2034-05-29,Whit Monday,,Christian,"Many Christians in the United States will observe Whit Monday, or Pentecost Monday. It is the day after Pentecost, which is also known as Whit Sunday or Whitsunday."
US,2034,2034-05-30,The Prophet's Birthday,,Muslim,Eid Milad ul-Nabi (Mawlid or Milad-un-Nabi) commemorates the Prophet Muhammed's birthday.
US,2034,2034-05-31,World No Tobacco Day,,United Nations observance,World No Tobacco Day draws attention to the health problems caused by tobacco use.
US,2034,2034-06-01,First Day of Caribbean-American Heritage Month,,Observance,First Day of Caribbean-American Heritage Month is a annual monthly observance in the USA
US,2034,2034-06-01,First Day of Pride Month,,Observance,First Day of Pride Month is a annual monthly observance in the USA
US,2034,2034-06-01,Global Day of Parents,,United Nations observance,Global Day of Parents appreciates the role of a parent in nurturing and fostering growth for their children.
US,2034,2034-06-03,World Bicycle Day,,United Nations observance,World Bicycle Day is a United Nations observance in the USA
US,2034,2034-06-04,International Day of Innocent Children Victims of Aggression,,United Nations observance,The United Nations' (UN) International Day of Innocent Children Victims of Aggression is observed on June 4 each year.
US,2034,2034-06-04,Trinity Sunday,,Christian,Trinity Sunday is the first Sunday after Pentecost and is celebrated by many Christians in the United States.
US,2034,2034-06-05,"International Day for the Fight against Illegal, Unreported and Unregulated Fishing",,United Nations observance,"International Day for the Fight against Illegal, Unreported and Unregulated Fishing is a United Nations observance in the USA"
US,2034,2034-06-05,World Environment Day,,United Nations observance,World Environment Day is held each year on June 5. It is one of the principal vehicles through which the United Nations (UN) stimulates worldwide awareness of the environment and enhances political attention and action.
US,2034,2034-06-06,D-Day,,Observance,"D-Day is a special anniversary in some countries, including the United States (U.S.), to remember Allied forces’ invasion of Normandy, France, in the Second World War."
US,2034,2034-06-06,Day of the Russian Language,,United Nations observance,Day of the Russian Language is a United Nations observance in the USA
US,2034,2034-06-07,World Food Safety Day,,United Nations observance,World Food Safety Day is a United Nations observance in the USA
US,2034,2034-06-08,Corpus Christi,,Christian,Corpus Christi is observed in honor of the Holy Eucharist.
US,2034,2034-06-08,World Oceans Day,,United Nations observance,World Oceans Day is annually observed on June 8 to raise awareness of the challenges humanity faces to protect the world's oceans.
US,2034,2034-06-10,Belmont Stakes,,Sporting event,The Belmont Stakes is the third and final horse race of the Triple Crown. It is run annually five weeks after the Kentucky Derby.
US,2034,2034-06-12,Loving Day,,Observance,Loving Day is a observance in the USA
US,2034,2034-06-12,World Day Against Child Labour,,United Nations observance,Poverty and injustice against widows is a world-wide problem addressed by International Widows' Day.
US,2034,2034-06-13,International Albinism Awareness Day,,United Nations observance,International Albinism Awareness Day aims to stop the persecution and murders of people with albinism.
US,2034,2034-06-14,Army Birthday,,Observance,Army Birthday is a observance in the USA
US,2034,2034-06-14,Flag Day,,Observance,Flag Day is annually held on June 14 to honor the United States flag.
US,2034,2034-06-14,World Blood Donor Day,,United Nations observance,On World Blood Donor Day numerous events are held worldwide to raise awareness about the importance of safe blood supplies.
US,2034,2034-06-15,World Elder Abuse Awareness Day,,United Nations observance,"World Elder Abuse Awareness Day attempts to shine a light on the problem of physical, emotional, and financial abuse of elders."
US,2034,2034-06-16,International Day of Family Remittances,,United Nations observance,The UN estimates that family remittances worth over 500 billion US$ are transferred worldwide every year.
US,2034,2034-06-17,World Day to Combat Desertification and Drought,,United Nations observance,The United Nations' World Day to Combat Desertification and Drought is observed worldwide on June 17 each year.
US,2034,2034-06-18,Father's Day,,Observance,Father's Day celebrates the contribution that fathers and father figures make to the lives of their children.
US,2034,2034-06-18,Sustainable Gastronomy Day,,United Nations observance,Sustainable Gastronomy Day is a United Nations observance in the USA
US,2034,2034-06-19,International Day for the Elimination of Sexual Violence in Conflict,,United Nations observance,International Day for the Elimination of Sexual Violence in Conflict is a UN day aiming to rid the world of conflict-related sexual violence.
US,2034,2034-06-19,Juneteenth,,National holiday,"Juneteenth, also known as Freedom Day and Emancipation Day, is a holiday or observance in many US states to celebrate the anniversary of the abolition of slavery in Texas on June 19, 1865."
US,2034,2034-06-20,American Eagle Day,,Observance,"Observed annually on June 20 in 47 American states, American Eagle Day is an unofficial holiday that celebrates the removal of the American Bald Eagle from a list of ""endangered species""."
US,2034,2034-06-20,World Refugee Day,,United Nations observance,"The United Nations' World Refugee Day honors refugees' courage, strength and determination."
US,2034,2034-06-21,International Day of Yoga,,United Nations observance,The International Day of Yoga is a UN-day that aims to raise awareness worldwide of the many benefits of practicing yoga.
US,2034,2034-06-21,International Day of the Celebration of the Solstice,,United Nations observance,International Day of the Celebration of the Solstice is a United Nations observance in the USA
US,2034,2034-06-23,International Widows' Day,,United Nations observance,Poverty and injustice against widows is a world-wide problem addressed by International Widows' Day.
US,2034,2034-06-23,Public Service Day,,United Nations observance,The United Nations’ Public Service Day celebrates the idea that democracy and successful governance depend on a competent civil service.
US,2034,2034-06-25,Day of the Seafarer,,United Nations observance,"The Day of the Seafarer aims to acknowledge the social, and economic contribution of the millions of seafarers around the world."
US,2034,2034-06-26,International Day Against Drug Abuse and Illicit Trafficking,,United Nations observance,The United Nations’ (UN) International Day Against Drug Abuse and Illicit Trafficking raise awareness about the dangers of illicit drugs.
US,2034,2034-06-26,International Day in Support of Victims of Torture,,United Nations observance,The United Nations’ (UN) International Day in Support of Victims of Torture is annually observed on June 26 to remind people that human torture is not only unacceptable – it is also a crime.
US,2034,2034-06-27,"Micro-, Small and Medium-sized Enterprises Day",,United Nations observance,"Micro-, Small and Medium-sized Enterprises Day is a United Nations observance in the USA"
US,2034,2034-06-29,International Day of the Tropics,,United Nations observance,International Day of the Tropics is a United Nations observance in the USA
US,2034,2034-06-30,International Asteroid Day,,United Nations observance,The United Nations established International Asteroid Day to raise public awareness of the asteroid impact hazard.
US,2034,2034-06-30,International Day of Parliamentarism,,United Nations observance,International Day of Parliamentarism is a United Nations observance in the USA
US,2034,2034-07-01,International Day of Cooperatives,,United Nations observance,"The United Nations' (UN) International Day of Cooperatives recognizes and reaffirms the role of cooperatives in economic, social and cultural development and in the achievement of social policy objectives."
US,2034,2034-07-04,Independence Day,,National holiday,"On Independence Day, Americans celebrate the anniversary of publication of the Declaration of Independence from Great Britain in 1776."
US,2034,2034-07-11,World Population Day,,United Nations observance,The United Nations' (UN) World Population Day reaffirms the human right to plan for a family.
US,2034,2034-07-14,Bastille Day,,Observance,Bastille Day is a observance in the USA
US,2034,2034-07-15,World Youth Skills Day,,United Nations observance,Acquiring skills enhances youths' ability to make informed choices and empowers them to gain access to changing labor markets.
US,2034,2034-07-16,Rural Transit Day,,Observance,Rural Transit Day is a observance in the USA
US,2034,2034-07-18,Nelson Mandela Day,,United Nations observance,Nelson Mandela International Day is annually observed on July 18 to recognize the former South African president’s contribution to peace and freedom.
US,2034,2034-07-20,World Chess Day,,United Nations observance,World Chess Day is a United Nations observance in the USA
US,2034,2034-07-23,Parents' Day,,Observance,Parents’ Day is celebrated in the United States on the fourth Sunday of July each year to recognize and promote parenting as a crucial part of families and the wider community.
US,2034,2034-07-25,Tisha B'Av,,Hebrew,Tisha B’Av is on the ninth day of the month of Av in the Jewish calendar.
US,2034,2034-07-25,World Drowning Prevention Day,,United Nations observance,World Drowning Prevention Day is a United Nations observance in the USA
US,2034,2034-07-27,National Korean War Veterans Armistice Day,,Observance,National Korean War Veterans Armistice Day is a observance in the USA
US,2034,2034-07-28,World Hepatitis Day,,United Nations observance,World Hepatitis Day is observed on July 28 every year to raise awareness of hepatitis and encourage prevention and treatment.
US,2034,2034-07-30,International Day of Friendship,,United Nations observance,The International Day of Friendship is annually held on July 30 to celebrate friendships worldwide.
US,2034,2034-07-30,World Day Against Trafficking in Persons,,United Nations observance,July 30 is the UN World Day Against Trafficking in Persons
US,2034,2034-08-04,Barack Obama Day,,Observance,Barack Obama Day is a observance in the USA
US,2034,2034-08-04,Coast Guard Birthday,,Observance,Coast Guard Birthday is a observance in the USA
US,2034,2034-08-07,Purple Heart Day,,Observance,Purple Heart Day on August 7 commemorates the day in 1782 when General George Washington created the Purple Heart Medal – a military decoration that is awarded to those wounded or killed while serving in the United States Armed Forces.
US,2034,2034-08-09,International Day of the World's Indigenous People,,United Nations observance,The United Nations’ (UN) International Day of the World's Indigenous People is observed on August 9 each year to promote and protect the rights of the world’s indigenous peoples.
US,2034,2034-08-12,International Youth Day,,United Nations observance,The United Nations’ (UN) International Youth Day is annually held on August 12 to celebrate the achievements of the world’s youth and to encourage their participation in enhancing society.
US,2034,2034-08-15,Assumption of Mary,,Christian,Assumption Day is a Christian observance in the United States that is held annually on August 15. Catholics observe the Dormition (falling asleep) or the day that the Blessed Virgin Mary was received into heaven.
US,2034,2034-08-19,National Aviation Day,,Observance,National Aviation Day is observed in the United States on August 19 each year to celebrate the history and development of the aviation.
US,2034,2034-08-19,World Humanitarian Day,,United Nations observance,The United Nations’(UN) World Humanitarian Day focuses on increasing public awareness about humanitarian service worldwide and is annually observed on August 19.
US,2034,2034-08-20,National Senior Citizens Day,,Observance,National Senior Citizens Day is an observance on the third Sunday of August to honor the contributions of senior citizens in the United States.
US,2034,2034-08-21,International Day of Remembrance of and Tribute to the Victims of Terrorism,,United Nations observance,International Day of Remembrance of and Tribute to the Victims of Terrorism is a United Nations observance in the USA
US,2034,2034-08-22,International Day Commemorating the Victims of Acts of Violence Based on Religion or Belief,,United Nations observance,International Day Commemorating the Victims of Acts of Violence Based on Religion or Belief is a United Nations observance in the USA
US,2034,2034-08-23,International Day for the Remembrance of the Slave Trade and its Abolition,,United Nations observance,The United Nations’ (UN) International Day for the Remembrance of the Slave Trade and its Abolition is held on August 23 each year to remind people of the tragedy of the transatlantic slave trade.
US,2034,2034-08-26,Women's Equality Day,,Observance,Women's Equality Day on August 26 is an annual observance that commemorates the anniversary of the first time voting rights were extended to women in the United States.
US,2034,2034-08-29,International Day against Nuclear Tests,,United Nations observance,The United Nations’ (UN) International Day against Nuclear Tests is annually observed on August 29. The day raises awareness of the dangers of nuclear weapons and a closer approach to eliminating the use of those weapons.
US,2034,2034-08-30,International Day of the Victims of Enforced Disappearances,,United Nations observance,The International Day of the Victims of Enforced Disappearances is annually observed on August 30.
US,2034,2034-08-31,International Day for People of African Descent,,United Nations observance,International Day for People of African Descent is a United Nations observance in the USA
US,2034,2034-08-31,International Overdose Awareness Day,,Worldwide observance, International Overdose Awareness Day is an annual observation which aims to raise global awareness of about the impact of drug overdose on families and communities. The campaign also attempts to remove the stigma associated with overdose.
US,2034,2034-09-04,Labor Day,,National holiday,Labor Day is a federal holiday in the United States. It gives workers a day of rest and it celebrates their contribution to the American economy.
US,2034,2034-09-04,World Sexual Health Day,,Worldwide observance, World Sexual Health Day is an annual awareness day that attempts to break down social and cultural taboos associated with sexuality and to promote sexual health around the world.
US,2034,2034-09-05,International Day of Charity,,United Nations observance,The International Day of Charity raises public awareness of what charities do to help minimize poverty.
US,2034,2034-09-07,International Day of Clean Air for Blue Skies,,United Nations observance,International Day of Clean Air for Blue Skies is a United Nations observance in the USA
US,2034,2034-09-07,Still's Disease Awareness Day,,Worldwide observance,Still's Disease Awareness Day is a worldwide observance in the USA
US,2034,2034-09-08,International Literacy Day,,United Nations observance,The United Nations' (UN) International Literacy Day is held on September 8 each year.
US,2034,2034-09-09,Carl Garner Federal Lands Cleanup Day,,Observance,Carl Garner Federal Lands Cleanup Day encourages people in the United States to participate in cleaning up the federal lands. It is observed on the first Saturday after Labor Day.
US,2034,2034-09-09,International Day to Protect Education from Attack,,United Nations observance,International Day to Protect Education from Attack is a United Nations observance in the USA
US,2034,2034-09-10,National Grandparents Day,,Observance,National Grandparents Day is celebrated on the first Sunday of September after Labor Day in the United States.
US,2034,2034-09-10,World Suicide Prevention Day,,Worldwide observance,World Suicide Prevention Day promotes worldwide action to prevent suicides on September 10 each year.
US,2034,2034-09-11,Patriot Day,,Observance,"Patriot Day is held in memory of nearly 3000 people who died during terrorist attacks in New York, Washington DC and Shanksville, Pennsylvania, in the United States."
US,2034,2034-09-12,International Day for South-South Cooperation,,United Nations observance,The United Nations Day for South-South Cooperation is observed on September 12 each year.
US,2034,2034-09-13,International Programmers' Day,,Worldwide observance,"Many people celebrate International Programmers’ Day on January 7, while others observe this event on the 256th day of the year, usually on September 13 or on September 12 in leap years."
US,2034,2034-09-14,Rosh Hashana,,Hebrew,Rosh Hashanah is the Jewish New Year. Many Jewish-run organizations in the US are closed during the two-day celebration.
US,2034,2034-09-15,First Day of National Hispanic Heritage Month,,Observance,First Day of National Hispanic Heritage Month is a annual monthly observance in the USA
US,2034,2034-09-15,International Day of Democracy,,United Nations observance,The United Nations’ (UN) International Day of Democracy is observed on September 15 each year.
US,2034,2034-09-15,National POW/MIA Recognition Day,,Observance,National POW/MIA Recognition Day is annually observed in the United States on the third Friday of September.
US,2034,2034-09-16,International Day for the Preservation of the Ozone Layer,,United Nations observance,The United Nations' (UN) International Day for the Preservation of the Ozone Layer focuses on the importance of protecting human health and the environment.
US,2034,2034-09-17,Constitution Day and Citizenship Day,,Observance,Constitution Day and Citizenship Day is a combined event that occurs in the United States on September 17 each year.
US,2034,2034-09-17,World Patient Safety Day,,United Nations observance,World Patient Safety Day is a United Nations observance in the USA
US,2034,2034-09-18,Air Force Birthday,,Observance,Air Force Birthday is a observance in the USA
US,2034,2034-09-18,Constitution Day and Citizenship Day observed,,Observance,Constitution Day and Citizenship Day is a combined event that occurs in the United States on September 17 each year.
US,2034,2034-09-18,International Equal Pay Day,,United Nations observance,International Equal Pay Day is a United Nations observance in the USA
US,2034,2034-09-21,International Day of Peace,,United Nations observance,"The United Nations' (UN) International Day of Peace is annually held on September 21 to recognize the efforts of individuals, organizations and governments to end conflict and promote peace."
US,2034,2034-09-23,International Celebrate Bisexuality Day,,Worldwide observance,"International Celebrate Bisexuality Day, also known as Bi Visibility Day, promotes the rights of bisexual people around the world."
US,2034,2034-09-23,International Day of Sign Languages,,United Nations observance,International Day of Sign Languages is a United Nations observance in the USA
US,2034,2034-09-23,National Public Lands Day,,Observance,National Public Lands Day is a observance in the USA
US,2034,2034-09-23,Yom Kippur,,Hebrew,Yom Kippur is an important Jewish holiday that falls on the 10th day of the month of Tishrei in the Jewish calendar.
US,2034,2034-09-24,Gold Star Mother's Day,,Observance,Gold Star Mother’s Day is annually observed in the United States on the last Sunday of September.
US,2034,2034-09-26,International Day for the Total Elimination of Nuclear Weapons,,United Nations observance,The International Day for the Total Elimination of Nuclear Weapons raises awareness about the dangers of nuclear weapons.
US,2034,2034-09-27,World Tourism Day,,United Nations observance,The United Nations’ (UN) World Tourism Day is annually held on September 27 to raise awareness on the benefits of tourism.
US,2034,2034-09-28,First Day of Sukkot,,Hebrew,"The first day of Sukkot marks the start of the Sukkot festival for Jewish communities in many countries, including the United States."
US,2034,2034-09-28,International Day for Universal Access to Information,,United Nations observance,International Day for Universal Access to Information is a United Nations observance in the USA
US,2034,2034-09-28,World Maritime Day,,United Nations observance,"World Maritime Day is held on the last week of September each year, although the exact date is up to individual governments around the world."
US,2034,2034-09-28,World Rabies Day,,Worldwide observance,World Rabies Day is annually observed on September 28 to raise awareness about rabies and how it can be prevented.
US,2034,2034-09-29,International Day of Awareness of Food Loss and Waste,,United Nations observance,International Day of Awareness of Food Loss and Waste is a United Nations observance in the USA
US,2034,2034-09-29,World Heart Day,,Worldwide observance,World Heart Day raises awareness of cardiovascular diseases and ways to reduce their risk.
US,2034,2034-09-30,International Translation Day,,United Nations observance,International Translation Day is a United Nations observance in the USA
US,2034,2034-10-01,International Day of Older Persons,,United Nations observance,The United Nations' (UN) International Day of Older Persons is celebrated on October 1 each year as a special day for older persons worldwide.
US,2034,2034-10-01,World Vegetarian Day,,Worldwide observance,"World Vegetarian Day is an annual observation that spreads awareness about the health, environmental, and ethical benefits of following a vegetarian lifestyle. The unofficial holiday encourages people to avoid eating foods that include animal products and to adopt a plant-based diet."
US,2034,2034-10-02,Child Health Day,,Observance,Child Health Day is annually celebrated in the United States on the first Monday of October.
US,2034,2034-10-02,International Day of Non-Violence,,United Nations observance,The United Nations’ (UN) International Day of Non-Violence is a globally observed on October 2 each year to promote non-violence.
US,2034,2034-10-02,World Habitat Day,,United Nations observance,The United Nations’ (UN) World Habitat Day reflects on the state of human settlements and people’s right to sufficient shelter.
US,2034,2034-10-04,Feast of St Francis of Assisi,,Christian,"Many Catholics in the United States, particularly those with pets, celebrate the Feast of St Francis of Assisi, the patron saint of animals and the environment, on October 4 each year."
US,2034,2034-10-04,Last Day of Sukkot,,Hebrew,"Many Jewish communities in countries such as the United States observe the last day of Sukkot, which marks the end of the Sukkot festival."
US,2034,2034-10-05,Shmini Atzeret,,Hebrew,"Shemini Atzeret (or Shmini Atzeret) is a Jewish holiday dedicated to the love of God, while Simchat Torah (Simchas Torah or Simhat Torah) marks the end of Sukkot and celebrates the completion of the annual reading of the Torah."
US,2034,2034-10-05,World Teachers' Day,,United Nations observance,The United Nations' (UN) World Teachers' Day commemorates the work of teachers and their contributions to society. It is observed on October 5 each year.
US,2034,2034-10-06,German American Day,,Observance,German American Day is a observance in the USA
US,2034,2034-10-06,Simchat Torah,,Hebrew,Simchat Torah (Simchas Torah or Simhat Torah) is a Jewish holiday that marks the end of Sukkot and celebrates the completion of the annual reading of the Torah.
US,2034,2034-10-06,World Cerebral Palsy Day,,Worldwide observance,"World Cerebral Palsy Day is an annual awareness observation that brings together people with cerebral palsy, their families and loved ones, and organizations working to ensure equal rights for them."
US,2034,2034-10-09,Columbus Day,,National holiday,Columbus Day celebrates 15th century explorer Christopher Columbus's arrival in America in 1492.
US,2034,2034-10-09,Leif Erikson Day,,Observance,Leif Erikson Day honors the first Scandinavian known to have set foot on American soil and the contribution of the Nordic peoples to the United States.
US,2034,2034-10-09,World Post Day,,United Nations observance,World Post Day marks the anniversary of the Universal Postal Union's establishment in 1874. It is held on October 9 each year.
US,2034,2034-10-10,Isra and Mi'raj,,Muslim,"Isra and Mi'raj (Isra Me'raj, Israa and Mi'raaj, Laylat Al-Isra wa Al-Miraj, Lailat al Miraj, Night Journey and Ascension to Heaven) marks the night when the Prophet Mohammad traveled from Mecca to Jerusalem, ascended to heaven and returned."
US,2034,2034-10-10,World Mental Health Day,,United Nations observance,"World Mental Health Day, which is supported by the United Nations (UN), is annually held on October 10 to raise public awareness about mental health issues worldwide."
US,2034,2034-10-11,International Day for Natural Disaster Reduction,,United Nations observance,The United Nations’ (UN) International Day for Natural Disaster Reduction is annually observed on the second Wednesday of October to promote a global culture of natural disaster risk reduction.
US,2034,2034-10-11,International Day of the Girl Child,,United Nations observance,The International Day of the Girl Child is a United Nations (UN) observance on October 11 each year.
US,2034,2034-10-12,World Sight Day,,Worldwide observance,World Sight Day is annually held on the second Thursday of October to raise awareness about blindness and vision impairment.
US,2034,2034-10-13,Friday the 13th,,Worldwide observance,Friday the 13th is a day full of superstitious beliefs in communities worldwide.
US,2034,2034-10-13,Navy Birthday,,Observance,"Navy Birthday celebrates the establishment of the United States Navy on October 13, 1775."
US,2034,2034-10-14,World Migratory Bird Day,,United Nations observance,World Migratory Bird Day is observed the second weekend of May every year.
US,2034,2034-10-15,International Day of Rural Women,,United Nations observance,The United Nations’ (UN) International Day of Rural Women is annually celebrated on October 15 to recognize rural women’s role in supporting their communities.
US,2034,2034-10-15,White Cane Safety Day,,Observance,White Cane Safety Day is a United States observance annually held on October 15 to celebrate blind and visually impaired people's achievements and the importance of the white cane.
US,2034,2034-10-16,Boss's Day,,Observance,"Boss’s Day is observed in many workplaces in the United States on October 16, or the nearest working day, each year."
US,2034,2034-10-16,World Food Day,,United Nations observance,World Food Day is celebrated on October 16 each year.
US,2034,2034-10-17,International Day for the Eradication of Poverty,,United Nations observance,The United Nations’ (UN) International Day for the Eradication of Poverty is annually observed on October 17 to promote awareness of the need to eradicate poverty worldwide.
US,2034,2034-10-21,Sweetest Day,,Observance,Sweetest Day is a observance in the USA
US,2034,2034-10-24,United Nations Day,,United Nations observance,United Nations Day marks the anniversary of the United Nations Charter coming into force in 1945 and celebrates the work of this organization. United Nations Day annually falls on October 24.
US,2034,2034-10-24,World Development Information Day,,United Nations observance,The United Nations' (UN) World Development Information Day falls on October 24 each year.
US,2034,2034-10-27,World Day for Audiovisual Heritage,,United Nations observance,The World Day for Audiovisual Heritage is observed on October 27 every year.
US,2034,2034-10-29,World Stroke Day,,Worldwide observance,World Stroke Day is annually held on October 29 to raise awareness about stroke and ways to combat it.
US,2034,2034-10-31,Halloween,,Observance,"Halloween is celebrated by hosting costume parties, playing 'trick-or-treat', watching horror films, visiting haunted houses or carving lanterns out of pumpkins."
US,2034,2034-10-31,World Cities Day,,United Nations observance,World Cities Day is a UN observance that aims to recognize the role of cities as  a foundation for social and economic development.
US,2034,2034-11-01,All Saints' Day,,Christian,"Many Catholics honor all the saints on All Saints' Day, also known as All Hallows' Day, in the United States."
US,2034,2034-11-01,First Day of Native American Heritage Month,,Observance,First Day of Native American Heritage Month is a annual monthly observance in the USA
US,2034,2034-11-01,World Vegan Day,,Worldwide observance,World Vegan Day is an annual observation that brings together vegans around the world to bring attention to animal rights and to spread the word about the health advantages of following a vegan diet.
US,2034,2034-11-02,All Souls' Day,,Christian,"Prayers for the dead are made on All Souls’ Day in the United States, which falls on November 2 each year. The Day of the Dead is also celebrated on this day."
US,2034,2034-11-02,International Day to End Impunity for Crimes against Journalists,,United Nations observance,The International Day to End Impunity for Crimes against Journalists raises awareness about violence against journalists.
US,2034,2034-11-05,New York City Marathon,,Sporting event,The New York City Marathon is one of the world's largest marathons and takes place every year in November.
US,2034,2034-11-05,World Tsunami Awareness Day,,United Nations observance,World Tsunami Awareness Day is a United Nations observance in the USA
US,2034,2034-11-06,International Day for Preventing the Exploitation of the Environment in War and Armed Conflict,,United Nations observance,The United Nations’ (UN) International Day for Preventing the Exploitation of the Environment in War and Armed Conflict is held on November 6 each year.
US,2034,2034-11-07,Election Day,,Observance,Election Day in the United States of America is the day on which popular ballots are held to select public officials.
US,2034,2034-11-10,Marine Corps Birthday,,Observance,"Marine Corps Birthday celebrates the establishment of the United States Marine Corps on November 10, 1775."
US,2034,2034-11-10,Veterans Day (substitute),,National holiday,Veterans Day in the USA is a holiday to honor all who have served in the United States Military Services.
US,2034,2034-11-10,World Science Day for Peace and Development,,United Nations observance,The World Science Day for Peace and Development (WSDPD) is celebrated on November 10 each year.
US,2034,2034-11-11,Singles’ Day,,Worldwide observance,
US,2034,2034-11-11,Veterans Day,,National holiday,Veterans Day in the USA is a holiday to honor all who have served in the United States Military Services.
US,2034,2034-11-12,Ramadan Starts,,Muslim,"Many Muslims in the United States fast in the hours of daylight during Ramadan, the ninth month in the Islamic calendar."
US,2034,2034-11-12,World Pneumonia Day,,Worldwide observance,"World Pneumonia Day supports all efforts made to protect and treat people against pneumonia, the single largest cause of child deaths worldwide."
US,2034,2034-11-14,World Diabetes Day,,United Nations observance,World Diabetes Day is held annually to raise awareness of diabetes and its complications and the care that people with this condition need. It is observed on November 14 each year.
US,2034,2034-11-16,International Day for Tolerance,,United Nations observance,The United Nations’ (UN) International Day for Tolerance is observed on November 16 each year to help people understand the importance of tolerance worldwide.
US,2034,2034-11-16,World Philosophy Day,,United Nations observance,World Philosophy Day is celebrated on the third Thursday of November each year.
US,2034,2034-11-17,Fake Friday,,Worldwide observance,"Many early-bird shoppers look for bargains on Fake Friday to get ahead of the crowds in stores on Black Friday, observed a week later."
US,2034,2034-11-17,World Prematurity Day,,Worldwide observance, World Prematurity Day is an annual observance that is dedicated to raising awareness about the health and emotional issues surrounding preterm birth.
US,2034,2034-11-19,International Men's Day,,Worldwide observance,International Men’s Day celebrates men's achievements worldwide and throughout history.
US,2034,2034-11-19,World Day of Remembrance for Road Traffic Victims,,United Nations observance,The World Day of Remembrance for Road Traffic Victims serves as a major advocacy day for road traffic injury prevention.
US,2034,2034-11-19,World Toilet Day,,United Nations observance,World Toilet Day aims to promote public awareness of the need for adequate toilets to improve people’s health and save lives.
US,2034,2034-11-20,Africa Industrialization Day,,United Nations observance,Africa Industrialization Day aims to stimulate the international community's commitment to the industrialization of Africa.
US,2034,2034-11-20,Transgender Day of Remembrance,,Worldwide observance,Transgender Day of Remembrance is a worldwide observance in the USA
US,2034,2034-11-20,Universal Children's Day,,United Nations observance,The United Nations' (UN) Universal Children's Day is an occasion to promote the welfare of children and an understanding between children all over the world. It is held on November 20 each year
US,2034,2034-11-21,World Television Day,,United Nations observance,The United Nations’ (UN) World Television Day is globally celebrated on November 21 each year.
US,2034,2034-11-23,Thanksgiving Day,,National holiday,Thanksgiving Day in the United States is traditionally a holiday to give thanks for the food collected at the end of the harvest season.
US,2034,2034-11-24,Black Friday,,Observance,Black Friday is the day after Thanksgiving Day in the USA. It is a busy shopping day and is a holiday in some states.
US,2034,2034-11-24,Native American Heritage Day,,Observance,Native American Heritage Day is a observance in the USA
US,2034,2034-11-25,International Day for the Elimination of Violence against Women,,United Nations observance,The United Nations' (UN) International Day for the Elimination of Violence against Women raises public awareness of violence against women in all countries around the world and at all levels of society. It is observed each year on November 25.
US,2034,2034-11-27,Cyber Monday,,Observance,Most online retailers in the US offer discounted prices on their products and services on Cyber Monday.
US,2034,2034-11-28,Giving Tuesday,,Worldwide observance,
US,2034,2034-11-28,Giving Tuesday,,Observance,The first Tuesday after Thanksgiving has been dubbed “Giving Tuesday” by charities.
US,2034,2034-11-29,International Day of Solidarity with the Palestinian People,,United Nations observance,The United Nations’ (UN) International Day of Solidarity with the Palestinian People is annually observed on November 29.
US,2034,2034-11-30,Day of Remembrance for all Victims of Chemical Warfare,,United Nations observance,The UN’s Day of Remembrance for all Victims of Chemical Warfare is annually observed on April 29.
US,2034,2034-12-01,World AIDS Day,,United Nations observance,The United Nations' (UN) World AIDS Day is annually observed on December 1.
US,2034,2034-12-02,International Day for the Abolition of Slavery,,United Nations observance,The United Nations’ (UN) International Day for the Abolition of Slavery is annually observed on December 2.
US,2034,2034-12-03,First Sunday of Advent,,Christian,"Many Christians in the United States observe the first Sunday of Advent, which marks the start of the Christian year."
US,2034,2034-12-03,International Day of Persons with Disabilities,,United Nations observance,The United Nations' (UN) International Day of Persons with Disabilities is annually observed on December 3 to re-affirm and draw attention to the rights of people who live with disabilities.
US,2034,2034-12-04,International Day of Banks,,United Nations observance,International Day of Banks is a United Nations observance in the USA
US,2034,2034-12-05,International Volunteer Day for Economic and Social Development,,United Nations observance,"The United Nations’ (UN) International Volunteer Day for Economic and Social Development, also known as International Volunteer Day (IVD), is observed on December 5 each year."
US,2034,2034-12-05,World Soil Day,,United Nations observance,World Soil Day raises awareness of why soil is needed for sustainable living.
US,2034,2034-12-06,St Nicholas Day,,Observance,Some churches in the United States recognize St Nicholas' Day as a feast day.
US,2034,2034-12-07,Chanukah/Hanukkah (first day),,Hebrew,"The first day of Hanukkah is the start of the Hanukkah period, which lasts for eight days, from the 25th day of the month of Kislev to the second day of Tevet in the Hebrew calendar."
US,2034,2034-12-07,International Civil Aviation Day,,United Nations observance,International Civil Aviation Day is observed globally on December 7 each year. It is observed by organizations such as the International Civil Aviation Organization (ICAO).
US,2034,2034-12-07,Lailat al-Qadr,,Muslim,Laylat al Qadr is most likely to be held on one of the last 10 days of month of Ramadan in the Islamic calendar.
US,2034,2034-12-07,Pearl Harbor Remembrance Day,,Observance,"National Pearl Harbor Remembrance Day remembers those who died or were injured when Pearl Harbor, in Hawaii, was attacked in 1941."
US,2034,2034-12-08,Feast of the Immaculate Conception,,Christian,The Feast of the Immaculate Conception is a Christian observance on December 8 each year.
US,2034,2034-12-09,International Anti-Corruption Day,,United Nations observance,The United Nations’ (UN) International Anti-Corruption Day is annually observed on December 9 to raise public awareness of corruption and ways to fight it.
US,2034,2034-12-09,World Genocide Commemoration Day,,United Nations observance,World Genocide Commemoration Day is a UN holiday dedicated to the victims of genocide.
US,2034,2034-12-10,Human Rights Day,,United Nations observance,Human Rights Day marks the anniversary of when the Universal Declaration of Human Rights was proclaimed.
US,2034,2034-12-11,Green Monday,,Worldwide observance,The last Monday at least ten days before Christmas has been dubbed “Green Monday” by online marketers.
US,2034,2034-12-11,International Mountain Day,,United Nations observance,"The United Nations' (UN) International Mountain Day is an occasion to help raise awareness of the people who live in mountainous regions and the role that these regions play in providing food, water, and recreation. It is observed on December 11 each year."
US,2034,2034-12-12,Eid al-Fitr,,Muslim,"Eid al-Fitr is a holiday to mark the end of the Islamic month of Ramadan, during which Muslims fast during the hours of daylight."
US,2034,2034-12-12,Feast of Our Lady of Guadalupe,,Christian,"The Feast of Our Lady Guadalupe, in honor of Jesus’ mother Mary, is a Catholic observance in the United States."
US,2034,2034-12-12,International Day of Neutrality,,United Nations observance,International Day of Neutrality is a United Nations observance in the USA
US,2034,2034-12-12,International Universal Health Coverage Day,,United Nations observance,International Universal Health Coverage Day is a United Nations observance in the USA
US,2034,2034-12-13,National Guard Birthday,,Observance,National Guard Birthday is a observance in the USA
US,2034,2034-12-14,Last Day of Chanukah,,Hebrew,"The last day of Hanukkah marks the end of a festive Jewish occasion, known as Hanukkah or Chanukah."
US,2034,2034-12-15,Bill of Rights Day,,Observance,Bill of Rights Day is a observance in the USA
US,2034,2034-12-17,Pan American Aviation Day,,Observance,"December 17 marks Pan American Aviation Day, which is annually observed in the United States."
US,2034,2034-12-17,Wright Brothers Day,,Observance,The Wright Brothers Day is annually celebrated in the United States on December 17 to commemorate the historic flight made by Orville and Wilbur Wright on that date in 1903.
US,2034,2034-12-18,Arabic Language Day,,United Nations observance,World Arabic Language Day is a United Nations (UN) observance that celebrates one of the organization’s 6 official languages – Arabic.
US,2034,2034-12-18,International Migrants Day,,United Nations observance,The United Nations (UN) International Migrants Day is celebrated on December 18 each year.
US,2034,2034-12-20,International Human Solidarity Day,,United Nations observance,The United Nations' (UN) International Human Solidarity Day is celebrated on December 20 each year to raise public awareness on the importance of solidarity in fighting poverty.
US,2034,2034-12-22,Asarah B'Tevet,,Hebrew,Asarah B'Tevet is a Jewish holiday in the USA
US,2034,2034-12-23,Super Saturday,,Worldwide observance,"The final Saturday before Christmas has become a very popular shopping day in the US, earning the nickname Super Saturday."
US,2034,2034-12-24,Christmas Eve,,"Observance, Christian",Christmas Eve in the United States is on December 24 each year.
US,2034,2034-12-25,Christmas Day,,"Local holiday, Christian",Christmas Day celebrates Jesus Christ's birth.
US,2034,2034-12-25,Christmas Day,,"National holiday, Christian",Christmas Day celebrates Jesus Christ's birth.
US,2034,2034-12-26,Kwanzaa (first day),,Observance,"Kwanzaa is a week-long holiday honoring the culture and traditions of African people and their descendants worldwide, especially in the United States."
US,2034,2034-12-27,International Day of Epidemic Preparedness,,United Nations observance,International Day of Epidemic Preparedness is a United Nations observance in the USA
US,2034,2034-12-31,New Year's Eve,,Observance,New Year's Eve is the last day of the year in the Gregorian calendar. Many parties to welcome the New Year are held in in the United States on New Year's Eve.
US,2035,2035-01-01,New Year's Day,,National holiday,"New Year's Day is the first day of the Gregorian calendar, which is widely used in many countries such as the USA."
US,2035,2035-01-04,World Braille Day,,United Nations observance,"World Braille Day celebrates the life and achievements of Louis Braille, who invented the braille code for the visually impaired."
US,2035,2035-01-06,Epiphany,,Christian,"Many people in the United States annually observe Epiphany, or Three Kings’ Day, on January 6. It is a Christian observance and a public holiday in the US Virgin Islands."
US,2035,2035-01-07,International Programmers' Day,,Worldwide observance,"Many people celebrate International Programmers’ Day on January 7, while others observe this event on the 256th day of the year, usually on September 13 or on September 12 in leap years."
US,2035,2035-01-07,Orthodox Christmas Day,,Orthodox,Many Orthodox Christian churches in countries such as the United States observe Christmas Day on or near January 7 in the Gregorian calendar.
US,2035,2035-01-13,Stephen Foster Memorial Day,,Observance,"Stephen Foster Memorial Day is annually observed in the United States on January 13. The day remembers the achievements of Stephen Foster, who is known as the “father of American music”."
US,2035,2035-01-14,Orthodox New Year,,Orthodox,Many Orthodox Christian churches in countries such as the United States celebrate New Year’s Day on January 14 in the Gregorian calendar.
US,2035,2035-01-15,Martin Luther King Jr. Day,,National holiday,Martin Luther King Day marks the anniversary of the date of birth of the influential American civil right leader of the same name.
US,2035,2035-01-21,World Religion Day,,Worldwide observance,World Religion Day fosters interfaith dialogue and understanding of all religions.
US,2035,2035-01-24,International Day of Education,,United Nations observance,International Day of Education is a United Nations observance in the USA
US,2035,2035-01-25,Tu Bishvat/Tu B'Shevat,,Hebrew,"Tu B’Shevat, known as the “New Year for Trees”, is a Jewish festival similar to Arbor Day."
US,2035,2035-01-26,International Customs Day,,Worldwide observance,International Customs Day celebrates custom personnel and agencies worldwide.
US,2035,2035-01-27,International Day of Commemoration in Memory of the Victims of the Holocaust,,United Nations observance,The United Nations' (UN) International Day of Commemoration in Memory of the Victims of the Holocaust remembers those who died and suffered during the Holocaust before and during World War II. It is on January 27 each year.
US,2035,2035-01-28,World Leprosy Day,,Worldwide observance,"World Leprosy Day brings awareness of leprosy, also known as Hansen's disease, and ways to prevent the disease."
US,2035,2035-02-01,First Day of Black History Month,,Observance,First Day of Black History Month is a annual monthly observance in the USA
US,2035,2035-02-01,National Freedom Day,,Observance,National Freedom Day in the United States is observed on February 1 each year.
US,2035,2035-02-02,Groundhog Day,,Observance,Many people in the United States observe Groundhog Day on February 2.
US,2035,2035-02-02,National Wear Red Day,,Observance,National Wear Red Day® raises public awareness of heart disease in women and ways to avoid and combat this problem.
US,2035,2035-02-02,World Wetlands Day,,Worldwide observance,World Wetlands Day raises awareness about the important role that the wetlands play in the environment and in our lives.
US,2035,2035-02-04,International Day of Human Fraternity,,United Nations observance,International Day of Human Fraternity is a United Nations observance in the USA
US,2035,2035-02-04,World Cancer Day,,Worldwide observance,World Cancer Day is an annual global event on February 4 to raise people’s awareness of cancer.
US,2035,2035-02-06,International Day of Zero Tolerance for Female Genital Mutilation,,United Nations observance,The International Day of Zero Tolerance for Female Genital Mutilation is an awareness campaign to end a harmful practice that violates girls’ and women’s rights.
US,2035,2035-02-06,Shrove Tuesday/Mardi Gras,,"Observance, Christian","Shrove Tuesday is traditionally known as the day prior to Lent but it also serves as a day of celebration, known as Mardi Gras."
US,2035,2035-02-07,Ash Wednesday,,Christian,"Ash Wednesday is a Christian observance that marks the first day of Lent, which is prior to Easter."
US,2035,2035-02-07,National Girls and Women in Sports Day,,Observance,National Girls and Women in Sports Day is a observance in the USA
US,2035,2035-02-08,Lunar New Year,,Observance,Lunar New Year marks the first day of the New Year in the Chinese calendar.
US,2035,2035-02-10,World Pulses Day,,United Nations observance,World Pulses Day is a United Nations observance in the USA
US,2035,2035-02-11,International Day of Women and Girls in Science,,United Nations observance,The International Day of Women and Girls in Science is a UN holiday to recognize the critical role women and girls play in science and technology communities.
US,2035,2035-02-11,Super Bowl,,Sporting event,The Super Bowl is the championship game of the National Football League (NFL) in the United States. It is played every year in February.
US,2035,2035-02-11,World Day of the Sick,,Worldwide observance,World Day of the Sick is a global event when people remember or pray for the sick.
US,2035,2035-02-13,World Radio Day,,United Nations observance,World Radio Day is an annual United Nations (UN) event that promotes the importance of the radio in communicating information worldwide.
US,2035,2035-02-14,Valentine's Day,,Observance,Valentine's Day is an occasion to celebrate romantic love.
US,2035,2035-02-18,Eid al-Adha,,Muslim,"For more than 3 millions Muslims in the US, Eid al-Adha, the Festival of Sacrifice, is one of the most important dates in the calendar."
US,2035,2035-02-19,Presidents' Day,,National holiday,"Washington's Birthday, or Presidents' Day, honors the life and work of the first president of the United States, George Washington."
US,2035,2035-02-20,World Day of Social Justice,,United Nations observance,"The United Nations' (UN) World Day of Social Justice promotes poverty eradication, full employment and social integration. It is on February 20 each year."
US,2035,2035-02-21,International Mother Language Day,,United Nations observance,The United Nations' (UN) International Mother Language Day is annually held on February 21 to celebrate languages spoken worldwide. It also observes the human right to use these languages.
US,2035,2035-03-01,First Day of Irish American Heritage Month,,Observance,First Day of Irish American Heritage Month is a annual monthly observance in the USA
US,2035,2035-03-01,First Day of Women's History Month,,Observance,First Day of Women's History Month is a annual monthly observance in the USA
US,2035,2035-03-01,Self-Injury Awareness Day,,Worldwide observance,
US,2035,2035-03-01,St. David's Day,,"Observance, Christian","Many Welsh communities in the United States celebrate the life of their patron saint, St David, and their links with Wales on St David’s Day."
US,2035,2035-03-01,Zero Discrimination Day,,United Nations observance,"Discrimination Day highlights the negative impacts of discrimination and promotes tolerance, compassion and peace."
US,2035,2035-03-02,Employee Appreciation Day,,Observance,"Employee Appreciation Day is a US unofficial observance that recognizes and appreciates employees in all industries, aimed at helping employers keep their staff."
US,2035,2035-03-02,Read Across America Day,,Observance,Read Across America Day is observed in the United States on March 2 each year.
US,2035,2035-03-03,World Wildlife Day,,United Nations observance,"World Wildlife Day celebrates all flora and fauna, including animals, on Earth."
US,2035,2035-03-08,International Women's Day,,United Nations observance,International Women’s Day celebrates women’s achievements worldwide and throughout history.
US,2035,2035-03-08,World Kidney Day,,Worldwide observance,World Kidney Day is an annual observation that attempts to raise global awareness about the importance of kidney health and tries to bring attention to the unique challenges faced by those who suffer from Chronic Kidney Disease.
US,2035,2035-03-10,International Day of Women Judges,,United Nations observance,International Day of Women Judges is a United Nations observance in the USA
US,2035,2035-03-11,Muharram,,Muslim,"The first day of Muharram, which is the first month in the Islamic calendar, marks the start of the Islamic New Year."
US,2035,2035-03-15,Long Covid Awareness Day,,Worldwide observance,Long Covid Awareness Day is a worldwide observance in the USA
US,2035,2035-03-17,St. Patrick's Day,,"Observance, Christian","St Patrick's Day marks the life and deeds of St Patrick, one of Ireland's patron saints. It is an Irish-American celebration in the USA."
US,2035,2035-03-18,Palm Sunday,,Christian,Palm Sunday in the United States celebrates Jesus Christ’s entry into Jerusalem. It is also the Sunday before Easter Sunday.
US,2035,2035-03-20,Ashura,,Muslim,Ashura is a Muslim in the USA
US,2035,2035-03-20,French Language Day,,United Nations observance,French Language Day is a United Nations observance in the USA
US,2035,2035-03-20,International Day of Happiness,,United Nations observance,International Day of Happiness aims to promote the idea that the pursuit of happiness is universal.
US,2035,2035-03-21,International Day for the Elimination of Racial Discrimination,,United Nations observance,The United Nations’ (UN) International Day for the Elimination of Racial Discrimination is annually observed on March 21.
US,2035,2035-03-21,International Day of Forests,,United Nations observance,"International Day of Forests raises awareness on forests and trees, including their role in climate change."
US,2035,2035-03-21,International Day of Nowruz,,United Nations observance,"The UN’s International Day of Nowruz, also known as Nowruz, No-Ruz, No-Rooz or No Ruz, is observed on March 21 each year."
US,2035,2035-03-21,World Down Syndrome Day,,United Nations observance,World Down Syndrome Day is held on March 21 every year.
US,2035,2035-03-21,World Poetry Day,,United Nations observance,World Poetry Day celebrates poetry around the world on March 21 each year.
US,2035,2035-03-22,Maundy Thursday,,Christian,"Maundy Thursday, which is also known as Holy Thursday, is the day before Good Friday."
US,2035,2035-03-22,World Water Day,,United Nations observance,World Water Day aims to increase people's awareness of the water's importance in all aspects of life.
US,2035,2035-03-23,Good Friday,,"Local holiday, Christian",Good Friday commemorates Jesus Christ's crucifixion.
US,2035,2035-03-23,World Meteorological Day,,United Nations observance,"World Meteorological Day marks the anniversary of the World Meteorological Organization's establishment on March 23, 1950."
US,2035,2035-03-24,Holy Saturday,,Christian,Holy Saturday is the day before Easter Sunday in the United States.
US,2035,2035-03-24,International Day for the Right to the Truth concerning Gross Human Rights Violations and for the Dignity of Victims,,United Nations observance,March 24 is the UN’s International Day for the Right to the Truth concerning Gross Human Rights Violations and for the Dignity of Victims
US,2035,2035-03-24,World Tuberculosis Day,,United Nations observance,World Tuberculosis Day is annually held on March 24 to raise awareness of tuberculosis and ways to eradicate the disease.
US,2035,2035-03-25,Easter Sunday,,"Observance, Christian","Easter Sunday is an important day in the Christian church calendar because it celebrates Jesus Christ's resurrection, according to Christian belief."
US,2035,2035-03-25,International Day of Remembrance of Slavery Victims and the Transatlantic Slave Trade,,United Nations observance,"The International Day of Remembrance of the Victims of Slavery and the Transatlantic Slave Trade remembers the lives of Africans who were forced into slavery in North, Central and South America."
US,2035,2035-03-25,International Day of Solidarity with Detained and Missing Staff Members,,United Nations observance,The UN’s International Day of Solidarity with Detained and Missing Staff Members is annually held on March 25.
US,2035,2035-03-25,Purim,,Hebrew,"Purim commemorates a time when Jewish people were saved from death around the fourth century BCE, according to the Book of Esther."
US,2035,2035-03-26,Easter Monday,,"Observance, Christian",Easter Monday is the day after Easter Sunday. It is not a federal holiday in the United States of America (USA).
US,2035,2035-03-29,National Vietnam War Veterans Day,,Observance,National Vietnam War Veterans Day is an US observance to honor US military members who served during the Vietnam War.
US,2035,2035-03-30,Doctors' Day,,Observance,Doctors' Day is a observance in the USA
US,2035,2035-03-31,Earth Hour,,Worldwide observance,Earth Hour is an annual event in which many people worldwide turn their lights off on the last Saturday in March.
US,2035,2035-03-31,International Transgender Day of Visibility,,Worldwide observance,International Transgender Day of Visibility is a worldwide observance in the USA
US,2035,2035-04-01,April Fool's Day,,Worldwide observance,"April Fool's Day, on April 1, is a day to play practical jokes and tricks."
US,2035,2035-04-02,World Autism Awareness Day,,United Nations observance,"World Autism Awareness Day raises an awareness of issues surrounding people, particularly children, with autism worldwide."
US,2035,2035-04-04,United Nations' Mine Awareness Day,,United Nations observance,The United Nations' International Day for Mine Awareness and Assistance in Mine Action is annually observed on April 4.
US,2035,2035-04-05,International Day of Conscience,,United Nations observance,International Day of Conscience is a United Nations observance in the USA
US,2035,2035-04-06,International Day of Sport for Development and Peace,,United Nations observance,The International Day of Sport for Development and Peace aims to bring goodwill and positive social outcomes through sporting achievements.
US,2035,2035-04-06,National Tartan Day,,Observance,National Tartan Day is annually observed on April 6 to honor the major role that Scottish Americans played in the founding of the United States of America.
US,2035,2035-04-07,Day of Remembrance of the Victims of the Rwanda Genocide,,United Nations observance,The UN’s Day of Remembrance of the Victims of the Rwanda Genocide is observed on April 7 each year.
US,2035,2035-04-07,United Nations' World Health Day,,United Nations observance,"The World Health Organization, the United Nations' the directing and coordinating authority for health, annually highlights one of its priorities for global health on World Health Day."
US,2035,2035-04-10,National Library Workers' Day,,Observance,"National Library Workers’ Day recognizes the efforts and achievements that librarians make to give Americans access to information via books, computers and other media."
US,2035,2035-04-12,International Day of Human Space Flight,,United Nations observance,The UN’s International Day of Human Space Flight is annually held on April 12.
US,2035,2035-04-13,Friday the 13th,,Worldwide observance,Friday the 13th is a day full of superstitious beliefs in communities worldwide.
US,2035,2035-04-13,Thomas Jefferson's Birthday,,Observance,Americans celebrate president Thomas Jefferson's Birthday on April 13.
US,2035,2035-04-14,World Chagas Disease Day,,United Nations observance,World Chagas Disease Day is a United Nations observance in the USA
US,2035,2035-04-15,World Art Day,,Worldwide observance,World Art Day is a worldwide observance in the USA
US,2035,2035-04-16,Boston Marathon,,Sporting event,Boston Marathon is one of the world's oldest yearly marathon. It is held annually on Patriot's Day in the month of April.
US,2035,2035-04-17,Tax Day,,Observance,Tax Day is the deadline for United States residents to file details of their income to the Internal Revenue Service (IRS) so that their liability for income tax can be assessed.
US,2035,2035-04-18,International Day for Monuments and Sites,,Worldwide observance,The International Day for Monuments and Sites raises awareness on preserving and conserving historical and archeological heritage sites.
US,2035,2035-04-20,Chinese Language Day,,United Nations observance,Chinese Language Day is a United Nations observance that celebrates one of the organization’s 6 official languages – Chinese.
US,2035,2035-04-21,World Creativity and Innovation Day,,United Nations observance,World Creativity and Innovation Day is a United Nations observance in the USA
US,2035,2035-04-22,Earth Day,,United Nations observance,The United Nations' International Mother Earth Day promotes environmental awareness and calls for the protection of our planet.
US,2035,2035-04-23,English Language Day,,United Nations observance,"English Language Day promotes the history, culture and accomplishments of the English language."
US,2035,2035-04-23,Passover Eve,,Hebrew,Passover Eve is a Jewish holiday in the USA
US,2035,2035-04-23,World Book and Copyright Day,,United Nations observance,World Book and Copyright Day is an occasion to celebrate the contribution of books and authors to our global culture and the connection between copyright and books.
US,2035,2035-04-23,World Spanish Language Day,,United Nations observance,World Spanish Language Day is a United Nations observance in the USA
US,2035,2035-04-24,International Day of Multilateralism and Diplomacy for Peace,,United Nations observance,International Day of Multilateralism and Diplomacy for Peace is a United Nations observance in the USA
US,2035,2035-04-24,Passover (first day),,Hebrew,Passover marks the Israelites' liberation from slavery and their exodus from Egypt around 3000 years ago.
US,2035,2035-04-25,Administrative Professionals Day,,Observance,Administrative Professionals Day® is on the Wednesday of the last full week of April. It remembers the important role of administrative professionals.
US,2035,2035-04-25,International Delegate's Day,,United Nations observance,International Delegate's Day is a United Nations observance in the USA
US,2035,2035-04-25,World Malaria Day,,United Nations observance,World Malaria Day is annually observed on April 25 to promote efforts that provide effective control of malaria worldwide.
US,2035,2035-04-26,International Chernobyl Disaster Remembrance Day,,United Nations observance,International Chernobyl Disaster Remembrance Day is a UN holiday designed to raise awareness of the consequences of the 1986 nuclear accident.
US,2035,2035-04-26,International Girls in ICT Day,,United Nations observance,International Girls in ICT Day is a United Nations observance in the USA
US,2035,2035-04-26,Take our Daughters and Sons to Work Day,,Observance,Take our Daughters and Sons to Work Day is a observance in the USA
US,2035,2035-04-26,World Intellectual Property Day,,United Nations observance,World Intellectual Property Day is annually held on April 26 to increase awareness and understanding of intellectual property worldwide.
US,2035,2035-04-27,Orthodox Good Friday,,Orthodox,Many Orthodox Christians in the United States remember the events leading up to Jesus Christ's crucifixion on Great Friday.
US,2035,2035-04-28,Orthodox Holy Saturday,,Orthodox,Many Orthodox Christians in the United States remember Jesus Christ’s burial and his descent into Hades on Holy Saturday.
US,2035,2035-04-28,World Day for Safety and Health at Work,,United Nations observance,The World Day for Safety and Health at Work is observed on April 28 each year.
US,2035,2035-04-29,Orthodox Easter,,Orthodox,"Many Orthodox Christians in the United States mark Easter Sunday, also known as Pascha, as the day Jesus Christ was resurrected, according to the Christian bible."
US,2035,2035-04-30,International Jazz Day,,United Nations observance,"International Jazz Day recognizes the historical, cultural, and educational contribution of jazz."
US,2035,2035-04-30,Orthodox Easter Monday,,Orthodox,Many Orthodox churches in the United States observe Easter Monday on the day after the Orthodox Easter Sunday date.
US,2035,2035-05-01,First Day of Asian Pacific American Heritage Month,,Observance,First Day of Asian Pacific American Heritage Month is a annual monthly observance in the USA
US,2035,2035-05-01,First Day of Jewish American Heritage Month,,Observance,First Day of Jewish American Heritage Month is a annual monthly observance in the USA
US,2035,2035-05-01,First Day of Military Appreciation Month,,Observance,First Day of Military Appreciation Month is a annual monthly observance in the USA
US,2035,2035-05-01,Last Day of Passover,,Hebrew,"The last day of Passover marks the end of the Passover period, which lasts for seven or eight days."
US,2035,2035-05-01,Law Day,,Observance,Law Day in the United States is annually held on May 1.
US,2035,2035-05-01,Loyalty Day,,Observance,Loyalty Day is a special day for people to reaffirm their loyalty to the United States and to recognize the heritage of American freedom.
US,2035,2035-05-02,World Tuna Day,,United Nations observance,World Tuna Day is a UN holiday designed to raise awareness of the global importance of tuna.
US,2035,2035-05-03,Ascension Day,,Christian,Ascension Day is the 40th day of Easter and commemorates the ascension of Jesus Christ into heaven.
US,2035,2035-05-03,National Day of Prayer,,Observance,"National Day of Prayer is held on the first Thursday of May each year, inviting Americans of all faiths to pray for the country and its leaders."
US,2035,2035-05-03,World Press Freedom Day,,United Nations observance,World Press Freedom Day focuses on the importance of the freedom of the press and freedom of expression.
US,2035,2035-05-04,Kentucky Oaks,,Sporting event,The Kentucky Oaks is a rade 1 Stakes horse race held annually on the Friday before the Kentucky Derby in May.
US,2035,2035-05-05,Cinco de Mayo,,Observance,"'Cinco de Mayo' means ""Fifth of May"" in Spanish and is a festival of Mexican pride and heritage."
US,2035,2035-05-05,Kentucky Derby,,Sporting event,"Kentucky Derby is a Grade I Stakes horse race held annually in Louisville, Kentucky in May."
US,2035,2035-05-05,National Explosive Ordnance Disposal (EOD) Day,,Observance,National Explosive Ordnance Disposal (EOD) Day is an occasion to remember those serving the profession of explosive ordnance disposal in the United States Armed Forces.
US,2035,2035-05-05,World Portuguese Language Day,,United Nations observance,World Portuguese Language Day is a United Nations observance in the USA
US,2035,2035-05-06,International Family Equality Day,,Worldwide observance,International Family Equality Day is a worldwide observance in the USA
US,2035,2035-05-06,National Nurses Day,,Observance,National Nurses Day is an occasion to honor the work of nurses.
US,2035,2035-05-07,Yom HaShoah,,Hebrew,Many people in the United States observe Yom Hashoah by remembering Holocaust victims who died during World War II.
US,2035,2035-05-08,National Teacher Appreciation Day,,Observance,National Teacher Appreciation Day is a observance in the USA
US,2035,2035-05-08,Time of Remembrance and Reconciliation for Those Who Lost Their Lives during the Second World War,,United Nations observance,"The United Nations’ (UN) Time of Remembrance and Reconciliation for Those Who Lost Their Lives during the Second World War is annually held over two days, from May 8-9."
US,2035,2035-05-08,Victory in Europe Day,,Observance,Victory in Europe Day is a observance in the USA
US,2035,2035-05-08,World Ovarian Cancer Day,,Worldwide observance,World Ovarian Cancer Day aims to spread global awareness about ovarian cancer.
US,2035,2035-05-08,World Red Cross and Red Crescent Day,,Worldwide observance,World Red Cross and Red Crescent Day is a worldwide observance in the USA
US,2035,2035-05-10,International Day of Argania,,United Nations observance,International Day of Argania is a United Nations observance in the USA
US,2035,2035-05-11,Military Spouse Appreciation Day,,Observance,Appreciate and thank all the military spouses and partners you know on Military Spouse Appreciation Day.
US,2035,2035-05-12,International Nurses Day,,Worldwide observance,International Nurses Day focuses on the critical contribution of nurses around the world in maintaining public health.
US,2035,2035-05-12,World Migratory Bird Day,,United Nations observance,World Migratory Bird Day is observed the second weekend of May every year.
US,2035,2035-05-13,Mother's Day,,Observance,Mother's Day celebrates the role of mothers and mother figures.
US,2035,2035-05-13,Pentecost,,Christian,"Many Christians in the United States observe Pentecost, also known as Whitsunday or Whit Sunday."
US,2035,2035-05-14,Whit Monday,,Christian,"Many Christians in the United States will observe Whit Monday, or Pentecost Monday. It is the day after Pentecost, which is also known as Whit Sunday or Whitsunday."
US,2035,2035-05-15,International Day of Families,,United Nations observance,"The International Day of Families is an occasion to celebrate the importance of families to people, societies and cultures around the world."
US,2035,2035-05-15,Peace Officers Memorial Day,,Observance,"Peace Officers Memorial Day is held annually in the United States on May 15 in honor of federal, state and local officers killed or disabled in the line of duty."
US,2035,2035-05-15,Yom Ha'atzmaut,,Hebrew,"Many Jewish communities in the United States celebrate Yom Ha’Atzmaut, which is Israel’s Independence Day, on the fifth day of the month of Iyar in the Jewish calendar."
US,2035,2035-05-16,International Day of Light,,United Nations observance,International Day of Light is a United Nations observance in the USA
US,2035,2035-05-16,International Day of Living Together in Peace,,United Nations observance,International Day of Living Together in Peace is a United Nations observance in the USA
US,2035,2035-05-17,World Telecommunication and Information Society Day,,United Nations observance,World Information Society Day is celebrated each year to raise awareness of how information and communication can be beneficial for societies and economies.
US,2035,2035-05-18,National Defense Transportation Day,,Observance,National Defense Transportation Day occurs annually in the United States on the third Friday of May.
US,2035,2035-05-19,Armed Forces Day,,Observance,Armed Forces Day is a national observance in the United States on the third Saturday of May each year.
US,2035,2035-05-19,Preakness Stakes,,Sporting event,The Preakness Stakes is the second event in the Triple Crown and is annually held two weeks after the Kentucky Derby.
US,2035,2035-05-20,The Prophet's Birthday,,Muslim,Eid Milad ul-Nabi (Mawlid or Milad-un-Nabi) commemorates the Prophet Muhammed's birthday.
US,2035,2035-05-20,Trinity Sunday,,Christian,Trinity Sunday is the first Sunday after Pentecost and is celebrated by many Christians in the United States.
US,2035,2035-05-20,World Autoimmune / Autoinflammatory Arthritis Day,,Worldwide observance,World Autoimmune / Autoinflammatory Arthritis Day is a worldwide observance in the USA
US,2035,2035-05-20,World Bee Day,,United Nations observance,World Bee Day is a United Nations observance in the USA
US,2035,2035-05-21,International Tea Day,,United Nations observance,International Tea Day is a United Nations observance in the USA
US,2035,2035-05-21,World Day for Cultural Diversity for Dialogue and Development,,United Nations observance,"The World Day for Cultural Diversity for Dialogue and Development, held on May 21, is an occasion for people to deepen their understanding of cultural diversity."
US,2035,2035-05-22,International Day for Biological Diversity,,United Nations observance,The International Day for Biological Diversity is an occasion to increase the global understanding and awareness of issues and challenges around biodiversity.
US,2035,2035-05-22,National Maritime Day,,Observance,"National Maritime Day is annually observed in the United States on May 22. It is a time to observe its maritime heritage, to honor those who served as merchant mariners, and to recognize the benefits of the maritime industry."
US,2035,2035-05-23,Emergency Medical Services for Children Day,,Observance,"Emergency Medical Services for Children (EMSC) Day is observed on the Wednesday of Emergency Medical Services (EMS) Week, May 19–25, in the United States."
US,2035,2035-05-23,International Day to End Obstetric Fistula,,United Nations observance,The International Day to End Obstetric Fistula raises awareness of fistula and calls for support to tackle the problem.
US,2035,2035-05-24,Corpus Christi,,Christian,Corpus Christi is observed in honor of the Holy Eucharist.
US,2035,2035-05-25,African Liberation Day,,Worldwide observance,African Liberation Day celebrates African nations' hard-fought freedom from European colonial powers.
US,2035,2035-05-25,National Missing Children's Day,,Observance,National Missing Children's Day is an observation dedicated to addressing the problem of child abduction.
US,2035,2035-05-27,Lag BaOmer,,Hebrew,Many Jewish Americans observe Lag B’Omer on the 18th day of the month of Iyar in the Jewish calendar.
US,2035,2035-05-28,Memorial Day,,National holiday,Memorial Day commemorates all Americans who have died in military service for the United States.
US,2035,2035-05-29,International Day of United Nations Peacekeepers,,United Nations observance,The International Day of United Nations Peacekeepers is an occasion to pay tribute to people who served in United Nations (UN) peacekeeping operations.
US,2035,2035-05-31,World No Tobacco Day,,United Nations observance,World No Tobacco Day draws attention to the health problems caused by tobacco use.
US,2035,2035-06-01,First Day of Caribbean-American Heritage Month,,Observance,First Day of Caribbean-American Heritage Month is a annual monthly observance in the USA
US,2035,2035-06-01,First Day of Pride Month,,Observance,First Day of Pride Month is a annual monthly observance in the USA
US,2035,2035-06-01,Global Day of Parents,,United Nations observance,Global Day of Parents appreciates the role of a parent in nurturing and fostering growth for their children.
US,2035,2035-06-03,World Bicycle Day,,United Nations observance,World Bicycle Day is a United Nations observance in the USA
US,2035,2035-06-04,International Day of Innocent Children Victims of Aggression,,United Nations observance,The United Nations' (UN) International Day of Innocent Children Victims of Aggression is observed on June 4 each year.
US,2035,2035-06-05,"International Day for the Fight against Illegal, Unreported and Unregulated Fishing",,United Nations observance,"International Day for the Fight against Illegal, Unreported and Unregulated Fishing is a United Nations observance in the USA"
US,2035,2035-06-05,World Environment Day,,United Nations observance,World Environment Day is held each year on June 5. It is one of the principal vehicles through which the United Nations (UN) stimulates worldwide awareness of the environment and enhances political attention and action.
US,2035,2035-06-06,D-Day,,Observance,"D-Day is a special anniversary in some countries, including the United States (U.S.), to remember Allied forces’ invasion of Normandy, France, in the Second World War."
US,2035,2035-06-06,Day of the Russian Language,,United Nations observance,Day of the Russian Language is a United Nations observance in the USA
US,2035,2035-06-07,World Food Safety Day,,United Nations observance,World Food Safety Day is a United Nations observance in the USA
US,2035,2035-06-08,World Oceans Day,,United Nations observance,World Oceans Day is annually observed on June 8 to raise awareness of the challenges humanity faces to protect the world's oceans.
US,2035,2035-06-09,Belmont Stakes,,Sporting event,The Belmont Stakes is the third and final horse race of the Triple Crown. It is run annually five weeks after the Kentucky Derby.
US,2035,2035-06-12,Loving Day,,Observance,Loving Day is a observance in the USA
US,2035,2035-06-12,World Day Against Child Labour,,United Nations observance,Poverty and injustice against widows is a world-wide problem addressed by International Widows' Day.
US,2035,2035-06-13,International Albinism Awareness Day,,United Nations observance,International Albinism Awareness Day aims to stop the persecution and murders of people with albinism.
US,2035,2035-06-13,Shavuot,,Hebrew,"Shavuot, also known as the Festival of Weeks, is one of three major Jewish festivals."
US,2035,2035-06-14,Army Birthday,,Observance,Army Birthday is a observance in the USA
US,2035,2035-06-14,Flag Day,,Observance,Flag Day is annually held on June 14 to honor the United States flag.
US,2035,2035-06-14,World Blood Donor Day,,United Nations observance,On World Blood Donor Day numerous events are held worldwide to raise awareness about the importance of safe blood supplies.
US,2035,2035-06-15,World Elder Abuse Awareness Day,,United Nations observance,"World Elder Abuse Awareness Day attempts to shine a light on the problem of physical, emotional, and financial abuse of elders."
US,2035,2035-06-16,International Day of Family Remittances,,United Nations observance,The UN estimates that family remittances worth over 500 billion US$ are transferred worldwide every year.
US,2035,2035-06-17,Father's Day,,Observance,Father's Day celebrates the contribution that fathers and father figures make to the lives of their children.
US,2035,2035-06-17,World Day to Combat Desertification and Drought,,United Nations observance,The United Nations' World Day to Combat Desertification and Drought is observed worldwide on June 17 each year.
US,2035,2035-06-18,Sustainable Gastronomy Day,,United Nations observance,Sustainable Gastronomy Day is a United Nations observance in the USA
US,2035,2035-06-19,International Day for the Elimination of Sexual Violence in Conflict,,United Nations observance,International Day for the Elimination of Sexual Violence in Conflict is a UN day aiming to rid the world of conflict-related sexual violence.
US,2035,2035-06-19,Juneteenth,,National holiday,"Juneteenth, also known as Freedom Day and Emancipation Day, is a holiday or observance in many US states to celebrate the anniversary of the abolition of slavery in Texas on June 19, 1865."
US,2035,2035-06-20,American Eagle Day,,Observance,"Observed annually on June 20 in 47 American states, American Eagle Day is an unofficial holiday that celebrates the removal of the American Bald Eagle from a list of ""endangered species""."
US,2035,2035-06-20,World Refugee Day,,United Nations observance,"The United Nations' World Refugee Day honors refugees' courage, strength and determination."
US,2035,2035-06-21,International Day of Yoga,,United Nations observance,The International Day of Yoga is a UN-day that aims to raise awareness worldwide of the many benefits of practicing yoga.
US,2035,2035-06-21,International Day of the Celebration of the Solstice,,United Nations observance,International Day of the Celebration of the Solstice is a United Nations observance in the USA
US,2035,2035-06-23,International Widows' Day,,United Nations observance,Poverty and injustice against widows is a world-wide problem addressed by International Widows' Day.
US,2035,2035-06-23,Public Service Day,,United Nations observance,The United Nations’ Public Service Day celebrates the idea that democracy and successful governance depend on a competent civil service.
US,2035,2035-06-25,Day of the Seafarer,,United Nations observance,"The Day of the Seafarer aims to acknowledge the social, and economic contribution of the millions of seafarers around the world."
US,2035,2035-06-26,International Day Against Drug Abuse and Illicit Trafficking,,United Nations observance,The United Nations’ (UN) International Day Against Drug Abuse and Illicit Trafficking raise awareness about the dangers of illicit drugs.
US,2035,2035-06-26,International Day in Support of Victims of Torture,,United Nations observance,The United Nations’ (UN) International Day in Support of Victims of Torture is annually observed on June 26 to remind people that human torture is not only unacceptable – it is also a crime.
US,2035,2035-06-27,"Micro-, Small and Medium-sized Enterprises Day",,United Nations observance,"Micro-, Small and Medium-sized Enterprises Day is a United Nations observance in the USA"
US,2035,2035-06-29,International Day of the Tropics,,United Nations observance,International Day of the Tropics is a United Nations observance in the USA
US,2035,2035-06-30,International Asteroid Day,,United Nations observance,The United Nations established International Asteroid Day to raise public awareness of the asteroid impact hazard.
US,2035,2035-06-30,International Day of Parliamentarism,,United Nations observance,International Day of Parliamentarism is a United Nations observance in the USA
US,2035,2035-07-04,Independence Day,,National holiday,"On Independence Day, Americans celebrate the anniversary of publication of the Declaration of Independence from Great Britain in 1776."
US,2035,2035-07-07,International Day of Cooperatives,,United Nations observance,"The United Nations' (UN) International Day of Cooperatives recognizes and reaffirms the role of cooperatives in economic, social and cultural development and in the achievement of social policy objectives."
US,2035,2035-07-11,World Population Day,,United Nations observance,The United Nations' (UN) World Population Day reaffirms the human right to plan for a family.
US,2035,2035-07-13,Friday the 13th,,Worldwide observance,Friday the 13th is a day full of superstitious beliefs in communities worldwide.
US,2035,2035-07-14,Bastille Day,,Observance,Bastille Day is a observance in the USA
US,2035,2035-07-15,World Youth Skills Day,,United Nations observance,Acquiring skills enhances youths' ability to make informed choices and empowers them to gain access to changing labor markets.
US,2035,2035-07-16,Rural Transit Day,,Observance,Rural Transit Day is a observance in the USA
US,2035,2035-07-18,Nelson Mandela Day,,United Nations observance,Nelson Mandela International Day is annually observed on July 18 to recognize the former South African president’s contribution to peace and freedom.
US,2035,2035-07-20,World Chess Day,,United Nations observance,World Chess Day is a United Nations observance in the USA
US,2035,2035-07-22,Parents' Day,,Observance,Parents’ Day is celebrated in the United States on the fourth Sunday of July each year to recognize and promote parenting as a crucial part of families and the wider community.
US,2035,2035-07-25,World Drowning Prevention Day,,United Nations observance,World Drowning Prevention Day is a United Nations observance in the USA
US,2035,2035-07-27,National Korean War Veterans Armistice Day,,Observance,National Korean War Veterans Armistice Day is a observance in the USA
US,2035,2035-07-28,World Hepatitis Day,,United Nations observance,World Hepatitis Day is observed on July 28 every year to raise awareness of hepatitis and encourage prevention and treatment.
US,2035,2035-07-30,International Day of Friendship,,United Nations observance,The International Day of Friendship is annually held on July 30 to celebrate friendships worldwide.
US,2035,2035-07-30,World Day Against Trafficking in Persons,,United Nations observance,July 30 is the UN World Day Against Trafficking in Persons
US,2035,2035-08-04,Barack Obama Day,,Observance,Barack Obama Day is a observance in the USA
US,2035,2035-08-04,Coast Guard Birthday,,Observance,Coast Guard Birthday is a observance in the USA
US,2035,2035-08-07,Purple Heart Day,,Observance,Purple Heart Day on August 7 commemorates the day in 1782 when General George Washington created the Purple Heart Medal – a military decoration that is awarded to those wounded or killed while serving in the United States Armed Forces.
US,2035,2035-08-09,International Day of the World's Indigenous People,,United Nations observance,The United Nations’ (UN) International Day of the World's Indigenous People is observed on August 9 each year to promote and protect the rights of the world’s indigenous peoples.
US,2035,2035-08-12,International Youth Day,,United Nations observance,The United Nations’ (UN) International Youth Day is annually held on August 12 to celebrate the achievements of the world’s youth and to encourage their participation in enhancing society.
US,2035,2035-08-14,Tisha B'Av,,Hebrew,Tisha B’Av is on the ninth day of the month of Av in the Jewish calendar.
US,2035,2035-08-15,Assumption of Mary,,Christian,Assumption Day is a Christian observance in the United States that is held annually on August 15. Catholics observe the Dormition (falling asleep) or the day that the Blessed Virgin Mary was received into heaven.
US,2035,2035-08-19,National Aviation Day,,Observance,National Aviation Day is observed in the United States on August 19 each year to celebrate the history and development of the aviation.
US,2035,2035-08-19,National Senior Citizens Day,,Observance,National Senior Citizens Day is an observance on the third Sunday of August to honor the contributions of senior citizens in the United States.
US,2035,2035-08-19,World Humanitarian Day,,United Nations observance,The United Nations’(UN) World Humanitarian Day focuses on increasing public awareness about humanitarian service worldwide and is annually observed on August 19.
US,2035,2035-08-21,International Day of Remembrance of and Tribute to the Victims of Terrorism,,United Nations observance,International Day of Remembrance of and Tribute to the Victims of Terrorism is a United Nations observance in the USA
US,2035,2035-08-22,International Day Commemorating the Victims of Acts of Violence Based on Religion or Belief,,United Nations observance,International Day Commemorating the Victims of Acts of Violence Based on Religion or Belief is a United Nations observance in the USA
US,2035,2035-08-23,International Day for the Remembrance of the Slave Trade and its Abolition,,United Nations observance,The United Nations’ (UN) International Day for the Remembrance of the Slave Trade and its Abolition is held on August 23 each year to remind people of the tragedy of the transatlantic slave trade.
US,2035,2035-08-26,Women's Equality Day,,Observance,Women's Equality Day on August 26 is an annual observance that commemorates the anniversary of the first time voting rights were extended to women in the United States.
US,2035,2035-08-29,International Day against Nuclear Tests,,United Nations observance,The United Nations’ (UN) International Day against Nuclear Tests is annually observed on August 29. The day raises awareness of the dangers of nuclear weapons and a closer approach to eliminating the use of those weapons.
US,2035,2035-08-30,International Day of the Victims of Enforced Disappearances,,United Nations observance,The International Day of the Victims of Enforced Disappearances is annually observed on August 30.
US,2035,2035-08-31,International Day for People of African Descent,,United Nations observance,International Day for People of African Descent is a United Nations observance in the USA
US,2035,2035-08-31,International Overdose Awareness Day,,Worldwide observance, International Overdose Awareness Day is an annual observation which aims to raise global awareness of about the impact of drug overdose on families and communities. The campaign also attempts to remove the stigma associated with overdose.
US,2035,2035-09-03,Labor Day,,National holiday,Labor Day is a federal holiday in the United States. It gives workers a day of rest and it celebrates their contribution to the American economy.
US,2035,2035-09-04,World Sexual Health Day,,Worldwide observance, World Sexual Health Day is an annual awareness day that attempts to break down social and cultural taboos associated with sexuality and to promote sexual health around the world.
US,2035,2035-09-05,International Day of Charity,,United Nations observance,The International Day of Charity raises public awareness of what charities do to help minimize poverty.
US,2035,2035-09-07,International Day of Clean Air for Blue Skies,,United Nations observance,International Day of Clean Air for Blue Skies is a United Nations observance in the USA
US,2035,2035-09-07,Still's Disease Awareness Day,,Worldwide observance,Still's Disease Awareness Day is a worldwide observance in the USA
US,2035,2035-09-08,Carl Garner Federal Lands Cleanup Day,,Observance,Carl Garner Federal Lands Cleanup Day encourages people in the United States to participate in cleaning up the federal lands. It is observed on the first Saturday after Labor Day.
US,2035,2035-09-08,International Literacy Day,,United Nations observance,The United Nations' (UN) International Literacy Day is held on September 8 each year.
US,2035,2035-09-09,International Day to Protect Education from Attack,,United Nations observance,International Day to Protect Education from Attack is a United Nations observance in the USA
US,2035,2035-09-09,National Grandparents Day,,Observance,National Grandparents Day is celebrated on the first Sunday of September after Labor Day in the United States.
US,2035,2035-09-10,World Suicide Prevention Day,,Worldwide observance,World Suicide Prevention Day promotes worldwide action to prevent suicides on September 10 each year.
US,2035,2035-09-11,Patriot Day,,Observance,"Patriot Day is held in memory of nearly 3000 people who died during terrorist attacks in New York, Washington DC and Shanksville, Pennsylvania, in the United States."
US,2035,2035-09-12,International Day for South-South Cooperation,,United Nations observance,The United Nations Day for South-South Cooperation is observed on September 12 each year.
US,2035,2035-09-13,International Programmers' Day,,Worldwide observance,"Many people celebrate International Programmers’ Day on January 7, while others observe this event on the 256th day of the year, usually on September 13 or on September 12 in leap years."
US,2035,2035-09-15,First Day of National Hispanic Heritage Month,,Observance,First Day of National Hispanic Heritage Month is a annual monthly observance in the USA
US,2035,2035-09-15,International Day of Democracy,,United Nations observance,The United Nations’ (UN) International Day of Democracy is observed on September 15 each year.
US,2035,2035-09-16,International Day for the Preservation of the Ozone Layer,,United Nations observance,The United Nations' (UN) International Day for the Preservation of the Ozone Layer focuses on the importance of protecting human health and the environment.
US,2035,2035-09-17,Constitution Day and Citizenship Day,,Observance,Constitution Day and Citizenship Day is a combined event that occurs in the United States on September 17 each year.
US,2035,2035-09-17,World Patient Safety Day,,United Nations observance,World Patient Safety Day is a United Nations observance in the USA
US,2035,2035-09-18,Air Force Birthday,,Observance,Air Force Birthday is a observance in the USA
US,2035,2035-09-18,International Equal Pay Day,,United Nations observance,International Equal Pay Day is a United Nations observance in the USA
US,2035,2035-09-21,International Day of Peace,,United Nations observance,"The United Nations' (UN) International Day of Peace is annually held on September 21 to recognize the efforts of individuals, organizations and governments to end conflict and promote peace."
US,2035,2035-09-21,National POW/MIA Recognition Day,,Observance,National POW/MIA Recognition Day is annually observed in the United States on the third Friday of September.
US,2035,2035-09-22,National Public Lands Day,,Observance,National Public Lands Day is a observance in the USA
US,2035,2035-09-23,International Celebrate Bisexuality Day,,Worldwide observance,"International Celebrate Bisexuality Day, also known as Bi Visibility Day, promotes the rights of bisexual people around the world."
US,2035,2035-09-23,International Day of Sign Languages,,United Nations observance,International Day of Sign Languages is a United Nations observance in the USA
US,2035,2035-09-26,International Day for the Total Elimination of Nuclear Weapons,,United Nations observance,The International Day for the Total Elimination of Nuclear Weapons raises awareness about the dangers of nuclear weapons.
US,2035,2035-09-27,World Maritime Day,,United Nations observance,"World Maritime Day is held on the last week of September each year, although the exact date is up to individual governments around the world."
US,2035,2035-09-27,World Tourism Day,,United Nations observance,The United Nations’ (UN) World Tourism Day is annually held on September 27 to raise awareness on the benefits of tourism.
US,2035,2035-09-28,International Day for Universal Access to Information,,United Nations observance,International Day for Universal Access to Information is a United Nations observance in the USA
US,2035,2035-09-28,World Rabies Day,,Worldwide observance,World Rabies Day is annually observed on September 28 to raise awareness about rabies and how it can be prevented.
US,2035,2035-09-29,International Day of Awareness of Food Loss and Waste,,United Nations observance,International Day of Awareness of Food Loss and Waste is a United Nations observance in the USA
US,2035,2035-09-29,World Heart Day,,Worldwide observance,World Heart Day raises awareness of cardiovascular diseases and ways to reduce their risk.
US,2035,2035-09-30,Gold Star Mother's Day,,Observance,Gold Star Mother’s Day is annually observed in the United States on the last Sunday of September.
US,2035,2035-09-30,International Translation Day,,United Nations observance,International Translation Day is a United Nations observance in the USA
US,2035,2035-09-30,Isra and Mi'raj,,Muslim,"Isra and Mi'raj (Isra Me'raj, Israa and Mi'raaj, Laylat Al-Isra wa Al-Miraj, Lailat al Miraj, Night Journey and Ascension to Heaven) marks the night when the Prophet Mohammad traveled from Mecca to Jerusalem, ascended to heaven and returned."
US,2035,2035-10-01,Child Health Day,,Observance,Child Health Day is annually celebrated in the United States on the first Monday of October.
US,2035,2035-10-01,International Day of Older Persons,,United Nations observance,The United Nations' (UN) International Day of Older Persons is celebrated on October 1 each year as a special day for older persons worldwide.
US,2035,2035-10-01,World Habitat Day,,United Nations observance,The United Nations’ (UN) World Habitat Day reflects on the state of human settlements and people’s right to sufficient shelter.
US,2035,2035-10-01,World Vegetarian Day,,Worldwide observance,"World Vegetarian Day is an annual observation that spreads awareness about the health, environmental, and ethical benefits of following a vegetarian lifestyle. The unofficial holiday encourages people to avoid eating foods that include animal products and to adopt a plant-based diet."
US,2035,2035-10-02,International Day of Non-Violence,,United Nations observance,The United Nations’ (UN) International Day of Non-Violence is a globally observed on October 2 each year to promote non-violence.
US,2035,2035-10-04,Feast of St Francis of Assisi,,Christian,"Many Catholics in the United States, particularly those with pets, celebrate the Feast of St Francis of Assisi, the patron saint of animals and the environment, on October 4 each year."
US,2035,2035-10-04,Rosh Hashana,,Hebrew,Rosh Hashanah is the Jewish New Year. Many Jewish-run organizations in the US are closed during the two-day celebration.
US,2035,2035-10-05,World Teachers' Day,,United Nations observance,The United Nations' (UN) World Teachers' Day commemorates the work of teachers and their contributions to society. It is observed on October 5 each year.
US,2035,2035-10-06,German American Day,,Observance,German American Day is a observance in the USA
US,2035,2035-10-06,World Cerebral Palsy Day,,Worldwide observance,"World Cerebral Palsy Day is an annual awareness observation that brings together people with cerebral palsy, their families and loved ones, and organizations working to ensure equal rights for them."
US,2035,2035-10-08,Columbus Day,,National holiday,Columbus Day celebrates 15th century explorer Christopher Columbus's arrival in America in 1492.
US,2035,2035-10-09,Leif Erikson Day,,Observance,Leif Erikson Day honors the first Scandinavian known to have set foot on American soil and the contribution of the Nordic peoples to the United States.
US,2035,2035-10-09,World Post Day,,United Nations observance,World Post Day marks the anniversary of the Universal Postal Union's establishment in 1874. It is held on October 9 each year.
US,2035,2035-10-10,International Day for Natural Disaster Reduction,,United Nations observance,The United Nations’ (UN) International Day for Natural Disaster Reduction is annually observed on the second Wednesday of October to promote a global culture of natural disaster risk reduction.
US,2035,2035-10-10,World Mental Health Day,,United Nations observance,"World Mental Health Day, which is supported by the United Nations (UN), is annually held on October 10 to raise public awareness about mental health issues worldwide."
US,2035,2035-10-11,International Day of the Girl Child,,United Nations observance,The International Day of the Girl Child is a United Nations (UN) observance on October 11 each year.
US,2035,2035-10-11,World Sight Day,,Worldwide observance,World Sight Day is annually held on the second Thursday of October to raise awareness about blindness and vision impairment.
US,2035,2035-10-13,Navy Birthday,,Observance,"Navy Birthday celebrates the establishment of the United States Navy on October 13, 1775."
US,2035,2035-10-13,World Migratory Bird Day,,United Nations observance,World Migratory Bird Day is observed the second weekend of May every year.
US,2035,2035-10-13,Yom Kippur,,Hebrew,Yom Kippur is an important Jewish holiday that falls on the 10th day of the month of Tishrei in the Jewish calendar.
US,2035,2035-10-15,International Day of Rural Women,,United Nations observance,The United Nations’ (UN) International Day of Rural Women is annually celebrated on October 15 to recognize rural women’s role in supporting their communities.
US,2035,2035-10-15,White Cane Safety Day,,Observance,White Cane Safety Day is a United States observance annually held on October 15 to celebrate blind and visually impaired people's achievements and the importance of the white cane.
US,2035,2035-10-16,Boss's Day,,Observance,"Boss’s Day is observed in many workplaces in the United States on October 16, or the nearest working day, each year."
US,2035,2035-10-16,World Food Day,,United Nations observance,World Food Day is celebrated on October 16 each year.
US,2035,2035-10-17,International Day for the Eradication of Poverty,,United Nations observance,The United Nations’ (UN) International Day for the Eradication of Poverty is annually observed on October 17 to promote awareness of the need to eradicate poverty worldwide.
US,2035,2035-10-18,First Day of Sukkot,,Hebrew,"The first day of Sukkot marks the start of the Sukkot festival for Jewish communities in many countries, including the United States."
US,2035,2035-10-20,Sweetest Day,,Observance,Sweetest Day is a observance in the USA
US,2035,2035-10-24,Last Day of Sukkot,,Hebrew,"Many Jewish communities in countries such as the United States observe the last day of Sukkot, which marks the end of the Sukkot festival."
US,2035,2035-10-24,United Nations Day,,United Nations observance,United Nations Day marks the anniversary of the United Nations Charter coming into force in 1945 and celebrates the work of this organization. United Nations Day annually falls on October 24.
US,2035,2035-10-24,World Development Information Day,,United Nations observance,The United Nations' (UN) World Development Information Day falls on October 24 each year.
US,2035,2035-10-25,Shmini Atzeret,,Hebrew,"Shemini Atzeret (or Shmini Atzeret) is a Jewish holiday dedicated to the love of God, while Simchat Torah (Simchas Torah or Simhat Torah) marks the end of Sukkot and celebrates the completion of the annual reading of the Torah."
US,2035,2035-10-26,Simchat Torah,,Hebrew,Simchat Torah (Simchas Torah or Simhat Torah) is a Jewish holiday that marks the end of Sukkot and celebrates the completion of the annual reading of the Torah.
US,2035,2035-10-27,World Day for Audiovisual Heritage,,United Nations observance,The World Day for Audiovisual Heritage is observed on October 27 every year.
US,2035,2035-10-29,World Stroke Day,,Worldwide observance,World Stroke Day is annually held on October 29 to raise awareness about stroke and ways to combat it.
US,2035,2035-10-31,Halloween,,Observance,"Halloween is celebrated by hosting costume parties, playing 'trick-or-treat', watching horror films, visiting haunted houses or carving lanterns out of pumpkins."
US,2035,2035-10-31,World Cities Day,,United Nations observance,World Cities Day is a UN observance that aims to recognize the role of cities as  a foundation for social and economic development.
US,2035,2035-11-01,All Saints' Day,,Christian,"Many Catholics honor all the saints on All Saints' Day, also known as All Hallows' Day, in the United States."
US,2035,2035-11-01,First Day of Native American Heritage Month,,Observance,First Day of Native American Heritage Month is a annual monthly observance in the USA
US,2035,2035-11-01,World Vegan Day,,Worldwide observance,World Vegan Day is an annual observation that brings together vegans around the world to bring attention to animal rights and to spread the word about the health advantages of following a vegan diet.
US,2035,2035-11-02,All Souls' Day,,Christian,"Prayers for the dead are made on All Souls’ Day in the United States, which falls on November 2 each year. The Day of the Dead is also celebrated on this day."
US,2035,2035-11-02,International Day to End Impunity for Crimes against Journalists,,United Nations observance,The International Day to End Impunity for Crimes against Journalists raises awareness about violence against journalists.
US,2035,2035-11-02,Ramadan Starts,,Muslim,"Many Muslims in the United States fast in the hours of daylight during Ramadan, the ninth month in the Islamic calendar."
US,2035,2035-11-04,New York City Marathon,,Sporting event,The New York City Marathon is one of the world's largest marathons and takes place every year in November.
US,2035,2035-11-05,World Tsunami Awareness Day,,United Nations observance,World Tsunami Awareness Day is a United Nations observance in the USA
US,2035,2035-11-06,Election Day,,Observance,Election Day in the United States of America is the day on which popular ballots are held to select public officials.
US,2035,2035-11-06,International Day for Preventing the Exploitation of the Environment in War and Armed Conflict,,United Nations observance,The United Nations’ (UN) International Day for Preventing the Exploitation of the Environment in War and Armed Conflict is held on November 6 each year.
US,2035,2035-11-10,Marine Corps Birthday,,Observance,"Marine Corps Birthday celebrates the establishment of the United States Marine Corps on November 10, 1775."
US,2035,2035-11-10,World Science Day for Peace and Development,,United Nations observance,The World Science Day for Peace and Development (WSDPD) is celebrated on November 10 each year.
US,2035,2035-11-11,Singles’ Day,,Worldwide observance,
US,2035,2035-11-11,Veterans Day,,National holiday,Veterans Day in the USA is a holiday to honor all who have served in the United States Military Services.
US,2035,2035-11-12,Veterans Day (substitute),,National holiday,Veterans Day in the USA is a holiday to honor all who have served in the United States Military Services.
US,2035,2035-11-12,World Pneumonia Day,,Worldwide observance,"World Pneumonia Day supports all efforts made to protect and treat people against pneumonia, the single largest cause of child deaths worldwide."
US,2035,2035-11-14,World Diabetes Day,,United Nations observance,World Diabetes Day is held annually to raise awareness of diabetes and its complications and the care that people with this condition need. It is observed on November 14 each year.
US,2035,2035-11-15,World Philosophy Day,,United Nations observance,World Philosophy Day is celebrated on the third Thursday of November each year.
US,2035,2035-11-16,Fake Friday,,Worldwide observance,"Many early-bird shoppers look for bargains on Fake Friday to get ahead of the crowds in stores on Black Friday, observed a week later."
US,2035,2035-11-16,International Day for Tolerance,,United Nations observance,The United Nations’ (UN) International Day for Tolerance is observed on November 16 each year to help people understand the importance of tolerance worldwide.
US,2035,2035-11-17,World Prematurity Day,,Worldwide observance, World Prematurity Day is an annual observance that is dedicated to raising awareness about the health and emotional issues surrounding preterm birth.
US,2035,2035-11-18,World Day of Remembrance for Road Traffic Victims,,United Nations observance,The World Day of Remembrance for Road Traffic Victims serves as a major advocacy day for road traffic injury prevention.
US,2035,2035-11-19,International Men's Day,,Worldwide observance,International Men’s Day celebrates men's achievements worldwide and throughout history.
US,2035,2035-11-19,World Toilet Day,,United Nations observance,World Toilet Day aims to promote public awareness of the need for adequate toilets to improve people’s health and save lives.
US,2035,2035-11-20,Africa Industrialization Day,,United Nations observance,Africa Industrialization Day aims to stimulate the international community's commitment to the industrialization of Africa.
US,2035,2035-11-20,Transgender Day of Remembrance,,Worldwide observance,Transgender Day of Remembrance is a worldwide observance in the USA
US,2035,2035-11-20,Universal Children's Day,,United Nations observance,The United Nations' (UN) Universal Children's Day is an occasion to promote the welfare of children and an understanding between children all over the world. It is held on November 20 each year
US,2035,2035-11-21,World Television Day,,United Nations observance,The United Nations’ (UN) World Television Day is globally celebrated on November 21 each year.
US,2035,2035-11-22,Thanksgiving Day,,National holiday,Thanksgiving Day in the United States is traditionally a holiday to give thanks for the food collected at the end of the harvest season.
US,2035,2035-11-23,Black Friday,,Observance,Black Friday is the day after Thanksgiving Day in the USA. It is a busy shopping day and is a holiday in some states.
US,2035,2035-11-23,Native American Heritage Day,,Observance,Native American Heritage Day is a observance in the USA
US,2035,2035-11-25,International Day for the Elimination of Violence against Women,,United Nations observance,The United Nations' (UN) International Day for the Elimination of Violence against Women raises public awareness of violence against women in all countries around the world and at all levels of society. It is observed each year on November 25.
US,2035,2035-11-26,Cyber Monday,,Observance,Most online retailers in the US offer discounted prices on their products and services on Cyber Monday.
US,2035,2035-11-27,Giving Tuesday,,Worldwide observance,
US,2035,2035-11-27,Giving Tuesday,,Observance,The first Tuesday after Thanksgiving has been dubbed “Giving Tuesday” by charities.
US,2035,2035-11-27,Lailat al-Qadr,,Muslim,Laylat al Qadr is most likely to be held on one of the last 10 days of month of Ramadan in the Islamic calendar.
US,2035,2035-11-29,International Day of Solidarity with the Palestinian People,,United Nations observance,The United Nations’ (UN) International Day of Solidarity with the Palestinian People is annually observed on November 29.
US,2035,2035-11-30,Day of Remembrance for all Victims of Chemical Warfare,,United Nations observance,The UN’s Day of Remembrance for all Victims of Chemical Warfare is annually observed on April 29.
US,2035,2035-12-01,World AIDS Day,,United Nations observance,The United Nations' (UN) World AIDS Day is annually observed on December 1.
US,2035,2035-12-02,Eid al-Fitr,,Muslim,"Eid al-Fitr is a holiday to mark the end of the Islamic month of Ramadan, during which Muslims fast during the hours of daylight."
US,2035,2035-12-02,First Sunday of Advent,,Christian,"Many Christians in the United States observe the first Sunday of Advent, which marks the start of the Christian year."
US,2035,2035-12-02,International Day for the Abolition of Slavery,,United Nations observance,The United Nations’ (UN) International Day for the Abolition of Slavery is annually observed on December 2.
US,2035,2035-12-03,International Day of Persons with Disabilities,,United Nations observance,The United Nations' (UN) International Day of Persons with Disabilities is annually observed on December 3 to re-affirm and draw attention to the rights of people who live with disabilities.
US,2035,2035-12-04,International Day of Banks,,United Nations observance,International Day of Banks is a United Nations observance in the USA
US,2035,2035-12-05,International Volunteer Day for Economic and Social Development,,United Nations observance,"The United Nations’ (UN) International Volunteer Day for Economic and Social Development, also known as International Volunteer Day (IVD), is observed on December 5 each year."
US,2035,2035-12-05,World Soil Day,,United Nations observance,World Soil Day raises awareness of why soil is needed for sustainable living.
US,2035,2035-12-06,St Nicholas Day,,Observance,Some churches in the United States recognize St Nicholas' Day as a feast day.
US,2035,2035-12-07,International Civil Aviation Day,,United Nations observance,International Civil Aviation Day is observed globally on December 7 each year. It is observed by organizations such as the International Civil Aviation Organization (ICAO).
US,2035,2035-12-07,Pearl Harbor Remembrance Day,,Observance,"National Pearl Harbor Remembrance Day remembers those who died or were injured when Pearl Harbor, in Hawaii, was attacked in 1941."
US,2035,2035-12-08,Feast of the Immaculate Conception,,Christian,The Feast of the Immaculate Conception is a Christian observance on December 8 each year.
US,2035,2035-12-09,International Anti-Corruption Day,,United Nations observance,The United Nations’ (UN) International Anti-Corruption Day is annually observed on December 9 to raise public awareness of corruption and ways to fight it.
US,2035,2035-12-09,World Genocide Commemoration Day,,United Nations observance,World Genocide Commemoration Day is a UN holiday dedicated to the victims of genocide.
US,2035,2035-12-10,Green Monday,,Worldwide observance,The last Monday at least ten days before Christmas has been dubbed “Green Monday” by online marketers.
US,2035,2035-12-10,Human Rights Day,,United Nations observance,Human Rights Day marks the anniversary of when the Universal Declaration of Human Rights was proclaimed.
US,2035,2035-12-11,International Mountain Day,,United Nations observance,"The United Nations' (UN) International Mountain Day is an occasion to help raise awareness of the people who live in mountainous regions and the role that these regions play in providing food, water, and recreation. It is observed on December 11 each year."
US,2035,2035-12-12,Feast of Our Lady of Guadalupe,,Christian,"The Feast of Our Lady Guadalupe, in honor of Jesus’ mother Mary, is a Catholic observance in the United States."
US,2035,2035-12-12,International Day of Neutrality,,United Nations observance,International Day of Neutrality is a United Nations observance in the USA
US,2035,2035-12-12,International Universal Health Coverage Day,,United Nations observance,International Universal Health Coverage Day is a United Nations observance in the USA
US,2035,2035-12-13,National Guard Birthday,,Observance,National Guard Birthday is a observance in the USA
US,2035,2035-12-15,Bill of Rights Day,,Observance,Bill of Rights Day is a observance in the USA
US,2035,2035-12-17,Pan American Aviation Day,,Observance,"December 17 marks Pan American Aviation Day, which is annually observed in the United States."
US,2035,2035-12-17,Wright Brothers Day,,Observance,The Wright Brothers Day is annually celebrated in the United States on December 17 to commemorate the historic flight made by Orville and Wilbur Wright on that date in 1903.
US,2035,2035-12-18,Arabic Language Day,,United Nations observance,World Arabic Language Day is a United Nations (UN) observance that celebrates one of the organization’s 6 official languages – Arabic.
US,2035,2035-12-18,International Migrants Day,,United Nations observance,The United Nations (UN) International Migrants Day is celebrated on December 18 each year.
US,2035,2035-12-20,International Human Solidarity Day,,United Nations observance,The United Nations' (UN) International Human Solidarity Day is celebrated on December 20 each year to raise public awareness on the importance of solidarity in fighting poverty.
US,2035,2035-12-22,Super Saturday,,Worldwide observance,"The final Saturday before Christmas has become a very popular shopping day in the US, earning the nickname Super Saturday."
US,2035,2035-12-24,Christmas Eve,,"Observance, Christian",Christmas Eve in the United States is on December 24 each year.
US,2035,2035-12-25,Christmas Day,,"Local holiday, Christian",Christmas Day celebrates Jesus Christ's birth.
US,2035,2035-12-25,Christmas Day,,"National holiday, Christian",Christmas Day celebrates Jesus Christ's birth.
US,2035,2035-12-26,Chanukah/Hanukkah (first day),,Hebrew,"The first day of Hanukkah is the start of the Hanukkah period, which lasts for eight days, from the 25th day of the month of Kislev to the second day of Tevet in the Hebrew calendar."
US,2035,2035-12-26,Kwanzaa (first day),,Observance,"Kwanzaa is a week-long holiday honoring the culture and traditions of African people and their descendants worldwide, especially in the United States."
US,2035,2035-12-27,International Day of Epidemic Preparedness,,United Nations observance,International Day of Epidemic Preparedness is a United Nations observance in the USA
US,2035,2035-12-31,New Year's Eve,,Observance,New Year's Eve is the last day of the year in the Gregorian calendar. Many parties to welcome the New Year are held in in the United States on New Year's Eve.
